model,params,n_train,fit_seconds,total_seconds,threshold,accuracy,precision,recall,f1,auc,collapsed,tn,fp,fn,tp,n_support_vectors
IF,"{'n_estimators': 100, 'max_samples': 256}",64916,0.22898173332214355,0.548346757888794,0.60462834156012,0.5611886495979296,0.9728571428571429,0.12588963859876143,0.22293150012275964,0.8492735813994409,False,21562,76,18914,2724,
IF,"{'n_estimators': 100, 'max_samples': 1024}",64916,0.2989192008972168,0.6780800819396973,0.611495794894669,0.5792356040299473,0.9529722589167767,0.16669747666142898,0.2837588010856311,0.865670596750755,False,21460,178,18031,3607,
IF,"{'n_estimators': 200, 'max_samples': 256}",64916,0.5692212581634521,1.1639447212219238,0.6048590634924682,0.5344301691468712,0.9769526248399488,0.07052407801090674,0.13155172413793104,0.8434706321559072,False,21602,36,20112,1526,
IF,"{'n_estimators': 200, 'max_samples': 1024}",64916,0.5891435146331787,1.2955749034881592,0.6116274118372655,0.581615676125335,0.968186638388123,0.1687771513078843,0.28744588744588745,0.8746888977936675,False,21518,120,17986,3652,
OCSVM,"{'nu': 0.001, 'gamma': 'scale'}",20000,0.04605984687805176,0.25383925437927246,-4.26135153581472,0.7171411405860061,0.9986203969011992,0.4348830760698771,0.6059045104793793,0.8525819409239039,False,21625,13,12228,9410,38.0
OCSVM,"{'nu': 0.001, 'gamma': 0.01}",20000,0.02844834327697754,0.18195128440856934,-18.903922659283428,0.6886033829374248,0.9975615703486954,0.3781310657177188,0.5483914209115281,0.8219704974835662,False,21618,20,13456,8182,26.0
OCSVM,"{'nu': 0.001, 'gamma': 0.1}",20000,0.02692270278930664,0.17322874069213867,-11.662188018224995,0.6996025510675663,0.9981545559400231,0.39994454200942786,0.571070344463508,0.8449306942139403,False,21622,16,12984,8654,28.0
OCSVM,"{'nu': 0.01, 'gamma': 'scale'}",20000,0.1956462860107422,1.0043294429779053,-46.970436102026426,0.71732600055458,0.997355896351137,0.4358073759127461,0.6065673945904223,0.8580896923856822,False,21613,25,12208,9430,213.0
OCSVM,"{'nu': 0.01, 'gamma': 0.01}",20000,0.20575714111328125,0.9855666160583496,-189.7640656086609,0.6985627137443386,0.992548435171386,0.4001294019780017,0.5703369454234051,0.8069605395389099,False,21573,65,12980,8658,204.0
OCSVM,"{'nu': 0.01, 'gamma': 0.1}",20000,0.21059489250183105,0.9991858005523682,-121.15612873118593,0.7016360107218782,0.9957954545454546,0.404981976153064,0.5757934161245811,0.829154938172508,False,21601,37,12875,8763,208.0
OCSVM,"{'nu': 0.05, 'gamma': 'scale'}",20000,1.0760655403137207,4.678403377532959,-245.77196182921708,0.7150614659395508,0.9967972670011743,0.43150938164340513,0.6022899532333494,0.8646246947510235,False,21608,30,12301,9337,1008.0
OCSVM,"{'nu': 0.05, 'gamma': 0.01}",20000,1.0808794498443604,4.659017324447632,-952.5585448673211,0.6965523615860986,0.9962660443407234,0.3945836029207875,0.565280720338983,0.840701956222224,False,21606,32,13100,8538,1004.0
OCSVM,"{'nu': 0.05, 'gamma': 0.1}",20000,0.9949874877929688,4.567824840545654,-623.7138668670069,0.6985396062482669,0.9967622571692877,0.3983732322765505,0.569239912831011,0.8485982953156538,False,21610,28,13018,8620,1003.0
LOF,{'n_neighbors': 10},20000,0.25423645973205566,0.9671590328216553,186.04192474365234,0.5928921342083372,0.9987593052109182,0.18601534337739162,0.31362007168458783,0.7793197057898666,False,21633,5,17613,4025,
LOF,{'n_neighbors': 20},20000,0.2284834384918213,1.0530147552490234,102.10170463562012,0.5905351696090212,0.9974606399187405,0.18153248913947684,0.30716296527994996,0.7917555049044064,False,21628,10,17710,3928,
LOF,{'n_neighbors': 50},20000,0.291245698928833,1.1679165363311768,45.48282466888428,0.5765089194934837,0.997595431319507,0.153387558924115,0.2658922491488083,0.6972586748069071,False,21630,8,18319,3319,
