neuron,rate_normal,rate_attack,delta_median,folds_large_sig
0,0.40084445,0.36703333,-0.07084249999999997,2
1,0.4479,0.33744442,-0.175684,3
2,0.46624443,0.38751113,-0.16181049999999997,2
3,0.45446667,0.3388,-0.17289100000000002,4
4,0.4530222,0.35202223,-0.14732,2
5,0.4807111,0.3919,-0.16122749999999997,2
6,0.49598888,0.3780111,-0.16738950000000002,4
7,0.43256667,0.3932111,-0.06903150000000002,1
8,0.47128886,0.4130667,-0.05862600000000001,2
9,0.40647778,0.48394445,0.033121999999999985,7
10,0.5092222,0.3888889,-0.15597999999999995,5
11,0.4682111,0.3947667,-0.11973499999999998,3
12,0.41163334,0.3821111,-0.024502999999999997,5
13,0.43812224,0.39436668,-0.025378500000000026,3
14,0.3972111,0.4194778,0.014607499999999995,2
15,0.43514445,0.41243333,-0.059858999999999996,2
16,0.46177778,0.4228,-0.06761650000000002,9
17,0.4941222,0.3730889,-0.1649255,3
18,0.44274443,0.48575553,0.05334249999999996,0
19,0.4214,0.4674111,0.061118000000000006,4
20,0.45322222,0.396,-0.0342075,6
21,0.44287777,0.36395556,-0.13922400000000001,4
22,0.43583333,0.39246666,-0.07067699999999999,1
23,0.44265556,0.41357777,-0.07626700000000003,5
24,0.44975555,0.4800111,0.00673199999999996,3
25,0.44003335,0.4487,0.02371500000000004,3
26,0.45916665,0.41508886,-0.09555799999999998,3
27,0.43039998,0.43636668,-0.035743000000000025,2
28,0.41104445,0.4563333,0.03166800000000003,8
29,0.43657777,0.39652222,-0.10472300000000001,2
30,0.45715556,0.4689111,-0.03781000000000001,8
31,0.4405333,0.43853334,-0.0047219999999999485,1
