unit,subtype,n,auc_latent,auc_input,pct_identical,auc_dense
s0_f0,ddos-http-flood-attacks,257,0.999941634241245,1.0,0.0,1.0
s0_f0,ddos-icmp-flood-attacks,239,1.0,1.0,0.0,1.0
s0_f0,ddos-tcp-syn-flood-attacks,266,1.0,1.0,0.0,1.0
s0_f0,ddos-udp-flood-attacks,238,1.0,1.0,0.0,1.0
s0_f1,ddos-http-flood-attacks,258,0.9936472868217054,0.9999961240310078,0.7751937984496124,0.996062015503876
s0_f1,ddos-icmp-flood-attacks,253,1.0,1.0,0.0,1.0
s0_f1,ddos-tcp-syn-flood-attacks,245,1.0,1.0,0.0,1.0
s0_f1,ddos-udp-flood-attacks,244,0.999202868852459,1.0,71.31147540983606,1.0
s0_f2,ddos-http-flood-attacks,251,0.9980079681274899,0.9999840637450199,0.0,0.9994980079681275
s0_f2,ddos-icmp-flood-attacks,234,1.0,1.0,0.0,1.0
s0_f2,ddos-tcp-syn-flood-attacks,261,1.0,1.0,0.0,1.0
s0_f2,ddos-udp-flood-attacks,254,1.0,1.0,0.0,1.0
s0_f3,ddos-http-flood-attacks,255,0.9946235294117647,0.9989333333333333,0.0,0.9998941176470588
s0_f3,ddos-icmp-flood-attacks,259,1.0,1.0,0.0,1.0
s0_f3,ddos-tcp-syn-flood-attacks,244,0.9999836065573771,0.9980081967213115,0.0,0.9980122950819672
s0_f3,ddos-udp-flood-attacks,242,0.9983347107438016,1.0,42.561983471074385,1.0
s0_f4,ddos-http-flood-attacks,255,0.9997529411764706,1.0,0.0,0.9997137254901961
s0_f4,ddos-icmp-flood-attacks,225,1.0,1.0,0.0,1.0
s0_f4,ddos-tcp-syn-flood-attacks,286,0.9999999999999999,1.0,0.0,1.0
s0_f4,ddos-udp-flood-attacks,234,1.0,1.0,0.0,1.0
s0_f5,ddos-http-flood-attacks,238,0.9907773109243698,0.9978151260504201,0.42016806722689076,0.9994705882352941
s0_f5,ddos-icmp-flood-attacks,256,1.0,1.0,0.0,1.0
s0_f5,ddos-tcp-syn-flood-attacks,275,1.0,0.9980072727272727,0.0,1.0
s0_f5,ddos-udp-flood-attacks,231,0.999991341991342,1.0,0.0,1.0
s0_f6,ddos-http-flood-attacks,256,0.9999960937500001,1.0,0.0,1.0
s0_f6,ddos-icmp-flood-attacks,260,1.0,1.0,0.0,1.0
s0_f6,ddos-tcp-syn-flood-attacks,249,1.0,1.0,0.0,1.0
s0_f6,ddos-udp-flood-attacks,235,0.9975212765957446,1.0,87.2340425531915,1.0
s0_f7,ddos-http-flood-attacks,256,0.9981796875,1.0,0.0,0.99998046875
s0_f7,ddos-icmp-flood-attacks,270,1.0,1.0,0.0,1.0
s0_f7,ddos-tcp-syn-flood-attacks,233,0.9999999999999999,1.0,0.0,1.0
s0_f7,ddos-udp-flood-attacks,241,1.0,1.0,0.0,1.0
s0_f8,ddos-http-flood-attacks,266,0.9999473684210527,1.0,0.0,1.0
s0_f8,ddos-icmp-flood-attacks,230,1.0,1.0,0.0,1.0
s0_f8,ddos-tcp-syn-flood-attacks,248,1.0,1.0,0.0,1.0
s0_f8,ddos-udp-flood-attacks,256,1.0,1.0,0.0,1.0
s0_f9,ddos-http-flood-attacks,257,0.9979105058365758,1.0,0.38910505836575876,1.0
s0_f9,ddos-icmp-flood-attacks,263,1.0,1.0,0.0,1.0
s0_f9,ddos-tcp-syn-flood-attacks,237,1.0,1.0,0.0,1.0
s0_f9,ddos-udp-flood-attacks,243,1.0,1.0,0.0,1.0
s1_f0,ddos-http-flood-attacks,243,0.9929958847736626,0.9995843621399177,0.0,0.9970329218106996
s1_f0,ddos-icmp-flood-attacks,242,1.0,1.0,0.0,1.0
s1_f0,ddos-tcp-syn-flood-attacks,273,1.0,1.0,0.0,1.0
s1_f0,ddos-udp-flood-attacks,242,1.0,1.0,0.0,1.0
s1_f1,ddos-http-flood-attacks,255,0.9999254901960785,1.0,0.0,0.9923294117647059
s1_f1,ddos-icmp-flood-attacks,255,1.0,1.0,0.0,1.0
s1_f1,ddos-tcp-syn-flood-attacks,261,1.0,1.0,0.0,1.0
s1_f1,ddos-udp-flood-attacks,229,0.9990917030567685,1.0,88.64628820960698,0.9992751091703057
s1_f2,ddos-http-flood-attacks,246,0.9976544715447154,1.0,0.0,0.9998536585365854
s1_f2,ddos-icmp-flood-attacks,270,1.0,1.0,0.0,1.0
s1_f2,ddos-tcp-syn-flood-attacks,250,0.9999999999999999,1.0,0.0,1.0
s1_f2,ddos-udp-flood-attacks,234,1.0,1.0,0.0,1.0
s1_f3,ddos-http-flood-attacks,264,0.9978409090909091,1.0,0.7575757575757576,0.9999848484848485
s1_f3,ddos-icmp-flood-attacks,238,1.0,1.0,0.0,1.0
s1_f3,ddos-tcp-syn-flood-attacks,245,1.0,1.0,0.0,1.0
s1_f3,ddos-udp-flood-attacks,253,1.0,1.0,0.0,1.0
s1_f4,ddos-http-flood-attacks,255,0.999556862745098,1.0,0.0,0.9998627450980392
s1_f4,ddos-icmp-flood-attacks,237,1.0,1.0,0.0,1.0
s1_f4,ddos-tcp-syn-flood-attacks,256,1.0,1.0,0.0,1.0
s1_f4,ddos-udp-flood-attacks,252,1.0,1.0,0.0,1.0
s1_f5,ddos-http-flood-attacks,258,0.9987480620155038,0.999031007751938,0.0,0.9992945736434109
s1_f5,ddos-icmp-flood-attacks,255,1.0,1.0,0.0,1.0
s1_f5,ddos-tcp-syn-flood-attacks,236,1.0,0.999,0.0,1.0
s1_f5,ddos-udp-flood-attacks,251,0.9989999999999999,1.0,0.0,1.0
s1_f6,ddos-http-flood-attacks,250,0.998724,0.998452,0.0,0.995892
s1_f6,ddos-icmp-flood-attacks,263,1.0,1.0,0.0,1.0
s1_f6,ddos-tcp-syn-flood-attacks,244,1.0,0.9980163934426229,0.0,0.998
s1_f6,ddos-udp-flood-attacks,243,0.9999506172839506,1.0,0.0,1.0
s1_f7,ddos-http-flood-attacks,264,0.9983787878787879,0.9999924242424243,0.0,0.9998674242424243
s1_f7,ddos-icmp-flood-attacks,249,0.9999999999999999,1.0,0.0,1.0
s1_f7,ddos-tcp-syn-flood-attacks,248,1.0,1.0,0.0,1.0
s1_f7,ddos-udp-flood-attacks,239,1.0,1.0,0.0,1.0
s1_f8,ddos-http-flood-attacks,270,0.9998777777777779,0.999,0.0,0.9999703703703704
s1_f8,ddos-icmp-flood-attacks,236,1.0,1.0,0.0,1.0
s1_f8,ddos-tcp-syn-flood-attacks,272,1.0,0.999,0.0,1.0
s1_f8,ddos-udp-flood-attacks,222,1.0,1.0,0.0,1.0
s1_f9,ddos-http-flood-attacks,242,0.9975619834710744,1.0,0.0,1.0
s1_f9,ddos-icmp-flood-attacks,252,1.0,1.0,0.0,1.0
s1_f9,ddos-tcp-syn-flood-attacks,261,1.0,1.0,0.0,1.0
s1_f9,ddos-udp-flood-attacks,245,1.0,1.0,0.0,1.0
s2_f0,ddos-http-flood-attacks,248,0.9998225806451614,1.0,0.0,0.9999798387096774
s2_f0,ddos-icmp-flood-attacks,252,1.0,1.0,0.0,1.0
s2_f0,ddos-tcp-syn-flood-attacks,256,1.0,1.0,0.0,1.0
s2_f0,ddos-udp-flood-attacks,244,1.0,1.0,0.0,1.0
s2_f1,ddos-http-flood-attacks,263,0.9979049429657795,1.0,0.0,0.997319391634981
s2_f1,ddos-icmp-flood-attacks,241,1.0,1.0,0.0,1.0
s2_f1,ddos-tcp-syn-flood-attacks,250,1.0,1.0,0.0,0.999
s2_f1,ddos-udp-flood-attacks,246,0.9998658536585365,1.0,0.0,0.9991341463414634
s2_f2,ddos-http-flood-attacks,267,0.9989325842696629,1.0,0.0,0.9971760299625468
s2_f2,ddos-icmp-flood-attacks,254,1.0,1.0,0.0,1.0
s2_f2,ddos-tcp-syn-flood-attacks,240,1.0,1.0,0.0,1.0
s2_f2,ddos-udp-flood-attacks,239,1.0,1.0,0.0,1.0
s2_f3,ddos-http-flood-attacks,256,0.9982382812500001,0.9990078125,0.0,0.99978515625
s2_f3,ddos-icmp-flood-attacks,240,1.0,1.0,0.0,1.0
s2_f3,ddos-tcp-syn-flood-attacks,245,0.9999918367346938,0.9990081632653062,0.0,1.0
s2_f3,ddos-udp-flood-attacks,259,0.9991853281853281,1.0,0.0,1.0
s2_f4,ddos-http-flood-attacks,231,0.9984069264069265,1.0,0.0,0.9996580086580087
s2_f4,ddos-icmp-flood-attacks,266,1.0,1.0,0.0,1.0
s2_f4,ddos-tcp-syn-flood-attacks,267,1.0,1.0,0.0,1.0
s2_f4,ddos-udp-flood-attacks,236,1.0,1.0,0.0,1.0
s2_f5,ddos-http-flood-attacks,276,0.9900289855072464,0.9999963768115943,0.0,0.9957463768115942
s2_f5,ddos-icmp-flood-attacks,246,1.0,1.0,0.0,1.0
s2_f5,ddos-tcp-syn-flood-attacks,242,0.9999297520661157,1.0,0.0,1.0
s2_f5,ddos-udp-flood-attacks,236,0.9999491525423729,1.0,0.0,1.0
s2_f6,ddos-http-flood-attacks,275,0.99952,1.0,0.0,1.0
s2_f6,ddos-icmp-flood-attacks,243,1.0,1.0,0.0,1.0
s2_f6,ddos-tcp-syn-flood-attacks,242,1.0,1.0,0.0,1.0
s2_f6,ddos-udp-flood-attacks,240,1.0,1.0,0.0,1.0
s2_f7,ddos-http-flood-attacks,270,0.9990333333333333,0.9999962962962963,0.0,0.994637037037037
s2_f7,ddos-icmp-flood-attacks,243,1.0,1.0,0.0,1.0
s2_f7,ddos-tcp-syn-flood-attacks,258,1.0,1.0,0.0,1.0
s2_f7,ddos-udp-flood-attacks,229,1.0,1.0,0.0,1.0
s2_f8,ddos-http-flood-attacks,238,0.9995420168067227,1.0,0.0,0.9999159663865547
s2_f8,ddos-icmp-flood-attacks,239,1.0,1.0,0.0,1.0
s2_f8,ddos-tcp-syn-flood-attacks,279,1.0,1.0,0.0,1.0
s2_f8,ddos-udp-flood-attacks,244,1.0,1.0,0.0,1.0
s2_f9,ddos-http-flood-attacks,239,0.9986150627615064,0.9999874476987448,0.0,0.9999958158995816
s2_f9,ddos-icmp-flood-attacks,263,1.0,1.0,0.0,1.0
s2_f9,ddos-tcp-syn-flood-attacks,261,1.0,1.0,0.0,1.0
s2_f9,ddos-udp-flood-attacks,237,1.0,1.0,0.0,1.0
