ds,model,valid,f1,fpr,us,rep,dP,sps_w_act,sps_w_dlt,mJ_dlt
cici,CNN_AE,True,0.8480199306370814,0.00815734472970022,27.47248180000117,50,2.3159434978755353,5578.104182222698,15717.162593889538,0.0636247155952167
cici,Dense_AE,True,0.845369864974901,0.011994260223976042,8.090111982653292,50,0.9296236465815317,24051.904948571086,132965.29598575708,0.0075207594025671004
cici,IF,True,0.1362805623911698,0.0156596063262314,11.336112156116968,50,0.8869159232222534,16924.720357433474,99461.13569251663,0.01005417837869349
cici,LOF,True,0.2654976196158726,0.08252487756184297,93.06134955204007,50,5.613150765826105,1149.0535624328334,1914.361477659476,0.5223673855068445
cici,LSTM_AE,True,0.8119997545345361,0.06249805034781795,19.294504649998107,50,1.4058415108447484,9229.620800411132,36866.3382878951,0.027125015568154366
cici,OCSVM,True,0.63068199883419,0.013273232055401317,15.18788629897356,50,1.397208807356943,12542.514928111153,47123.91329147385,0.0212206485020617
cici,SNN_AE,True,0.8538366117313486,0.014474217799544562,10.104942092858456,50,0.9695910880021668,19107.582961272787,102065.16826318197,0.009797661798013522
edge,CNN_AE,True,0.9958408997715423,0.008479130590553533,27.069242267347068,50,2.2251104038697083,5741.113283962717,16602.455950514148,0.060232052593943604
edge,Dense_AE,True,0.9958992384299942,0.008359706216038694,8.134275534692799,50,0.8521455141896777,24287.475023678246,144267.1188280327,0.006931586408071309
edge,IF,True,0.8697229551451188,0.008061145279751597,13.096790346937306,50,0.829948684841324,14811.315315322025,91999.1645541468,0.010869663924083164
edge,LOF,True,0.8579607869245364,0.009195676837642563,90.65827032448821,50,5.4780657189300195,1196.7992706430825,2013.563513628593,0.4966319628020696
edge,LSTM_AE,True,0.9961034775730232,0.007941720905236758,19.939597570408537,50,1.1727664032120746,9317.766276871353,42763.38695824333,0.02338449012414424
edge,OCSVM,True,0.995636768280184,0.008897115901355467,8.294077983675972,50,1.196132802563703,23882.289764476638,100798.13227872201,0.009920818743296249
edge,SNN_AE,True,0.9954019622199444,0.009016540275870306,10.323892719387059,50,0.8426611971879305,19172.214437851493,114948.55628702082,0.00869954379855846
