dataset,model,f1,auc,ap,T1_mean,T2_mean,T3_opt_mean,T3_pess_mean
Edge-IIoTset,SNN_AE,0.9759073138739406,0.9985632212385868,0.998300853437259,7479.741430778502,7479.741430778502,27610.527157325752,29530.527157325752
Edge-IIoTset,LSTM_AE,0.9903170254747184,0.9998352010766108,0.9998116232575953,331200.0,331200.0,695535.0,695535.0
Edge-IIoTset,CNN_AE,0.9902819502734758,0.9997275237040952,0.999696654463437,351955.19999999984,351955.19999999984,419890.19999999984,419890.19999999984
Edge-IIoTset,SNN_Dense,0.9849403464862738,0.999083760231423,0.9989241121760762,10872.261441650391,9707.245376193654,26055.70935286121,27015.70935286121
Edge-IIoTset,Dense_SNN,0.9815750390429322,0.9987870225563193,0.9985674024563321,11181.559336433413,9140.030505862069,26911.862631561937,27871.862631561937
Edge-IIoTset,Dense_AE,0.9913573241366331,0.9995106910846341,0.9993529787888157,14425.599999999995,11588.784567167251,25155.28953147948,25155.28953147948
Edge-IIoTset,SNN_AE_T2,0.9726189081126774,0.9981561450832428,0.9978280440669319,6631.559111557005,6631.559111557005,22065.776397984828,23345.776397984828
Edge-IIoTset,SNN_AE_T5,0.980236377502547,0.9988887656019536,0.998685723118578,9284.362476272583,9284.362476272583,39409.709566675825,42609.70956667582
Edge-IIoTset,SNN_AE_T7,0.9804081674361247,0.9992536036807284,0.9990950262612952,11175.011228866577,11175.011228866577,51772.85138923645,56252.85138923645
Edge-IIoTset,SNN_AE_noBN,0.9760059225427518,0.9986986988075311,0.998505750288748,7756.564306526184,7756.564306526184,29425.25489833832,31345.25489833832
Edge-IIoTset,IF,0.7774413991372958,0.9844021108374889,0.9646840694105574,1800.0,1800.0,21965.0,21965.0
Edge-IIoTset,OCSVM,0.9880929988743316,0.9994620358195447,0.9993589570219215,19112.08,19112.08,40051.08,40051.08
Edge-IIoTset,LOF,0.8049163027442677,0.9809012241230182,0.9765737177575846,3035999.9999999995,3035999.9999999995,6336165.0,6336165.0
CICIoT2023,SNN_AE,0.7828497158466592,0.907194429075825,0.932613536602566,6496.974723186493,6496.974723186493,21167.945407555893,23087.945407555897
CICIoT2023,LSTM_AE,0.8157353557981862,0.8981293166386544,0.9287513778389178,331200.0,331200.0,695535.0,695535.0
CICIoT2023,CNN_AE,0.8172976754664381,0.9174113708562713,0.9410240580372358,351955.19999999984,351955.19999999984,419890.19999999984,419890.19999999984
CICIoT2023,SNN_Dense,0.8101953334111819,0.9143940577907962,0.9382556221340485,10558.257965698245,8757.594598636288,22670.673840008458,23630.673840008458
CICIoT2023,Dense_SNN,0.791698352650757,0.9092973429556344,0.935705719774459,10398.936731739046,8803.588681903693,22712.49655768605,23672.49655768605
CICIoT2023,Dense_AE,0.8294162669329304,0.8959144913093405,0.9279083781535441,14425.599999999995,10180.785039196326,22216.85573397494,22216.85573397494
CICIoT2023,SNN_AE_T2,0.766531034558314,0.88821831671894,0.9193883274821552,6842.675798854829,6842.675798854829,23449.763570270537,24729.763570270537
CICIoT2023,SNN_AE_T5,0.8115497217037041,0.9121212079123805,0.9368386062219672,7524.241683616638,7524.241683616638,27871.139925931293,31071.139925931293
CICIoT2023,SNN_AE_T7,0.8134955672811853,0.9010425979349694,0.9308182036320148,7735.042303314211,7735.042303314211,29221.94398839314,33701.94398839314
CICIoT2023,SNN_AE_noBN,0.7655049648144128,0.90459203367313,0.9294767104291748,6432.872124652863,6432.872124652863,20747.717261613212,22667.71726161321
CICIoT2023,IF,0.44644002510987757,0.8519405808145689,0.8743969104129341,1800.0,1800.0,21965.0,21965.0
CICIoT2023,OCSVM,0.5937232379488557,0.8070063408318214,0.8500800287845662,33109.88,33109.88,69263.87999999999,69263.87999999999
CICIoT2023,LOF,0.31220659567824943,0.7990960744929407,0.7990642734132348,3035999.9999999995,3035999.9999999995,6336165.0,6336165.0
