trial,threshold,decay,surrogate_scale,learning_rate,lam,E_T1,E_T3_opt,E_T3_pess,auc,f1,k_dec,k_enc,ratio_T1,ratio_T2,saving_T3_opt,saving_T3_pess,seconds,dataset
0,0.3339164133529442,0.8469092440750365,2.7317594782844234,0.0009687430966752,0.0,7603.412829780578,28031.261884117128,29951.261884117128,0.9983267469742552,0.9932637251599864,1.5789418816566467,1.33028045296669,1.8972532891412524,1.4415013164875297,-0.2254783208947006,-0.3094174024046565,20.41539168357849,Edge-IIoTset
1,0.9367182020405164,0.9179642991664454,15.175890952605291,0.0003968793330444,0.05,7464.832245540619,27122.789165210725,29042.789165210725,0.9384982963783658,0.874054462934947,1.347336262464523,1.4187541902065277,1.9324747731092875,1.4682620109078026,-0.1857614638104008,-0.2697005453203567,24.337430000305176,Edge-IIoTset
2,1.5037233822532774,0.3133799212922716,19.4583773389159,0.0006798962421591,0.1,6468.008600664139,20588.056382131577,22508.056382131577,0.9078544509378514,0.6055926055926056,0.7450491338968277,0.9582399129867554,2.230300064616298,1.6945446861034577,0.09992575896286,0.0159866774529042,24.60158610343933,Edge-IIoTset
3,1.0343065316915967,0.4892989411287272,13.01335210500283,0.0001378776461935,0.05,6660.515690231323,21850.047302627565,23770.047302627565,0.80251789570526,0.5460309718327033,0.8502849340438843,1.058599054813385,2.165838303054728,1.6455677178272994,0.0447536971189346,-0.0391853843910212,22.35763430595398,Edge-IIoTset
4,1.1741985453031396,0.6850694697603276,2.8361074289599597,0.0004050837781329,0.05,7611.739641666411,28085.84876203537,30005.84876203537,0.9402433740280328,0.9103032517354768,1.2950158417224884,1.6321143507957458,1.895177801541548,1.4399243957229428,-0.2278647648504055,-0.3118038463603614,21.424180507659912,Edge-IIoTset
5,0.8178434075947301,0.3634868741041495,14.316194477218824,0.0002755195964951,0.05,7598.209406948089,27997.150556659697,29917.150556659697,0.9338828981874638,0.8750943396226415,1.4656188189983368,1.4414987862110138,1.898552570400164,1.442488488656859,-0.2239870326156059,-0.3079261141255618,20.755239725112915,Edge-IIoTset
6,1.4262878834017694,0.5026121994581171,11.361224381200596,0.0003521358805467,0.001,7842.866548633575,29601.014041042326,31521.014041042326,0.920119343474233,0.8394508811216045,1.453461080789566,1.7195064425468445,1.839327484478657,1.3974902589457476,-0.2941051720668743,-0.37804425357683,23.39956760406494,Edge-IIoTset
7,1.3164299639788448,0.8992182527650259,3.592865036934551,0.000157030083788,0.1,6524.498157548904,20958.376810598373,22878.376810598373,0.8999731237815313,0.8498550724637681,0.6790739446878433,1.087571918964386,2.2109899722033712,1.679873200860004,0.0837359898847995,-0.0002030916251563,20.275929927825928,Edge-IIoTset
8,0.9064806553791018,0.4826074312967974,11.768529496848473,0.0001383324997521,0.01,7063.8433951377865,24494.084479236604,26414.084479236604,0.7649092677658651,0.3424200278164117,0.9755706489086152,1.3670367300510406,2.042174379167223,1.5516099368045355,-0.0708390383408255,-0.1547781198507813,21.465564250946045,Edge-IIoTset
9,0.3093875991101241,0.8300499284956422,14.723432189257109,0.0005358055009231,0.1,7299.030985450744,26035.86979351044,27955.86979351044,0.9806784312745784,0.9243121335137572,1.404501736164093,1.1798964142799375,1.9763719360494207,1.5016143411055862,-0.1382432274896192,-0.2221823089995751,22.299294471740723,Edge-IIoTset
10,1.920892438647599,0.6678584461148392,6.517571719510854,0.0002083857748901,0.1,6254.740775585174,19189.96730661392,21109.96730661392,0.8182612974661351,0.5531037827352085,0.5553089082241058,0.9224991202354432,2.306346580550396,1.7523235569904916,0.1610477969149721,0.0771087154050164,21.5730082988739,Edge-IIoTset
11,0.3658328399340113,0.8327525110318419,2.117340722808573,0.000933619223184,0.0,7735.566404342651,28897.601984024048,30817.601984024048,0.998523254790562,0.9924951513618347,1.7200645208358765,1.3281435370445251,1.864840820434512,1.4168748648804674,-0.2633532126975288,-0.3472922942074847,22.09774208068848,Edge-IIoTset
12,0.620605760679054,0.9249891679723398,6.940162470745852,0.0001968505902528,0.0,7129.487454128265,24924.41775484085,26844.41775484085,0.9407453155561992,0.8777222588856416,1.2356655299663544,1.170042246580124,2.023371258146613,1.5373236399455892,-0.0896524653707169,-0.1735915468806725,20.33876061439514,Edge-IIoTset
13,1.3621081473140733,0.7484287751772997,5.921364509054071,0.0001068207264215,0.0,5976.171341800688,17363.789907360075,19283.789907360075,0.7216064541200231,0.5143781899663886,0.3187732994556427,0.8641592860221863,2.4138531469302555,1.8340052480196132,0.2408851164814346,0.1569460349714787,22.361469745635983,Edge-IIoTset
14,1.716911021553421,0.814043268843831,8.88051823789052,0.0002385032412081,0.1,5792.583976936339,16160.272737693786,18080.272737693784,0.6122418754231551,0.6249136541561133,0.2797742486000061,0.7051720172166824,2.490356645227197,1.8921313264626551,0.2935008070039606,0.2095617254940048,26.85900902748108,Edge-IIoTset
15,1.1572135000176615,0.9444777686184868,4.130956226186929,0.0009277617929773,0.01,7550.943269920349,27687.294769477845,29607.294769477845,0.9917087252793796,0.9669321329639888,1.306832492351532,1.553960144519806,1.910436813565435,1.451517937843346,-0.2104406731486323,-0.2943797546585882,24.846962928771973,Edge-IIoTset
16,0.7154095712406954,0.7574078669429289,4.476574627394808,0.0001548491540101,0.001,7382.807280349732,26585.06994895935,28505.06994895935,0.8939881156748317,0.8259372232608482,1.420282959938049,1.2545251250267029,1.9539450851433635,1.4845747948885473,-0.162253309059154,-0.2461923905691099,27.63846468925476,Edge-IIoTset
17,0.5450078118211331,0.8757022454486264,9.643783524146794,0.000526144810725,0.0,7797.709899902343,29304.98712158203,31224.98712158203,0.9858926353947162,0.9593864389053512,1.568075180053711,1.5523125529289246,1.8499790560534528,1.4055831448749,-0.2811633867951457,-0.3651024683051016,24.96638965606689,Edge-IIoTset
18,1.6271373305041092,0.606104390479949,8.26666624550771,0.0001621675905818,0.1,5540.375272428988,14506.904563701151,16426.90456370115,0.6759014548970012,0.6344307270233196,0.1743557341396808,0.5402209013700485,2.603722544172642,1.9782648403745573,0.3657832059220516,0.2818441244120957,25.171898126602173,Edge-IIoTset
19,1.65834844526778,0.6130365231313408,8.568512064526361,0.0001025626395337,0.1,5087.303344529493,11536.766369693352,13456.766369693352,0.9037657475559574,0.8285095491238432,0.0036259096814319,0.2246715277433395,2.835608380914068,2.154447820712873,0.4956325142359337,0.4116934327259778,28.88863229751587,Edge-IIoTset
20,1.970566466522268,0.5700796136896514,17.090857315516615,0.0001184702766607,0.01,5139.760867309569,11880.65457458496,13800.65457458496,0.904684240388278,0.828163466272772,0.0,0.2853308022022247,2.8066675420156546,2.1324590553692646,0.4805983162876477,0.3966592347776918,48.360867500305176,Edge-IIoTset
21,0.3355530630217865,0.5635282654330575,17.049310665984244,0.0005804267171942,0.1,7407.026257896422,26743.83880176544,28663.83880176544,0.9981893719955132,0.9842593380413512,1.5553194880485537,1.141547977924347,1.9475562118631984,1.4797206358276884,-0.1691944088908898,-0.2531334904008455,28.8934223651886,Edge-IIoTset
22,1.744473231883545,0.552699976611151,18.203867062094087,0.0001009154667764,0.1,5054.118882751464,11319.223786926268,13239.223786926268,0.9035869881858092,0.8286248646520327,0.0,0.1924033015966415,2.854226490245654,2.1685935487849206,0.505143099958211,0.4212040184482551,33.79381585121155,Edge-IIoTset
23,1.8840885942499013,0.4216145876484768,19.29402415896787,0.0001251386491744,0.1,5013.122273254394,11050.468235778808,12970.468235778808,0.9051122085702276,0.8280480598778807,0.0,0.1479191333055496,2.8775679534014755,2.1863280020919387,0.5168926281425963,0.4329535466326405,30.65911436080933,Edge-IIoTset
24,1.2752720947595066,0.4111762310379347,19.985326322808422,0.0001836835932153,0.1,5170.190174156426,12080.135586136576,14000.135586136576,0.8096657923181403,0.6521739130434783,0.0470098871737718,0.2698697671294212,2.790148817369894,2.1199084046681467,0.4718773512416478,0.387938269731692,26.32204747200012,Edge-IIoTset
25,1.8345171528160789,0.4178389884045864,16.883611597385073,0.0001290397202852,0.1,5111.299651336669,11694.075492095946,13614.075492095946,0.9053500864531252,0.8275862068965517,0.0,0.2544484063982963,2.822295890288397,2.144333212994197,0.4887552312944696,0.4048161497845137,26.699212074279785,Edge-IIoTset
26,1.5751955796277937,0.4264194012306632,18.1693688027405,0.0002919908895786,0.001,6013.909664726257,17611.18557987213,19531.18557987213,0.5232984382742563,0.3763777384678187,0.3450273871421814,0.878033459186554,2.398705801088322,1.822496547996581,0.2300694052729972,0.1461303237630414,46.25985097885132,Edge-IIoTset
27,1.3149210607896844,0.3215784779544136,16.43618021432601,0.0007526641530224,0.1,7621.110676574707,28147.281101989745,30067.281101989745,0.9467383885339136,0.855604691405499,1.559802532196045,1.3692212998867035,1.892847461767024,1.4381538425384703,-0.2305504805747689,-0.3144895620847248,47.141303062438965,Edge-IIoTset
28,1.80450032354865,0.5378168898526756,18.58791886955837,0.0001647435271785,0.1,5172.738514709472,12096.841374206542,14016.841374206542,0.907686134358058,0.8271239897496551,0.0,0.3211138397455215,2.788774255450687,2.1188640355122352,0.4711470030611828,0.3872079215512271,28.00325083732605,Edge-IIoTset
29,0.5111714526595621,0.3595989819199705,13.114609602768477,0.0002261456877626,0.01,7320.286036205292,26175.208459568024,28095.208459568024,0.914369921279983,0.8361328125,1.3505416810512545,1.2586059272289276,1.9706333780746603,1.4972542807368932,-0.1443348731394611,-0.228273954649417,27.535369873046875,Edge-IIoTset
30,1.486346281711532,0.4580322414096456,15.721136515401804,0.0005015195108519,0.001,7099.492502117157,24727.78418054581,26647.78418054581,0.9558666765374192,0.8719749454303881,1.1188510358333588,1.2579605877399445,2.031919886625432,1.5438187448832956,-0.0810559853601202,-0.1649950668700759,30.933666467666622,Edge-IIoTset
31,0.3221222209992715,0.3686861766888313,19.17588943775687,0.0001185555560742,0.1,7507.491272735596,27402.44278793335,29322.44278793335,0.908057791691057,0.8234481397414388,1.5612938404083252,1.244398444890976,1.9214940751764027,1.4599190602765937,-0.1979874368480407,-0.2819265183579966,28.996451139450077,Edge-IIoTset
32,1.0403358163627578,0.6523269229847044,17.823331414310214,0.0004978615796767,0.1,7134.101093959808,24954.662727069852,26874.662727069852,0.9635014736223996,0.8566768994627783,1.2116172015666962,1.1998482048511503,2.022062739230545,1.5363294491588575,-0.0909747232817568,-0.1749138047917127,30.44002056121826,Edge-IIoTset
33,1.9956987084176547,0.7266296605841662,15.099275966081787,0.0006430392587573,0.1,6387.744345617294,20061.879599046708,21981.879599046708,0.8991704041064776,0.7292288027268854,0.6927788704633713,0.9250513315200806,2.2583245695951453,1.7158372362611674,0.1229292984857804,0.0389902169758247,49.698925256729126,Edge-IIoTset
34,1.870424809102249,0.3067482802356517,19.9148428170952,0.0001469917908915,0.05,5054.950025939941,11324.672392272949,13244.672392272949,0.9065486580742222,0.8272395782004534,0.0,0.1933051496744156,2.853757193636674,2.168236985070661,0.5049048963497159,0.4209658148397601,32.123388051986694,Edge-IIoTset
35,1.070741993803893,0.524665272029487,13.622329866222763,0.0001243750805903,0.1,5567.298713600635,14683.40267804861,16603.40267804861,0.6841683774316087,0.6977302487996508,0.1477049030363559,0.596918374300003,2.591130949154744,1.9686979570812924,0.3580670134186323,0.2741279319086765,66.9861478805542,Edge-IIoTset
36,1.252299426719456,0.4470149092008557,16.086168061879075,0.0004106327455165,0.05,7825.95926170349,29490.17738227844,31410.17738227844,0.9116358870315268,0.8384143371968442,1.48591411113739,1.6676936745643616,1.843301187445736,1.4005094119977726,-0.289259584913607,-0.3731986664235629,42.81722259521485,Edge-IIoTset
37,0.8979653950530566,0.3875102182629721,14.6396921509703,0.0001771152742765,0.1,7501.311797904968,27361.932897377013,29281.932897377013,0.7812966559234373,0.3620145464525868,1.3496899008750916,1.4559098482131958,1.9230769748871,1.461121721001915,-0.1962164144494118,-0.2801554959593677,26.56763195991516,Edge-IIoTset
38,1.523444374357641,0.7979660889125918,17.280986333553194,0.0002443478079658,0.05,5985.060489320755,17422.063207769395,19342.063207769395,0.717191546044082,0.460844925296239,0.4869351536035537,0.700387716293335,2.410268037514381,1.8312813418483536,0.2383375085059595,0.1543984269960037,30.687618255615234,Edge-IIoTset
39,1.417189137611978,0.4827917696811242,18.94525698341697,0.0001395144572475,0.001,5355.014491474628,13291.761666333674,15211.761666333674,0.7460356646645541,0.6719323617755034,0.0737797357141971,0.4428105801343918,2.6938489191702586,2.0467413526846863,0.4189071531659956,0.3349680716560398,38.26103901863098,Edge-IIoTset
