dataset,job,seed,fold,f1,auc,ap,energy_v1_pj,T,k_enc,k_dec,s_enc,s_dec,k_enc_normal,k_enc_attack,k_dec_normal,k_dec_attack
Edge-IIoTset,SNN_AE,0,0,0.9954019622199444,0.9997396794509289,0.9996792917101724,11444.006341552733,3.0,1.1990176439285278,1.405192494392395,0.0,0.0,1.38075852394104,1.0199816226959229,1.5286133289337158,1.2836084365844727
Edge-IIoTset,SNN_Dense,0,0,0.9959575839240729,0.99980251072185,0.9997572797637131,16041.299227905274,3.0,1.0783708095550537,0.0,0.0,0.2816148472456811,1.0806244611740112,1.0761507749557495,,
Edge-IIoTset,Dense_SNN,0,0,0.9960159362549801,0.9998415062926108,0.9998123617327423,24463.199999999997,3.0,0.0,1.7710258960723877,0.4462044774350313,0.0,,,1.6995282173156738,1.8414595127105713
Edge-IIoTset,Dense_AE,0,0,0.9958992384299942,0.9998388157317026,0.9998069620505833,15032.8,,0.0,0.0,0.3653741443683883,0.2770412925593386,,,,
Edge-IIoTset,SNN_AE_T2,0,0,0.9958671629979189,0.9997740385459731,0.9997266225154977,11079.305596923827,2.0,0.8122666478157043,0.9388167858123779,0.0,0.0,0.9703435897827148,0.6565423011779785,0.9353391528129578,0.9422426223754883
Edge-IIoTset,SNN_AE_T5,0,0,0.9962494139709329,0.9998399643131869,0.9997958019125774,12135.852743530271,5.0,1.941603183746338,2.4473888874053955,0.0,0.0,2.3968844413757324,1.4930974245071411,2.736952781677246,2.1621341705322266
Edge-IIoTset,SNN_AE_T7,0,0,0.9959867592348478,0.9998414711677949,0.9997972006523852,12820.64317626953,7.0,2.6776204109191895,3.5414352416992188,0.0,0.0,3.306013822555542,2.0585789680480957,4.039434432983398,3.0508475303649902
Edge-IIoTset,SNN_AE_noBN,0,0,0.995429508965194,0.9998477093351223,0.9998199685656423,11149.142486572266,3.0,1.5336233377456665,1.5395127534866333,0.0,0.0,1.5197348594665527,1.5473051071166992,1.535775065422058,1.5431948900222778
Edge-IIoTset,SNN_AE,0,1,0.9542383292383292,0.9991345526327806,0.998604076839871,11616.97929382324,3.0,1.383581280708313,1.5495136976242065,0.0,0.0,1.2684211730957031,1.4970275163650513,1.5278631448745728,1.570841908454895
Edge-IIoTset,SNN_Dense,0,1,0.9987357031548617,0.99960151598706,0.9995334229608388,16207.561648559571,3.0,1.256042242050171,0.0,0.0,0.24436060983198507,1.255172610282898,1.2568988800048828,,
Edge-IIoTset,Dense_SNN,0,1,0.9913517355763535,0.9993112409948753,0.9990139169968301,24463.199999999997,3.0,0.0,1.7695146799087524,0.42611287670015113,0.0,,,1.6545798778533936,1.8827389478683472
Edge-IIoTset,Dense_AE,0,1,0.999059708509638,0.9990862384483261,0.9984007235455457,15032.8,,0.0,0.0,0.455292322280499,0.26956748007230275,,,,
Edge-IIoTset,SNN_AE_T2,0,1,0.9350803677528301,0.9991965444205985,0.998846083759965,11237.53278198242,2.0,0.9812797904014587,1.0300767421722412,0.0,0.0,0.9127940535545349,1.0487463474273682,0.9852361679077148,1.0742499828338623
Edge-IIoTset,SNN_AE_T5,0,1,0.9763400775636594,0.9992489963083818,0.9988281862067293,12623.235372924803,5.0,2.4583399295806885,2.614332437515259,0.0,0.0,2.3192996978759766,2.595310688018799,2.6205365657806396,2.6082205772399902
Edge-IIoTset,SNN_AE_T7,0,1,0.9550434222235861,0.9992670855886392,0.998971568175233,13662.236505126952,7.0,3.584545373916626,3.8716940879821777,0.0,0.0,3.169612407684326,3.9933032989501953,3.7035253047943115,4.037360191345215
Edge-IIoTset,SNN_AE_noBN,0,1,0.9087413483722122,0.9990883178374355,0.9985772332179147,11053.497573852539,3.0,1.434503436088562,1.4605844020843506,0.0,0.0,1.5285816192626953,1.3418253660202026,1.463327407836914,1.4578824043273926
Edge-IIoTset,SNN_AE,0,2,0.9959573470822592,0.9998390321991771,0.9997757013088708,11453.193576049804,3.0,1.1770167350769043,1.4659810066223145,0.0,0.0,1.3739780187606812,0.9828823804855347,1.6038862466812134,1.3300551176071167
Edge-IIoTset,SNN_Dense,0,2,0.9953452969934717,0.9998777821465182,0.9998399582688315,16098.611111450195,3.0,1.1459602117538452,0.0,0.0,0.3210762531105581,1.1925243139266968,1.1000643968582153,,
Edge-IIoTset,Dense_SNN,0,2,0.9956324197567052,0.9997998609804389,0.9997106045002647,24463.199999999997,3.0,0.0,1.5248252153396606,0.49789296717620574,0.0,,,1.5284188985824585,1.5212830305099487
Edge-IIoTset,Dense_AE,0,2,0.9955493089716562,0.999836343083426,0.999739792442296,15032.8,,0.0,0.0,0.44036245408223723,0.29339598886123947,,,,
Edge-IIoTset,SNN_AE_T2,0,2,0.9954851949574904,0.9997586922331596,0.9996604897346438,11069.71519165039,2.0,0.7784042358398438,0.9468724131584167,0.0,0.0,0.9684963822364807,0.5910404324531555,1.055291771888733,0.8400092124938965
Edge-IIoTset,SNN_AE_T5,0,2,0.9960742954239175,0.9997991641273363,0.9997521663757929,12165.199835205076,5.0,1.9292144775390625,2.4339330196380615,0.0,0.0,2.3066251277923584,1.5572205781936646,2.8003532886505127,2.0727720260620117
Edge-IIoTset,SNN_AE_T7,0,2,0.995928410322505,0.9998584212152275,0.9998127751176109,12970.576177978515,7.0,2.7809455394744873,3.708566665649414,0.0,0.0,3.1746277809143066,2.392913579940796,4.03639554977417,3.3854429721832275
Edge-IIoTset,SNN_AE_noBN,0,2,0.9956076134699854,0.999768883490374,0.9996688582307454,11224.137689208983,3.0,1.6093213558197021,1.580963373184204,0.0,0.0,1.6249607801437378,1.593906283378601,1.6214267015457153,1.5410808324813843
Edge-IIoTset,SNN_AE,0,3,0.8580395299145299,0.9972389294945608,0.9967784933199636,11409.215908813476,3.0,1.1559983491897583,1.4639688730239868,0.0,0.0,1.3350545167922974,0.9779007434844971,1.5381361246109009,1.3901985883712769
Edge-IIoTset,SNN_Dense,0,3,0.9081681509144882,0.9978411635989187,0.9974478356585943,16310.723187255859,3.0,1.3842757940292358,0.0,0.0,0.1799144401191424,1.1317863464355469,1.635413646697998,,
Edge-IIoTset,Dense_SNN,0,3,0.9348239030922056,0.9974926022688928,0.9967064239079781,24463.199999999997,3.0,0.0,1.5180473327636719,0.4594945294759503,0.0,,,1.5280157327651978,1.5081323385238647
Edge-IIoTset,Dense_AE,0,3,0.9961852221374494,0.9981249873892427,0.9976946252588147,15032.8,,0.0,0.0,0.35586053850010324,0.24420139196083634,,,,
Edge-IIoTset,SNN_AE_T2,0,3,0.8703434610303831,0.9971255753114423,0.9964722629196267,11077.116790771484,2.0,0.8075898289680481,1.0249030590057373,0.0,0.0,0.8918567895889282,0.7237738966941833,1.0631487369537354,0.9868621230125427
Edge-IIoTset,SNN_AE_T5,0,3,0.8706705847393271,0.9972785916306318,0.9968105945435246,11991.795202636717,5.0,1.778641939163208,2.4479212760925293,0.0,0.0,2.0037221908569336,1.5547665357589722,2.6435959339141846,2.2532942295074463
Edge-IIoTset,SNN_AE_T7,0,3,0.8707824364476725,0.9975960278723826,0.9971981425350279,12573.567935180663,7.0,2.3759889602661133,3.2613208293914795,0.0,0.0,3.0454750061035156,1.7100863456726074,3.8301053047180176,2.6955809593200684
Edge-IIoTset,SNN_AE_noBN,0,3,0.8666291129593426,0.9972251289776067,0.9967618430360454,11064.67215270996,3.0,1.4459315538406372,1.5022523403167725,0.0,0.0,1.4535621404647827,1.4383418560028076,1.5421022176742554,1.4626158475875854
Edge-IIoTset,SNN_AE,0,4,0.9963326976675957,0.9995827350763568,0.9995168323910524,11610.873641967772,3.0,1.402609944343567,1.7036296129226685,0.0,0.0,1.3967413902282715,1.4083915948867798,1.6888920068740845,1.718148946762085
Edge-IIoTset,SNN_Dense,0,4,0.9967459177391458,0.9996877449809636,0.9996548221839342,16211.363302612303,3.0,1.2710845470428467,0.0,0.0,0.2502250133341235,1.2179514169692993,1.3234301805496216,,
Edge-IIoTset,Dense_SNN,0,4,0.9965083184178868,0.9996282787057982,0.9995760119050889,24463.199999999997,3.0,0.0,1.7071160078048706,0.5350224457745644,0.0,,,1.7004437446594238,1.7136893272399902
Edge-IIoTset,Dense_AE,0,4,0.9970089730807578,0.9997125170345186,0.9996580766635419,15032.8,,0.0,0.0,0.28180373651771956,0.2641860258385682,,,,
Edge-IIoTset,SNN_AE_T2,0,4,0.9960655352633743,0.9995186097725453,0.9994504390145204,11156.057623291013,2.0,0.8952012062072754,0.9913753867149353,0.0,0.0,0.9445362687110901,0.84659743309021,1.0275349617004395,0.9557518362998962
Edge-IIoTset,SNN_AE_T5,0,4,0.9964214478470023,0.999696364096152,0.9996404812042246,12317.033636474607,5.0,2.1620261669158936,2.7512362003326416,0.0,0.0,2.1638498306274414,2.1602296829223633,2.8005247116088867,2.7026782035827637
Edge-IIoTset,SNN_AE_T7,0,4,0.9963069347558473,0.9996861398727153,0.9996295656350099,13103.142266845702,7.0,3.0082643032073975,3.700634002685547,0.0,0.0,2.9373843669891357,3.0780937671661377,3.90689754486084,3.4974284172058105
Edge-IIoTset,SNN_AE_noBN,0,4,0.9963359226146856,0.9997207252138974,0.9996884826220299,11043.446484375,3.0,1.414747714996338,1.5729053020477295,0.0,0.0,1.4577654600143433,1.3723676204681396,1.6390856504440308,1.5077059268951416
Edge-IIoTset,SNN_AE,0,5,0.9508701247831682,0.9806612051431874,0.9782648118478809,11576.860794067381,3.0,1.326038122177124,1.551074743270874,0.0,0.0,1.3629024028778076,1.286088228225708,1.5689406394958496,1.5317132472991943
Edge-IIoTset,SNN_Dense,0,5,0.9529636281993713,0.9866151581622717,0.984677640709871,16041.558367919923,3.0,1.092471718788147,0.0,0.0,0.1637724783332863,1.1319732666015625,1.0496635437011719,,
Edge-IIoTset,Dense_SNN,0,5,0.9512352068936575,0.9823206334153919,0.980078648083013,24463.199999999997,3.0,0.0,1.7038947343826294,0.3974430454789261,0.0,,,1.683082938194275,1.7264485359191895
Edge-IIoTset,Dense_AE,0,5,0.9510223490252021,0.9990088955302037,0.9989113681879659,15032.8,,0.0,0.0,0.369294843745589,0.23126129209835417,,,,
Edge-IIoTset,SNN_AE_T2,0,5,0.9504363392257775,0.97950111912539,0.9768422651915413,11191.193603515625,2.0,0.924717903137207,0.9743731021881104,0.0,0.0,0.9144530892372131,0.9358419179916382,0.9918800592422485,0.9554007649421692
Edge-IIoTset,SNN_AE_T5,0,5,0.950432421842201,0.9854521059034265,0.983652812496795,12334.198538208006,5.0,2.12239408493042,2.5718557834625244,0.0,0.0,2.3222856521606445,1.905770182609558,2.633908748626709,2.504608392715454
Edge-IIoTset,SNN_AE_T7,0,5,0.950811415780638,0.994174209986877,0.9937986816646338,13185.164736938474,7.0,3.0161397457122803,3.7505125999450684,0.0,0.0,3.051158905029297,2.97818922996521,3.7941160202026367,3.703259229660034
Edge-IIoTset,SNN_AE_noBN,0,5,0.9501426892731241,0.9857847463688292,0.9844389487925678,11070.287951660155,3.0,1.4461331367492676,1.6209771633148193,0.0,0.0,1.4878785610198975,1.4008933305740356,1.662354826927185,1.5761359930038452
Edge-IIoTset,SNN_AE,0,6,0.9976813125531977,0.9999318651042997,0.9999052364999189,11533.54552001953,3.0,1.2931979894638062,1.5160518884658813,0.0,0.0,1.225455641746521,1.3610918521881104,1.5155956745147705,1.5165091753005981
Edge-IIoTset,SNN_Dense,0,6,0.9960159362549801,0.999960755542973,0.9999575273784135,16190.857623291016,3.0,1.2376480102539062,0.0,0.0,0.2081414522004818,1.1991302967071533,1.2762517929077148,,
Edge-IIoTset,Dense_SNN,0,6,0.9939727309965475,0.9998597425823247,0.9998413813498568,24463.199999999997,3.0,0.0,1.6199064254760742,0.45667066954580177,0.0,,,1.606431245803833,1.6334117650985718
Edge-IIoTset,Dense_AE,0,6,0.9900413487857435,0.9999409486062296,0.9998990453526527,15032.8,,0.0,0.0,0.41009496738938833,0.2418142957870615,,,,
Edge-IIoTset,SNN_AE_T2,0,6,0.9934135417581452,0.9995484315336652,0.9995100332821337,11183.67681274414,2.0,0.9183495044708252,0.9786304831504822,0.0,0.0,0.9484534859657288,0.888178288936615,0.9555570483207703,1.0017554759979248
Edge-IIoTset,SNN_AE_T5,0,6,0.9962494139709329,0.9999407552667738,0.9999217683244729,12317.897711181638,5.0,2.1168785095214844,2.656022310256958,0.0,0.0,2.154423236846924,2.0792500972747803,2.6640450954437256,2.647981643676758
Edge-IIoTset,SNN_AE_T7,0,6,0.9958352885969028,0.9999369816948964,0.9999183937618439,13237.955307006832,7.0,3.0955302715301514,3.6260061264038086,0.0,0.0,3.201197385787964,2.989626884460449,3.8393445014953613,3.412191152572632
Edge-IIoTset,SNN_AE_noBN,0,6,0.9928335332143797,0.9998132375382364,0.99980314682716,11229.292803955077,3.0,1.6149661540985107,1.6092143058776855,0.0,0.0,1.5448061227798462,1.6852830648422241,1.6110697984695435,1.607354760169983
Edge-IIoTset,SNN_AE,0,7,0.9946755602363817,0.9995126642524209,0.9994072514630084,11402.131127929686,3.0,1.1531192064285278,1.591415524482727,0.0,0.0,1.2206552028656006,1.0865882635116577,1.6045783758163452,1.5784485340118408
Edge-IIoTset,SNN_Dense,0,7,0.9940357852882704,0.9995542625720498,0.9994561496791494,16339.062310791014,3.0,1.4011504650115967,0.0,0.0,0.23687198121314487,1.1767182350158691,1.6222426891326904,,
Edge-IIoTset,Dense_SNN,0,7,0.9940291517883276,0.9996380141834007,0.9995840374030575,24463.199999999997,3.0,0.0,1.7241051197052002,0.48251048241325156,0.0,,,1.6384016275405884,1.8085330724716187
Edge-IIoTset,Dense_AE,0,7,0.994733762434172,0.9995274588249343,0.9994214525393329,15032.8,,0.0,0.0,0.3251168622396065,0.19156610217204492,,,,
Edge-IIoTset,SNN_AE_T2,0,7,0.9949375237760806,0.999516471782479,0.9994122992245454,11176.131182861327,2.0,0.9177945256233215,1.0459688901901245,0.0,0.0,0.8904916048049927,0.9446911811828613,1.026364803314209,1.0652812719345093
Edge-IIoTset,SNN_AE_T5,0,7,0.9946755602363817,0.9995150808397641,0.9994096439702849,12528.339315795896,5.0,2.379979133605957,2.8071532249450684,0.0,0.0,2.3225653171539307,2.4365386962890625,2.7786600589752197,2.8352224826812744
Edge-IIoTset,SNN_AE_T7,0,7,0.994966639353857,0.9995416211507592,0.999436562692715,13273.926522827147,7.0,3.187448024749756,3.880690336227417,0.0,0.0,3.335015296936035,3.0420773029327393,4.030537128448486,3.7330734729766846
Edge-IIoTset,SNN_AE_noBN,0,7,0.994467375076842,0.9996021868710463,0.9995144697913626,11138.918280029295,3.0,1.5241280794143677,1.5009361505508423,0.0,0.0,1.5877395868301392,1.461463212966919,1.554429531097412,1.4482389688491821
Edge-IIoTset,SNN_AE,0,8,0.9975940379085735,0.9997525772833765,0.999705676567965,11696.5536529541,3.0,1.4892759323120117,1.61311936378479,0.0,0.0,1.3843505382537842,1.592639684677124,1.5671594142913818,1.6583951711654663
Edge-IIoTset,SNN_Dense,0,8,0.9972429166422244,0.9997745373183609,0.9997379302673642,16199.324868774413,3.0,1.2626316547393799,0.0,0.0,0.28997021957507335,1.2585780620574951,1.2666250467300415,,
Edge-IIoTset,Dense_SNN,0,8,0.9963036845810842,0.9997279056125943,0.9996995014079753,24463.199999999997,3.0,0.0,1.5644214153289795,0.3215285803182505,0.0,,,1.5238755941390991,1.6043639183044434
Edge-IIoTset,Dense_AE,0,8,0.9973014196879033,0.9997438171542576,0.9996906026508111,15032.8,,0.0,0.0,0.3482142857142857,0.30331492428956647,,,,
Edge-IIoTset,SNN_AE_T2,0,8,0.9952712426939231,0.9997094492780093,0.9996829779948511,11207.897601318358,2.0,0.9572961926460266,1.0435131788253784,0.0,0.0,0.9450647830963135,0.9693455696105957,1.047853708267212,1.039237141609192
Edge-IIoTset,SNN_AE_T5,0,8,0.9973888807393282,0.9997321100530737,0.9996804902604107,12456.252798461912,5.0,2.3091821670532227,2.5858511924743652,0.0,0.0,2.302628755569458,2.3156378269195557,2.6066701412200928,2.5653419494628906
Edge-IIoTset,SNN_AE_T7,0,8,0.9970674486803519,0.9997460335301495,0.9996929941193722,13703.334545898437,7.0,3.6680593490600586,4.1114959716796875,0.0,0.0,3.339465618133545,3.99176287651062,3.852184295654297,4.36694860458374
Edge-IIoTset,SNN_AE_noBN,0,8,0.9965954449401268,0.9997213267345512,0.9996728841964841,11039.097628784179,3.0,1.4175963401794434,1.5410480499267578,0.0,0.0,1.4774754047393799,1.3586084842681885,1.5255343914031982,1.556330919265747
Edge-IIoTset,SNN_AE,0,9,0.9963606480394459,0.9996017583482907,0.9993963071939249,11423.471905517577,3.0,1.181427240371704,1.5471996068954468,0.0,0.0,1.4372817277908325,0.9293805360794067,1.640411376953125,1.4553749561309814
Edge-IIoTset,SNN_Dense,0,9,0.9966874798463928,0.9997827600377943,0.9997606579798383,16058.377584838865,3.0,1.1074132919311523,0.0,0.0,0.28509108217026696,1.1400866508483887,1.075226068496704,,
Edge-IIoTset,Dense_SNN,0,9,0.9963369963369964,0.9996470026238238,0.9994872074766586,24463.199999999997,3.0,0.0,1.552851915359497,0.5247179378907755,0.0,,,1.6367390155792236,1.4702132940292358
Edge-IIoTset,Dense_AE,0,9,0.9966874798463928,0.9997681727016955,0.9997229175044192,15032.8,,0.0,0.0,0.2588331925800812,0.28696624885174976,,,,
Edge-IIoTset,SNN_AE_T2,0,9,0.9902206990279788,0.9992576932128318,0.9988972863048483,11107.32798461914,2.0,0.8456307053565979,0.9581258893013,0.0,0.0,1.0799546241760254,0.614794135093689,1.0228865146636963,0.8943290710449219
Edge-IIoTset,SNN_AE_T5,0,9,0.9958352885969028,0.999488779377518,0.9991664958895934,12057.459112548826,5.0,1.860153317451477,2.365612030029297,0.0,0.0,2.336071491241455,1.3913179636001587,2.636091470718384,2.0991580486297607
Edge-IIoTset,SNN_AE_T7,0,9,0.9948759991801599,0.9995656675998158,0.9993585435412429,12782.512103271483,7.0,2.61673641204834,3.334221363067627,0.0,0.0,3.1701555252075195,2.0715532302856445,3.8315536975860596,2.8442904949188232
Edge-IIoTset,SNN_AE_noBN,0,9,0.9958365097050372,0.9994796680002389,0.9992284003563978,11044.857623291015,3.0,1.4163906574249268,1.4457858800888062,0.0,0.0,1.4678095579147339,1.3657370805740356,1.5136200189590454,1.378961443901062
Edge-IIoTset,SNN_AE,1,0,0.9951110981000615,0.9994079428976893,0.9991258739417305,11583.254425048826,3.0,1.390062928199768,1.5370748043060303,0.0,0.0,1.2728357315063477,1.5055385828018188,1.6028902530670166,1.4722425937652588
Edge-IIoTset,SNN_Dense,1,0,0.9953452969934717,0.9997077616428154,0.9996575712860757,16184.089578247069,3.0,1.2696717977523804,0.0,0.0,0.23371473656137023,1.1826667785644531,1.3553768396377563,,
Edge-IIoTset,Dense_SNN,1,0,0.9951096664616826,0.9995733379700859,0.9994173318747047,24463.199999999997,3.0,0.0,1.824944019317627,0.3138446038048954,0.0,,,1.7694897651672363,1.8795698881149292
Edge-IIoTset,Dense_AE,1,0,0.9955201592832255,0.9995186207768668,0.9993326203425268,15032.8,,0.0,0.0,0.3764510979079002,0.22581750429680555,,,,
Edge-IIoTset,SNN_AE_T2,1,0,0.9954600041006415,0.9994175114689373,0.9991974509542436,11193.555224609374,2.0,0.9585922956466675,1.0514283180236816,0.0,0.0,0.9174746870994568,0.9990955591201782,1.0707706212997437,1.0323749780654907
Edge-IIoTset,SNN_AE_T5,1,0,0.9956367682801839,0.9995357732487478,0.9993635611706088,12438.828894042967,5.0,2.3181469440460205,2.797482490539551,0.0,0.0,2.1965041160583496,2.4379725456237793,2.8532354831695557,2.7425625324249268
Edge-IIoTset,SNN_AE_T7,1,0,0.9957242429567152,0.999500189685333,0.9992246245876186,13164.342514038082,7.0,3.119844675064087,4.074957847595215,0.0,0.0,3.1393802165985107,3.1006011962890625,4.262359142303467,3.8903565406799316
Edge-IIoTset,SNN_AE_noBN,1,0,0.9953733528550512,0.9995242270322675,0.9993520730223016,11240.380865478513,3.0,1.6355772018432617,1.6150442361831665,0.0,0.0,1.557286024093628,1.7126985788345337,1.6132938861846924,1.6167683601379395
Edge-IIoTset,SNN_AE,1,1,0.9958939465039888,0.999589552474719,0.9995108561207676,11452.01282043457,3.0,1.2168480157852173,1.5164042711257935,0.0,0.0,1.2870588302612305,1.1476819515228271,1.5583760738372803,1.4750570058822632
Edge-IIoTset,SNN_Dense,1,1,0.9958117330053012,0.9996742665060292,0.9996115976400392,16189.734463500976,3.0,1.2453356981277466,0.0,0.0,0.21648405784217856,1.1600006818771362,1.3294007778167725,,
Edge-IIoTset,Dense_SNN,1,1,0.9969797378529748,0.999699401824383,0.9996366583304624,24463.199999999997,3.0,0.0,1.5882365703582764,0.3809384908288144,0.0,,,1.4767215251922607,1.6980918645858765
Edge-IIoTset,Dense_AE,1,1,0.9966582634695433,0.9997151131545948,0.9996558410561031,15032.8,,0.0,0.0,0.37453421785640206,0.18237176637923372,,,,
Edge-IIoTset,SNN_AE_T2,1,1,0.9961908110642288,0.9996702903768543,0.9996143951027681,11166.223986816405,2.0,0.905319333076477,0.9316115379333496,0.0,0.0,0.9465968012809753,0.8646562695503235,0.9369457960128784,0.9263566136360168
Edge-IIoTset,SNN_AE_T5,1,1,0.9965122072745392,0.9996231072114758,0.9995506296648883,12190.976095581053,5.0,2.0005879402160645,2.6504180431365967,0.0,0.0,2.385917901992798,1.620992660522461,2.8252243995666504,2.478213310241699
Edge-IIoTset,SNN_AE_T7,1,1,0.9957534045980377,0.9996781337482744,0.9996162309434794,13101.961593627926,7.0,2.993656873703003,3.6617977619171143,0.0,0.0,3.4882516860961914,2.506422758102417,3.9739224910736084,3.3543179035186768
Edge-IIoTset,SNN_AE_noBN,1,1,0.9963953931365941,0.9996582425649545,0.9995844023406399,11055.254452514648,3.0,1.4292141199111938,1.4666386842727661,0.0,0.0,1.4054083824157715,1.4526654481887817,1.4459474086761475,1.487022042274475
Edge-IIoTset,SNN_AE,1,2,0.9941185076810534,0.9993509636493279,0.9992146642613525,11282.92803955078,3.0,1.0217324495315552,1.290493369102478,0.0,0.0,1.2402986288070679,0.8064191341400146,1.46980619430542,1.1138492822647095
Edge-IIoTset,SNN_Dense,1,2,0.9948501872659176,0.9993810937165216,0.9992531698501743,16042.30719604492,3.0,1.0993616580963135,0.0,0.0,0.2382063590837704,1.1987669467926025,1.00143563747406,,
Edge-IIoTset,Dense_SNN,1,2,0.9929219069903481,0.9993024422284588,0.9991667403152026,24463.199999999997,3.0,0.0,1.690944790840149,0.44221245592200786,0.0,,,1.727178692817688,1.6552499532699585
Edge-IIoTset,Dense_AE,1,2,0.9946755602363817,0.9993709180573167,0.9992433444112878,15032.8,,0.0,0.0,0.2893544240969568,0.18730646427830622,,,,
Edge-IIoTset,SNN_AE_T2,1,2,0.9933863982207656,0.9991996354044096,0.9990510954564232,11082.24317626953,2.0,0.8158725500106812,1.00630521774292,0.0,0.0,0.9373973608016968,0.6961562633514404,1.058902382850647,0.9544907808303833
Edge-IIoTset,SNN_AE_T5,1,2,0.9946755602363817,0.9995174412274015,0.9994462000586891,11954.902288818357,5.0,1.763452172279358,2.311086893081665,0.0,0.0,2.1802990436553955,1.3528088331222534,2.604313373565674,2.022224187850952
Edge-IIoTset,SNN_AE_T7,1,2,0.9942392607538673,0.9993692074787759,0.9992331702198545,12805.206561279296,7.0,2.6659963130950928,3.5053365230560303,0.0,0.0,3.0775158405303955,2.260601043701172,3.7310376167297363,3.282994508743286
Edge-IIoTset,SNN_AE_noBN,1,2,0.9942683354778337,0.9993545744804162,0.999217726949888,11079.647973632811,3.0,1.4499927759170532,1.574902057647705,0.0,0.0,1.4128109216690063,1.486621379852295,1.527055263519287,1.6220368146896362
Edge-IIoTset,SNN_AE,1,3,0.990176359131322,0.9980281750407892,0.9976899650313202,11653.670388793944,3.0,1.4488179683685303,1.605455994606018,0.0,0.0,1.541102409362793,1.357027530670166,1.6104331016540527,1.6005054712295532
Edge-IIoTset,SNN_Dense,1,3,0.9909647333139027,0.9983648735619388,0.9980539732669658,16246.384036254884,3.0,1.2906547784805298,0.0,0.0,0.18021856291839924,1.1827927827835083,1.3979393243789673,,
Edge-IIoTset,Dense_SNN,1,3,0.9910508672205218,0.998340152998925,0.9980146441264636,24463.199999999997,3.0,0.0,1.6441118717193604,0.53296230351824,0.0,,,1.697490930557251,1.5910184383392334
Edge-IIoTset,Dense_AE,1,3,0.9909936168352327,0.9985305180325131,0.9982328947546157,15032.8,,0.0,0.0,0.3854673537998761,0.18196772980624612,,,,
Edge-IIoTset,SNN_AE_T2,1,3,0.9907037738598281,0.9973859100444246,0.996675137326122,11173.596801757812,2.0,0.9220929741859436,1.03285813331604,0.0,0.0,0.9993587136268616,0.8452408313751221,1.0635404586791992,1.0023400783538818
Edge-IIoTset,SNN_AE_T5,1,3,0.9911380597014925,0.9982511854111802,0.9979316023214269,12148.352026367185,5.0,1.9478825330734253,2.3899986743927,0.0,0.0,2.2423043251037598,1.6550368070602417,2.612974166870117,2.1682169437408447
Edge-IIoTset,SNN_AE_T7,1,3,0.9908492160634144,0.9981114408268483,0.9977817352978734,13342.096221923824,7.0,3.2619869709014893,3.55001163482666,0.0,0.0,3.405632734298706,3.119110345840454,3.5329835414886475,3.566948413848877
Edge-IIoTset,SNN_AE_noBN,1,3,0.991224745634238,0.998095166862061,0.9977464443877334,11187.244885253906,3.0,1.5838531255722046,1.7567561864852905,0.0,0.0,1.6608037948608398,1.5073143243789673,1.7556201219558716,1.7578860521316528
Edge-IIoTset,SNN_AE,1,4,0.9240206152970563,0.9996207238089886,0.999517862179345,11572.108767700194,3.0,1.3432592153549194,1.4542213678359985,0.0,0.0,1.325564980506897,1.3606911897659302,1.507698655128479,1.4015368223190308
Edge-IIoTset,SNN_Dense,1,4,0.9981169824643992,0.9997434917602102,0.9997086964398458,16175.075296020506,3.0,1.2351287603378296,0.0,0.0,0.24740540180158824,1.1650364398956299,1.3041819334030151,,
Edge-IIoTset,Dense_SNN,1,4,0.8989258444415685,0.9996432796189886,0.9995663709870065,24463.199999999997,3.0,0.0,1.6766141653060913,0.5089773838449686,0.0,,,1.7429487705230713,1.6112629175186157
Edge-IIoTset,Dense_AE,1,4,0.9990303528927805,0.9997211993706009,0.9996564019620767,15032.8,,0.0,0.0,0.3575035928054996,0.19976461568092924,,,,
Edge-IIoTset,SNN_AE_T2,1,4,0.8914509037616023,0.9994733910282526,0.9993841326909733,11222.64317626953,2.0,0.9651970267295837,0.957531750202179,0.0,0.0,0.9807308912277222,0.9498933553695679,0.9792120456695557,0.9361727833747864
Edge-IIoTset,SNN_AE_T5,1,4,0.9637094318942946,0.9996225115553744,0.9995426635943102,12464.576040649412,5.0,2.300402879714966,2.6333069801330566,0.0,0.0,2.3402607440948486,2.261136054992676,2.6834938526153564,2.5838639736175537
Edge-IIoTset,SNN_AE_T7,1,4,0.9858794089609152,0.9996322054257575,0.9995606054968241,13382.099337768552,7.0,3.28629207611084,3.846470594406128,0.0,0.0,3.358083724975586,3.215564250946045,3.9697482585906982,3.725020170211792
Edge-IIoTset,SNN_AE_noBN,1,4,0.9015557420437673,0.999549775917054,0.9994697863949568,11193.40805053711,3.0,1.5827252864837646,1.6489412784576416,0.0,0.0,1.6536097526550293,1.5128915309906006,1.6827661991119385,1.6156176328659058
Edge-IIoTset,SNN_AE,1,5,0.8748317631224765,0.9962925087865877,0.9958864972643723,11655.024014282226,3.0,1.4089748859405518,1.5278328657150269,0.0,0.0,1.359312653541565,1.4587481021881104,1.520540475845337,1.5351415872573853
Edge-IIoTset,SNN_Dense,1,5,0.9235005538851084,0.9986064955152152,0.9985615985486157,16085.824096679688,3.0,1.1336870193481445,0.0,0.0,0.24426835448616252,1.2178622484207153,1.049323558807373,,
Edge-IIoTset,Dense_SNN,1,5,0.9242496125502103,0.999388251520822,0.9993668778813978,24463.199999999997,3.0,0.0,1.6616337299346924,0.4339928902990775,0.0,,,1.7069602012634277,1.6162059307098389
Edge-IIoTset,Dense_AE,1,5,0.999205765553758,0.9998777438666511,0.9998533242692356,15032.8,,0.0,0.0,0.3734135378106822,0.23224319143310418,,,,
Edge-IIoTset,SNN_AE_T2,1,5,0.9033372796211564,0.9968913017959854,0.9966503229569518,11200.467218017577,2.0,0.9310650825500488,0.8935803174972534,0.0,0.0,0.9338207244873047,0.9283033013343811,0.938143789768219,0.8489173054695129
Edge-IIoTset,SNN_AE_T5,1,5,0.8824862840434968,0.9978997776596258,0.997777909507057,12526.179129028318,5.0,2.334439516067505,2.76412034034729,0.0,0.0,2.3812122344970703,2.287562608718872,2.745462417602539,2.7828197479248047
Edge-IIoTset,SNN_AE_T7,1,5,0.9300657501494322,0.9985753644103492,0.998516207368624,13280.607775878903,7.0,3.1235272884368896,3.59999942779541,0.0,0.0,3.219808340072632,3.027031183242798,3.722330331802368,3.4773952960968018
Edge-IIoTset,SNN_AE_noBN,1,5,0.9611193735393208,0.9984604724387699,0.9983601310142197,11190.15368041992,3.0,1.580987572669983,1.5588845014572144,0.0,0.0,1.5841060876846313,1.5778621435165405,1.5615205764770508,1.5562427043914795
Edge-IIoTset,SNN_AE,1,6,0.9486285124312861,0.9967330031833609,0.996328027431052,11777.25133666992,3.0,1.5642961263656616,1.4132766723632812,0.0,0.0,1.4816330671310425,1.6538786888122559,1.4079835414886475,1.4190129041671753
Edge-IIoTset,SNN_Dense,1,6,0.9486607142857143,0.9998288712000024,0.9998008437550504,16382.032092285157,3.0,1.457502841949463,0.0,0.0,0.2670334246111284,1.205353021621704,1.7307591438293457,,
Edge-IIoTset,Dense_SNN,1,6,0.9491638982719633,0.9981307365154172,0.9979056302652285,24463.199999999997,3.0,0.0,1.6738039255142212,0.44951373401462325,0.0,,,1.6374199390411377,1.713233470916748
Edge-IIoTset,Dense_AE,1,6,0.948846035777077,0.9998028168114664,0.9997374695730517,15032.8,,0.0,0.0,0.4438650382519832,0.2634967041187929,,,,
Edge-IIoTset,SNN_AE_T2,1,6,0.9483292856544678,0.998103422512141,0.9978431424960648,11395.356823730468,2.0,1.1553730964660645,0.9841310977935791,0.0,0.0,0.9919682741165161,1.3324558734893799,0.9545676708221436,1.0161690711975098
Edge-IIoTset,SNN_AE_T5,1,6,0.949084412684234,0.9986961279219392,0.9985472451869751,12885.027349853513,5.0,2.7450218200683594,2.6641323566436768,0.0,0.0,2.367326259613037,3.1543326377868652,2.5569465160369873,2.780290365219116
Edge-IIoTset,SNN_AE_T7,1,6,0.9482902883918113,0.9995601342311881,0.9994900746670584,13996.144195556637,7.0,3.944976568222046,3.8602700233459473,0.0,0.0,3.3331856727600098,4.607977867126465,3.6566264629364014,4.080959796905518
Edge-IIoTset,SNN_AE_noBN,1,6,0.9483557590307632,0.9969472031444071,0.9967944947116795,11225.116735839842,3.0,1.610336184501648,1.4457423686981201,0.0,0.0,1.63189697265625,1.586970567703247,1.4749667644500732,1.4140716791152954
Edge-IIoTset,SNN_AE,1,7,0.945648466809289,0.9999272043025853,0.9999059466832652,11540.342486572265,3.0,1.298478364944458,1.5296595096588135,0.0,0.0,1.2637357711791992,1.3327224254608154,1.5242506265640259,1.5349907875061035
Edge-IIoTset,SNN_Dense,1,7,0.9964589235127479,0.999939909145802,0.9999209688149474,16032.371298217771,3.0,1.063674807548523,0.0,0.0,0.25856699549709683,1.1623131036758423,0.9664521813392639,,
Edge-IIoTset,Dense_SNN,1,7,0.972390043499275,0.9998886825439175,0.9998642474217717,24463.199999999997,3.0,0.0,1.7285982370376587,0.4442756472923332,0.0,,,1.7060251235961914,1.7508474588394165
Edge-IIoTset,Dense_AE,1,7,0.9982326951399116,0.9999076151826211,0.9998486079858103,15032.8,,0.0,0.0,0.4114685167081408,0.3578030572342695,,,,
Edge-IIoTset,SNN_AE_T2,1,7,0.9435215946843853,0.9997693855054554,0.9997241759250052,11200.956823730467,2.0,0.9343005418777466,1.0212314128875732,0.0,0.0,0.9652493596076965,0.9037959575653076,1.0276896953582764,1.014865756034851
Edge-IIoTset,SNN_AE_T5,1,7,0.9910412340551765,0.9999412326401079,0.9999315822092814,12442.918280029295,5.0,2.248373508453369,2.5425775051116943,0.0,0.0,2.3934226036071777,2.1054062843322754,2.6272194385528564,2.459150791168213
Edge-IIoTset,SNN_AE_T7,1,7,0.9666950285644828,0.9999165882633788,0.9998959420525803,13171.427322387692,7.0,3.039008855819702,3.6583635807037354,0.0,0.0,3.1878488063812256,2.8923051357269287,3.785153388977051,3.533393383026123
Edge-IIoTset,SNN_AE_noBN,1,7,0.9490341523721217,0.9998711085054695,0.9998499930958717,11101.939205932616,3.0,1.4872161149978638,1.5354918241500854,0.0,0.0,1.3980906009674072,1.5750625133514404,1.453859806060791,1.6159522533416748
Edge-IIoTset,SNN_AE,1,8,0.9951039315136767,0.9998468698520193,0.9998317410000133,11546.131237792968,3.0,1.2876533269882202,1.5146734714508057,0.0,0.0,1.329267978668213,1.2466580867767334,1.5056222677230835,1.523590087890625
Edge-IIoTset,SNN_Dense,1,8,0.9961034775730232,0.9998331500988763,0.9998014152296733,16199.296029663084,3.0,1.2457218170166016,0.0,0.0,0.3062170341067354,1.2039674520492554,1.2868547439575195,,
Edge-IIoTset,Dense_SNN,1,8,0.9966566954073552,0.9998189702106435,0.999792615940878,24463.199999999997,3.0,0.0,1.6572380065917969,0.29004337422585713,0.0,,,1.6013240814208984,1.7123198509216309
Edge-IIoTset,Dense_AE,1,8,0.9968920424558728,0.9998365607185132,0.9998046158339018,15032.8,,0.0,0.0,0.43907791803715884,0.33695587755948675,,,,
Edge-IIoTset,SNN_AE_T2,1,8,0.9935442220787605,0.999382533833979,0.9993328316662502,11212.96641845703,2.0,0.9344960451126099,0.960377037525177,0.0,0.0,0.9917858242988586,0.8780588507652283,0.9940754175186157,0.9271801710128784
Edge-IIoTset,SNN_AE_T5,1,8,0.9966233079836744,0.9998089069508498,0.999783172839733,12345.804769897459,5.0,2.1196885108947754,2.3615081310272217,0.0,0.0,2.263174057006836,1.9783382415771484,2.4802894592285156,2.2444944381713867
Edge-IIoTset,SNN_AE_T7,1,8,0.9959575839240729,0.9998026301462246,0.9997697168312707,13280.060986328124,7.0,3.1124749183654785,3.4286742210388184,0.0,0.0,3.2389514446258545,2.9878804683685303,3.6460206508636475,3.21456241607666
Edge-IIoTset,SNN_AE_noBN,1,8,0.9951639848764618,0.9997189136596898,0.9996976066858987,11111.788833618164,3.0,1.467021107673645,1.5180155038833618,0.0,0.0,1.5328772068023682,1.402145266532898,1.5475308895111084,1.4889392852783203
Edge-IIoTset,SNN_AE,1,9,0.9753484032146404,0.9993055852147402,0.9989982310463367,11402.9953125,3.0,1.1625419855117798,1.4435049295425415,0.0,0.0,1.3922725915908813,0.9362168908119202,1.5609960556030273,1.3277555704116821
Edge-IIoTset,SNN_Dense,1,9,0.9684299824274374,0.99924706374071,0.998858826447524,16322.934408569334,3.0,1.3839329481124878,0.0,0.0,0.27035490992058786,1.2246966361999512,1.5408087968826294,,
Edge-IIoTset,Dense_SNN,1,9,0.9786391455658227,0.9992604806192837,0.9988721050729666,24463.199999999997,3.0,0.0,1.619999647140503,0.4874677758681996,0.0,,,1.5716092586517334,1.6676727533340454
Edge-IIoTset,Dense_AE,1,9,0.9991184249191889,0.9991255847932675,0.9983628036074004,15032.8,,0.0,0.0,0.24316626170439729,0.2203723183596065,,,,
Edge-IIoTset,SNN_AE_T2,1,9,0.9092714807458192,0.9988880674075218,0.9981177559693701,11062.428784179687,2.0,0.7968657612800598,0.9063490629196167,0.0,0.0,0.9157772660255432,0.6797168850898743,0.9960909485816956,0.8179374933242798
Edge-IIoTset,SNN_AE_T5,1,9,0.9745520252973949,0.9992717409629245,0.9989539678685873,12209.897573852537,5.0,2.0286378860473633,2.450782299041748,0.0,0.0,2.3253822326660156,1.7362922430038452,2.610067129135132,2.293858528137207
Edge-IIoTset,SNN_AE_T7,1,9,0.9598826728589325,0.9992540812599223,0.9988622888059417,12987.481665039062,7.0,2.8668875694274902,3.4870657920837402,0.0,0.0,3.2810521125793457,2.458862066268921,3.808607816696167,3.170290470123291
Edge-IIoTset,SNN_AE_noBN,1,9,0.9592785081014981,0.9991788202981218,0.9987956148976365,11070.777557373047,3.0,1.4646803140640259,1.6330208778381348,0.0,0.0,1.5128803253173828,1.4171948432922363,1.64659583568573,1.6196470260620117
Edge-IIoTset,SNN_AE,2,0,0.9950455864677084,0.9991061162702484,0.9984698202346302,11375.721588134764,3.0,1.1128334999084473,1.4774227142333984,0.0,0.0,1.3387457132339478,0.8902702331542969,1.6055573225021362,1.3511874675750732
Edge-IIoTset,SNN_Dense,2,0,0.9958408997715423,0.9993445960184887,0.9990654660579191,16320.28483581543,3.0,1.398569941520691,0.0,0.0,0.21994081130733673,1.1380966901779175,1.6551820039749146,,
Edge-IIoTset,Dense_SNN,2,0,0.9958992384299942,0.9992498559968529,0.9988908741013566,24463.199999999997,3.0,0.0,2.10158109664917,0.326035987317767,0.0,,,1.9451091289520264,2.2557334899902344
Edge-IIoTset,Dense_AE,2,0,0.9960159362549801,0.9992030760477107,0.9986656990821853,15032.8,,0.0,0.0,0.35300425210382835,0.2326869370036743,,,,
Edge-IIoTset,SNN_AE_T2,2,0,0.9952220430895501,0.9992299027803144,0.9988730330685482,11056.812792968749,2.0,0.7749403715133667,1.0357770919799805,0.0,0.0,0.8959987759590149,0.6556764841079712,1.0818997621536255,0.9903382062911987
Edge-IIoTset,SNN_AE_T5,2,0,0.9959575839240729,0.9992744067772797,0.9989127473845056,12104.748800659178,5.0,1.881970763206482,2.4922542572021484,0.0,0.0,2.225733995437622,1.5433032512664795,2.718996286392212,2.2688732147216797
Edge-IIoTset,SNN_AE_T7,2,0,0.9958117330053012,0.9991064183256297,0.998409851756409,12834.29426574707,7.0,2.6438918113708496,3.508485794067383,0.0,0.0,3.0783863067626953,2.2158381938934326,3.953542947769165,3.070025682449341
Edge-IIoTset,SNN_AE_noBN,2,0,0.9943751098611355,0.9992584048666039,0.9989713090897032,11185.43032836914,3.0,1.5723848342895508,1.6305882930755615,0.0,0.0,1.542273759841919,1.6020495891571045,1.6290433406829834,1.6321102380752563
Edge-IIoTset,SNN_AE,2,1,0.9950782211284935,0.9993320489358938,0.9991766585712054,11354.17918395996,3.0,1.0956659317016602,1.4648274183273315,0.0,0.0,1.2214164733886719,0.9717867374420166,1.5710798501968384,1.3601562976837158
Edge-IIoTset,SNN_Dense,2,1,0.9948792977322605,0.9993715292291158,0.9992273864773893,16129.196884155273,3.0,1.1688224077224731,0.0,0.0,0.1913012638160429,1.1231340169906616,1.213830828666687,,
Edge-IIoTset,Dense_SNN,2,1,0.9949957566357438,0.9993206895703884,0.9991699998464015,24463.199999999997,3.0,0.0,1.6253037452697754,0.5433908940053931,0.0,,,1.6609821319580078,1.5901561975479126
Edge-IIoTset,Dense_AE,2,1,0.9951122428073872,0.999369400665264,0.9992200434953855,15032.8,,0.0,0.0,0.3879446691557768,0.21179938216730376,,,,
Edge-IIoTset,SNN_AE_T2,2,1,0.994141769185706,0.9993477216288079,0.9992186818396716,11095.14557495117,2.0,0.8235473036766052,0.9930095672607422,0.0,0.0,0.9328275322914124,0.7158933877944946,1.033306360244751,0.9533125162124634
Edge-IIoTset,SNN_AE_T5,2,1,0.9954327204590702,0.9993585541220728,0.9992086464833283,12127.41428222656,5.0,1.910427212715149,2.329453468322754,0.0,0.0,2.1614654064178467,1.6631250381469727,2.5768980979919434,2.085691213607788
Edge-IIoTset,SNN_AE_T7,2,1,0.9949957566357438,0.9993592531059118,0.9992111315598007,12749.910449218749,7.0,2.5785467624664307,3.5033493041992188,0.0,0.0,3.018019914627075,2.1456139087677,3.873342990875244,3.138862133026123
Edge-IIoTset,SNN_AE_noBN,2,1,0.9944114462942915,0.9993256456819308,0.9991386404456863,11066.28483581543,3.0,1.4459128379821777,1.5460726022720337,0.0,0.0,1.4064048528671265,1.484832763671875,1.5889748334884644,1.503808856010437
Edge-IIoTset,SNN_AE,2,2,0.9485238667150797,0.9985950873428675,0.9985035080891239,11567.299145507812,3.0,1.3147716522216797,1.5489476919174194,0.0,0.0,1.3066293001174927,1.323595643043518,1.522466778755188,1.577645182609558
Edge-IIoTset,SNN_Dense,2,2,0.948581312948135,0.9997419354323719,0.9997137021735412,16246.412875366212,3.0,1.2933167219161987,0.0,0.0,0.21655774496795868,1.1893336772918701,1.406003713607788,,
Edge-IIoTset,Dense_SNN,2,2,0.9486170420609004,0.9976963769712411,0.9974811150444058,24463.199999999997,3.0,0.0,1.661057949066162,0.533832185303334,0.0,,,1.707814335823059,1.610387921333313
Edge-IIoTset,Dense_AE,2,2,0.9487930793916562,0.9998126127506858,0.9997863447901865,15032.8,,0.0,0.0,0.39434654038336675,0.1857091437766423,,,,
Edge-IIoTset,SNN_AE_T2,2,2,0.948606223116027,0.989742048781734,0.988937200731934,11122.073614501951,2.0,0.8489814400672913,0.9512057900428772,0.0,0.0,0.8560919165611267,0.8412757515907288,0.9833360314369202,0.9163860082626343
Edge-IIoTset,SNN_AE_T5,2,2,0.9489519662842948,0.9992718947862486,0.9992308943820378,12361.587179565428,5.0,2.14471173286438,2.5770130157470703,0.0,0.0,2.2174015045166016,2.0659375190734863,2.6086463928222656,2.542731523513794
Edge-IIoTset,SNN_AE_T7,2,2,0.948925481440134,0.999748979057508,0.9997221459054679,13261.91676330566,7.0,3.09310245513916,3.6012680530548096,0.0,0.0,3.1071996688842773,3.0778253078460693,3.7494215965270996,3.4407131671905518
Edge-IIoTset,SNN_AE_noBN,2,2,0.9489784526068996,0.9963711537049277,0.9962219493727975,11170.51193847656,3.0,1.5523035526275635,1.6683123111724854,0.0,0.0,1.5558998584747314,1.5484062433242798,1.6504555940628052,1.6876635551452637
Edge-IIoTset,SNN_AE,2,3,0.9955201592832255,0.9999887424964612,0.9999887590651841,11360.659249877928,3.0,1.0899394750595093,1.3703356981277466,0.0,0.0,1.226697325706482,0.9552168846130371,1.4395992755889893,1.3021029233932495
Edge-IIoTset,SNN_Dense,2,3,0.9968920424558728,0.9999999543377391,0.9999999550238127,15979.37926635742,3.0,1.0057662725448608,0.0,0.0,0.23195487747059,1.1428874731063843,0.8706856369972229,,
Edge-IIoTset,Dense_SNN,2,3,0.9960159362549801,0.9999845556183901,0.9999842454241396,24463.199999999997,3.0,0.0,1.7202621698379517,0.3357918852046108,0.0,,,1.6064668893814087,1.8323639631271362
Edge-IIoTset,Dense_AE,2,3,0.9955201592832255,0.999977867853417,0.9999772909115545,15032.8,,0.0,0.0,0.3078431045722583,0.1542748244288381,,,,
Edge-IIoTset,SNN_AE_T2,2,3,0.9958659512710001,0.9999234876132337,0.9999226031564726,11076.108795166016,2.0,0.8019434809684753,0.9107115268707275,0.0,0.0,0.9097785949707031,0.695713222026825,1.0050195455551147,0.8178069591522217
Edge-IIoTset,SNN_AE_T5,2,3,0.9959865240955031,0.9999636774277395,0.999963487576959,12052.59203186035,5.0,1.824977993965149,2.4091410636901855,0.0,0.0,2.0893330574035645,1.5645569562911987,2.5487494468688965,2.2716102600097656
Edge-IIoTset,SNN_AE_T7,2,3,0.9961910342806914,0.9999845591308716,0.9999843750105136,12748.412738037108,7.0,2.5603721141815186,3.537281036376953,0.0,0.0,2.963083028793335,2.163654327392578,3.893984794616699,3.1858861446380615
Edge-IIoTset,SNN_AE_noBN,2,3,0.9948459646245754,0.9999551034601457,0.9999549765927584,11079.67681274414,3.0,1.464139461517334,1.5579625368118286,0.0,0.0,1.578265905380249,1.351711392402649,1.6347386837005615,1.48232901096344
Edge-IIoTset,SNN_AE,2,4,0.9962738021887745,0.9998596706893887,0.9998451179582157,11452.991949462888,3.0,1.2113569974899292,1.440777063369751,0.0,0.0,1.343332052230835,1.0813382863998413,1.4888606071472168,1.3934062719345093
Edge-IIoTset,SNN_Dense,2,4,0.9973887275181176,0.999911487236404,0.9998978907461143,16258.04789123535,3.0,1.3323131799697876,0.0,0.0,0.2158553840227569,1.1330606937408447,1.5286121368408203,,
Edge-IIoTset,Dense_SNN,2,4,0.9970089730807578,0.9999264951741383,0.999920529059889,24463.199999999997,3.0,0.0,1.736830711364746,0.34564733465686853,0.0,,,1.6214772462844849,1.850474238395691
Edge-IIoTset,Dense_AE,2,4,0.997447707337108,0.9999187365655601,0.9999072150413594,15032.8,,0.0,0.0,0.40661391045395284,0.2462831130733673,,,,
Edge-IIoTset,SNN_AE_T2,2,4,0.9962729273661042,0.9997039822138553,0.9996870411085348,11209.395202636719,2.0,0.9554797410964966,1.0328630208969116,0.0,0.0,0.9970910549163818,0.9144852757453918,1.0136359930038452,1.0518051385879517
Edge-IIoTset,SNN_AE_T5,2,4,0.9962738021887745,0.9998719109568833,0.9998575936340838,12259.779074096678,5.0,2.0749053955078125,2.6654412746429443,0.0,0.0,2.248762845993042,1.9036250114440918,2.764962673187256,2.5673952102661133
Edge-IIoTset,SNN_AE_T7,2,4,0.9967145790554415,0.9998945580859523,0.999879702017736,13211.977612304687,7.0,3.0976881980895996,3.5491714477539062,0.0,0.0,3.3863558769226074,2.8132996559143066,3.7486042976379395,3.3526947498321533
Edge-IIoTset,SNN_AE_noBN,2,4,0.9962450129077681,0.9998094311524466,0.9997927925719514,11195.36647338867,3.0,1.5747960805892944,1.6715240478515625,0.0,0.0,1.6513781547546387,1.4993492364883423,1.7258254289627075,1.6180275678634644
Edge-IIoTset,SNN_AE,2,5,0.9956032360182905,0.9991817041858243,0.9987117775513863,11433.37929382324,3.0,1.1999047994613647,1.3613080978393555,0.0,0.0,1.4418646097183228,0.9615459442138672,1.552979588508606,1.1724889278411865
Edge-IIoTset,SNN_Dense,2,5,0.9970382100231665,0.9994757024085086,0.9993587631424703,16213.062338256834,3.0,1.2533706426620483,0.0,0.0,0.29695232168785374,1.1645108461380005,1.3409080505371094,,
Edge-IIoTset,Dense_SNN,2,5,0.9976499618118795,0.9993290457641227,0.9991080642531293,24463.199999999997,3.0,0.0,1.6873842477798462,0.36872166414792423,0.0,,,1.7046840190887451,1.670341968536377
Edge-IIoTset,Dense_AE,2,5,0.9967459177391458,0.999325094222319,0.9991010715611698,15032.8,,0.0,0.0,0.2763366002903962,0.23777391323673217,,,,
Edge-IIoTset,SNN_AE_T2,2,5,0.995922916727774,0.9990703233941811,0.9980799977362881,11059.231982421874,2.0,0.7982663512229919,0.8799476623535156,0.0,0.0,0.9521033763885498,0.6467187404632568,0.9999757409095764,0.7617058753967285
Edge-IIoTset,SNN_AE_T5,2,5,0.9953452969934717,0.9992908053769068,0.9989726484891287,12175.769644165037,5.0,1.9984794855117798,2.629142999649048,0.0,0.0,2.388293504714966,1.614466905593872,2.8331921100616455,2.428130626678467
Edge-IIoTset,SNN_AE_T7,2,5,0.9970087976539589,0.9993422878197675,0.9989958495997575,12925.5327545166,7.0,2.8217194080352783,3.5666050910949707,0.0,0.0,3.3587563037872314,2.2926745414733887,3.976339101791382,3.162968635559082
Edge-IIoTset,SNN_AE_noBN,2,5,0.9946392477370595,0.9992212547286783,0.9990022196069943,11035.123104858398,3.0,1.3988447189331055,1.4724327325820923,0.0,0.0,1.3720909357070923,1.425200343132019,1.4991827011108398,1.4460809230804443
Edge-IIoTset,SNN_AE,2,6,0.9948447568834212,0.9998403451616978,0.9997995454586759,11687.452770996093,3.0,1.4622576236724854,1.538405179977417,0.0,0.0,1.3366276025772095,1.5860846042633057,1.508670449256897,1.5677132606506348
Edge-IIoTset,SNN_Dense,2,6,0.9969505043396669,0.999886018002331,0.9998659733159456,16135.388806152343,3.0,1.1736913919448853,0.0,0.0,0.20178172028676383,1.2020694017410278,1.1457206010818481,,
Edge-IIoTset,Dense_SNN,2,6,0.9979454065159965,0.9998786106469325,0.9998485305719867,24463.199999999997,3.0,0.0,1.6843626499176025,0.455837480744164,0.0,,,1.6403247117996216,1.7277684211730957
Edge-IIoTset,Dense_AE,2,6,0.9980918831645383,0.99986743993372,0.9998398407275966,15032.8,,0.0,0.0,0.26977796539874394,0.19007454230359047,,,,
Edge-IIoTset,SNN_AE_T2,2,6,0.9946680728892013,0.999743375507281,0.9997175028859333,11260.25596923828,2.0,1.0070255994796753,0.994051992893219,0.0,0.0,0.9078688025474548,1.1047592163085938,0.9605644941329956,1.0270588397979736
Edge-IIoTset,SNN_AE_T5,2,6,0.9962461141415919,0.9998678682263069,0.9998420142593428,12561.891149902342,5.0,2.4031283855438232,2.6780507564544678,0.0,0.0,2.113528251647949,2.6885716915130615,2.517557144165039,2.836240768432617
Edge-IIoTset,SNN_AE_T7,2,6,0.9959255459475305,0.9998819527333492,0.9998666716521587,13601.727819824217,7.0,3.5190420150756836,4.0563740730285645,0.0,0.0,3.166684627532959,3.8663418292999268,3.9208269119262695,4.189976215362549
Edge-IIoTset,SNN_AE_noBN,2,6,0.9965998358541447,0.9997836911799811,0.9997421777680201,11155.104107666015,3.0,1.5465325117111206,1.6259405612945557,0.0,0.0,1.5694042444229126,1.523988962173462,1.6594597101211548,1.5929025411605835
Edge-IIoTset,SNN_AE,2,7,0.9947021805941754,0.9995213958030363,0.9994380876843292,11683.305706787109,3.0,1.4834128618240356,1.5555380582809448,0.0,0.0,1.3567343950271606,1.6081985235214233,1.5792596340179443,1.5321710109710693
Edge-IIoTset,SNN_Dense,2,7,0.997769691278319,0.9995007201017276,0.9994097347718984,16356.1695892334,3.0,1.452735185623169,0.0,0.0,0.20901736502103954,1.2292412519454956,1.6728897094726562,,
Edge-IIoTset,Dense_SNN,2,7,0.9960991347704942,0.9995577855291167,0.9994879936320799,24463.199999999997,3.0,0.0,1.7163561582565308,0.3600222989391335,0.0,,,1.6352375745773315,1.7962628602981567
Edge-IIoTset,Dense_AE,2,7,0.9972721673070718,0.9994838626959203,0.9993798505587803,15032.8,,0.0,0.0,0.2689800272624904,0.2105314333550643,,,,
Edge-IIoTset,SNN_AE_T2,2,7,0.9955198969283476,0.9992328984621437,0.9990940704639324,11260.0255859375,2.0,1.009753942489624,1.043434739112854,0.0,0.0,0.9410138726234436,1.0774669647216797,1.0579167604446411,1.0291690826416016
Edge-IIoTset,SNN_AE_T5,2,7,0.9969790291831647,0.9994116487870677,0.9992686611210526,12492.800054931638,5.0,2.3478357791900635,2.741307258605957,0.0,0.0,2.234447717666626,2.459529399871826,2.7350728511810303,2.747448444366455
Edge-IIoTset,SNN_AE_T7,2,7,0.9962200017581387,0.9994734124391427,0.9993702669423667,13551.731375122068,7.0,3.52156925201416,4.139542579650879,0.0,0.0,3.1368777751922607,3.900512933731079,4.061561107635498,4.216358661651611
Edge-IIoTset,SNN_AE_noBN,2,7,0.9957489225717553,0.9994375865000246,0.9993234731106279,11085.494485473631,3.0,1.4601240158081055,1.453770399093628,0.0,0.0,1.57266104221344,1.3492684364318848,1.4841043949127197,1.4238897562026978
Edge-IIoTset,SNN_AE,2,8,0.9918513975291334,0.998434585827944,0.998126720416445,11425.516763305663,3.0,1.1877174377441406,1.3855761289596558,0.0,0.0,1.3343172073364258,1.0419025421142578,1.542553186416626,1.229439377784729
Edge-IIoTset,SNN_Dense,2,8,0.9944428195378766,0.9985064236588244,0.9982047772960554,16138.873641967773,3.0,1.1942846775054932,0.0,0.0,0.2869509201097054,1.136560082435608,1.2517004013061523,,
Edge-IIoTset,Dense_SNN,2,8,0.9919477185202474,0.9984123839375482,0.9980921311380481,24463.199999999997,3.0,0.0,1.6019327640533447,0.5049433778642838,0.0,,,1.73543119430542,1.469148874282837
Edge-IIoTset,Dense_AE,2,8,0.9926137856538113,0.9984150521998378,0.9980924047266754,15032.8,,0.0,0.0,0.41617546226665486,0.28350050871450055,,,,
Edge-IIoTset,SNN_AE_T2,2,8,0.9900874635568513,0.9978566269964133,0.997494684296129,11064.992004394531,2.0,0.805005669593811,0.9706300497055054,0.0,0.0,0.92635577917099,0.6843051314353943,1.0425512790679932,0.899093747138977
Edge-IIoTset,SNN_AE_T5,2,8,0.9922951202428204,0.9983014040556196,0.9979790701974841,12283.078329467771,5.0,2.1205062866210938,2.6927437782287598,0.0,0.0,2.3389947414398193,1.9031875133514404,2.853783369064331,2.5325660705566406
Edge-IIoTset,SNN_AE_T7,2,8,0.9911958486385634,0.9982494042504338,0.9979245458532712,12830.46404724121,7.0,2.7152857780456543,3.722027063369751,0.0,0.0,3.253197193145752,2.180253744125366,4.015742301940918,3.429884195327759
Edge-IIoTset,SNN_AE_noBN,2,8,0.9926064467108916,0.9979869056854511,0.9976121075812326,11145.945629882812,3.0,1.54056715965271,1.5857709646224976,0.0,0.0,1.5758841037750244,1.505439281463623,1.5363065004348755,1.6349705457687378
Edge-IIoTset,SNN_AE,2,9,0.9937430559616397,0.9999394122480546,0.9999222639863944,11666.111993408202,3.0,1.4431159496307373,1.4425650835037231,0.0,0.0,1.3862230777740479,1.5001360177993774,1.3977488279342651,1.4874815940856934
Edge-IIoTset,SNN_Dense,2,9,0.9882859052989564,0.9999492725602978,0.9999278301476766,16350.899200439453,3.0,1.4176691770553589,0.0,0.0,0.2011896630236794,1.2627252340316772,1.572959542274475,,
Edge-IIoTset,Dense_SNN,2,9,0.9887745012505089,0.9999423537697741,0.9999252736389799,24463.199999999997,3.0,0.0,1.873124361038208,0.39621434132440214,0.0,,,1.7348811626434326,2.011676549911499
Edge-IIoTset,Dense_AE,2,9,0.9904451176881846,0.9999527043356373,0.9999461127775999,15032.8,,0.0,0.0,0.35928043657089137,0.15655939685057876,,,,
Edge-IIoTset,SNN_AE_T2,2,9,0.989943156974202,0.999745910525262,0.999725306234172,11177.686407470701,2.0,0.9082707166671753,1.0264089107513428,0.0,0.0,0.9806846976280212,0.8356948494911194,1.009979486465454,1.042875051498413
Edge-IIoTset,SNN_AE_T5,2,9,0.9878264911821959,0.9998910808366074,0.999848954423452,12271.356878662107,5.0,2.085874557495117,2.533457040786743,0.0,0.0,2.166090250015259,2.0054798126220703,2.636323928833008,2.4303603172302246
Edge-IIoTset,SNN_AE_T7,2,9,0.988314632870182,0.9999536503179743,0.9999212233751706,12729.2606842041,7.0,2.5421688556671143,3.579155206680298,0.0,0.0,2.980870008468628,2.102487087249756,3.8114397525787354,3.346351146697998
Edge-IIoTset,SNN_AE_noBN,2,9,0.9873388314554536,0.9994013519951939,0.9993703533854891,11224.05133666992,3.0,1.6017217636108398,1.6283042430877686,0.0,0.0,1.5529569387435913,1.6505955457687378,1.6140172481536865,1.6426231861114502
CICIoT2023,SNN_AE,0,0,0.8538366117313486,0.9163514872711415,0.9402949616753099,11166.086462402342,3.0,0.8959032893180847,0.7649763822555542,0.0,0.0,0.9353125095367432,0.856269121170044,0.7746504545211792,0.7552470564842224
CICIoT2023,SNN_Dense,0,0,0.8433467887263029,0.9052566062779106,0.9345365448853798,15758.108795166016,3.0,0.7766872644424438,0.0,0.0,0.38227188653569416,0.7741947174072266,0.7791941165924072,,
CICIoT2023,Dense_SNN,0,0,0.8680243044003572,0.9176911379057036,0.9435848399749815,24463.199999999997,3.0,0.0,0.7888039350509644,0.35211093427391604,0.0,,,0.7499985098838806,0.8278309106826782
CICIoT2023,Dense_AE,0,0,0.8453698649749009,0.8837656228764083,0.9171892206079453,15032.8,,0.0,0.0,0.4405293417224551,0.4068084546862291,,,,
CICIoT2023,SNN_AE_T2,0,0,0.665472682403657,0.8731309859215234,0.9075577349788052,11755.96162109375,2.0,1.5409270524978638,0.6666284799575806,0.0,0.0,1.7253432273864746,1.3554579019546509,0.7607781887054443,0.5719411969184875
CICIoT2023,SNN_AE_T5,0,0,0.8225777360940769,0.8965481247557201,0.9274904878806601,11493.295988464353,5.0,1.2393426895141602,1.1109105348587036,0.0,0.0,1.4781224727630615,0.9991995096206665,1.152989149093628,1.0685917139053345
CICIoT2023,SNN_AE_T7,0,0,0.8290206265156538,0.8909863211791252,0.9280636680600799,11535.5583404541,7.0,1.2562525272369385,1.4476585388183594,0.0,0.0,0.8072861433029175,1.7077823877334595,1.3154269456863403,1.5806450843811035
CICIoT2023,SNN_AE_noBN,0,0,0.8035000139184011,0.8854563536641533,0.9172891623788206,10555.401626586914,3.0,0.8912602066993713,0.7298792600631714,0.0,0.0,0.8843895196914673,0.8981701135635376,0.7343515753746033,0.7253813743591309
CICIoT2023,SNN_AE,0,1,0.8112488782256735,0.9093325572647252,0.9328655688213229,11291.25125427246,3.0,1.0426923036575317,0.7378687262535095,0.0,0.0,0.926116943359375,1.15993332862854,0.7147093415260315,0.7611603140830994
CICIoT2023,SNN_Dense,0,1,0.8389497547802054,0.922803934780388,0.9449302697723455,15823.974359130858,3.0,0.8354176878929138,0.0,0.0,0.4532440229462554,0.8865073323249817,0.7840362787246704,,
CICIoT2023,Dense_SNN,0,1,0.8279986890976623,0.9240455954987042,0.945335094153858,24463.199999999997,3.0,0.0,0.7822914123535156,0.37135916872614655,0.0,,,0.6887721419334412,0.876344621181488
CICIoT2023,Dense_AE,0,1,0.8380536494073612,0.9285899030342399,0.9491609733292756,15032.8,,0.0,0.0,0.4242615689326159,0.42772716519114057,,,,
CICIoT2023,SNN_AE_T2,0,1,0.7947554872448501,0.8969224661708586,0.9251941735405406,11853.132836914061,2.0,1.6455198526382446,0.7142618298530579,0.0,0.0,1.7833292484283447,1.5069235563278198,0.7941064834594727,0.6339612603187561
CICIoT2023,SNN_AE_T5,0,1,0.8271960857426085,0.9262626836878183,0.945041169168811,11825.215963745115,5.0,1.6068838834762573,1.289881944656372,0.0,0.0,1.3267124891281128,1.8886549472808838,1.2556184530258179,1.3243411779403687
CICIoT2023,SNN_AE_T7,0,1,0.832676291201073,0.9202978359013693,0.9423844904234526,11636.2432723999,7.0,1.4034579992294312,1.4311003684997559,0.0,0.0,0.8922490477561951,1.9175857305526733,1.259499192237854,1.6036813259124756
CICIoT2023,SNN_AE_noBN,0,1,0.7917806930925848,0.905964503546685,0.9305320474845686,10620.489523315428,3.0,0.9767267107963562,0.6440693140029907,0.0,0.0,0.9944429993629456,0.9589093327522278,0.6574158668518066,0.6306465864181519
CICIoT2023,SNN_AE,0,2,0.8169014084507042,0.9437979979296443,0.9617159661051466,11220.86396484375,3.0,0.9750320911407471,0.7394258379936218,0.0,0.0,0.8822418451309204,1.0693215131759644,0.6601767539978027,0.8199554085731506
CICIoT2023,SNN_Dense,0,2,0.8352073951606274,0.9525614442850311,0.9665194030945199,15986.752026367187,3.0,1.0333329439163208,0.0,0.0,0.34612225744962266,0.791159987449646,1.2794185876846313,,
CICIoT2023,Dense_SNN,0,2,0.8560027260662147,0.9069282253660957,0.9431469038111235,24463.199999999997,3.0,0.0,0.8159765601158142,0.3194776997588112,0.0,,,0.674785315990448,0.9594489932060242
CICIoT2023,Dense_AE,0,2,0.8488104374520338,0.8969591315402357,0.9386941600066153,15032.8,,0.0,0.0,0.42919576168987783,0.4843963957830857,,,,
CICIoT2023,SNN_AE_T2,0,2,0.7478394091766185,0.9247678792171392,0.945268932010459,11733.871960449218,2.0,1.5099194049835205,0.5524831414222717,0.0,0.0,1.8820363283157349,1.1317901611328125,0.6765113472938538,0.4264509677886963
CICIoT2023,SNN_AE_T5,0,2,0.7977956761339551,0.9407261476248417,0.9589204669785149,11787.171270751951,5.0,1.5663115978240967,1.241628885269165,0.0,0.0,1.5985339879989624,1.5335686206817627,1.1194822788238525,1.3657490015029907
CICIoT2023,SNN_AE_T7,0,2,0.8395189753665903,0.9387094707274698,0.9583577772657184,11517.097560119628,7.0,1.2570292949676514,1.6874871253967285,0.0,0.0,0.7185898423194885,1.8041681051254272,1.49119234085083,1.8869534730911255
CICIoT2023,SNN_AE_noBN,0,2,0.759916370885399,0.9451729817360721,0.9625992988435867,10640.678466796875,3.0,0.9731772541999817,0.7116159796714783,0.0,0.0,0.9838399887084961,0.9623421430587769,0.7909583449363708,0.6309916377067566
CICIoT2023,SNN_AE,0,3,0.6650008364001339,0.8739999195061249,0.9151935869831042,11315.529666137694,3.0,1.0606237649917603,0.9485280513763428,0.0,0.0,0.8895756006240845,1.232648491859436,0.8707419633865356,1.0267583131790161
CICIoT2023,SNN_Dense,0,3,0.8344280657735562,0.8440944552809425,0.8944158164170319,15785.411193847656,3.0,0.8103901147842407,0.0,0.0,0.31289543968591627,0.6387689113616943,0.9829911589622498,,
CICIoT2023,Dense_SNN,0,3,0.8101938128960119,0.8443669635031228,0.8926474664748293,24463.199999999997,3.0,0.0,0.922162652015686,0.3578973557842708,0.0,,,0.7188084721565247,1.1266779899597168
CICIoT2023,Dense_AE,0,3,0.8466627555395099,0.8386261175712135,0.8946224441045268,15032.8,,0.0,0.0,0.5024994818713633,0.5437498533598198,,,,
CICIoT2023,SNN_AE_T2,0,3,0.7758665382906236,0.8376786282033168,0.8863332270633151,11832.079956054688,2.0,1.6287322044372559,0.7164602279663086,0.0,0.0,1.587424874305725,1.6702754497528076,0.7389674186706543,0.6938245296478271
CICIoT2023,SNN_AE_T5,0,3,0.7917458696248381,0.8543399011686903,0.8990333668901178,12025.923132324217,5.0,1.8311408758163452,1.500529408454895,0.0,0.0,1.3809888362884521,2.2838633060455322,1.3477063179016113,1.6542249917984009
CICIoT2023,SNN_AE_T7,0,3,0.8235402383472139,0.8580310367501027,0.9025461865873381,11465.862283325194,7.0,1.1926783323287964,1.4108288288116455,0.0,0.0,0.8568667769432068,1.5304073095321655,1.2228808403015137,1.599850058555603
CICIoT2023,SNN_AE_noBN,0,3,0.6524896046604892,0.823234751701473,0.8718046642205461,10690.099227905273,3.0,1.0393809080123901,0.7676219940185547,0.0,0.0,1.0571199655532837,1.021540641784668,0.7802581191062927,0.7549137473106384
CICIoT2023,SNN_AE,0,4,0.684472574709563,0.9121526897287808,0.9374072049542113,11369.587179565428,3.0,1.1181020736694336,0.8941149115562439,0.0,0.0,0.9576970934867859,1.2794255018234253,0.7980464696884155,0.9907333254814148
CICIoT2023,SNN_Dense,0,4,0.7464640813482132,0.9129843602717544,0.9384769511973109,15865.964764404296,3.0,0.9067649245262146,0.0,0.0,0.32230575216048174,0.751271665096283,1.0631484985351562,,
CICIoT2023,Dense_SNN,0,4,0.6490973582508338,0.9169301916745798,0.9423789692538422,24463.199999999997,3.0,0.0,0.8073241114616394,0.32930629961287294,0.0,,,0.7594303488731384,0.8554921746253967
CICIoT2023,Dense_AE,0,4,0.8222577101660651,0.88885764103411,0.9216068854184719,15032.8,,0.0,0.0,0.4237533238180894,0.4750227290501701,,,,
CICIoT2023,SNN_AE_T2,0,4,0.7705072491635581,0.8794663298943535,0.9169477929358741,11793.920043945312,2.0,1.588678002357483,0.5708459615707397,0.0,0.0,1.6728471517562866,1.504027009010315,0.5856181383132935,0.5559892058372498
CICIoT2023,SNN_AE_T5,0,4,0.780088939893846,0.9163964213813108,0.9402993018805285,11927.715246582029,5.0,1.7268623113632202,1.3381881713867188,0.0,0.0,1.4609168767929077,1.9943304061889648,1.198042631149292,1.4791362285614014
CICIoT2023,SNN_AE_T7,0,4,0.8178309282930848,0.9083261525475822,0.9380814495655716,11718.208064270018,7.0,1.4866153001785278,1.641098976135254,0.0,0.0,1.021334171295166,1.9545602798461914,1.419800877571106,1.8636642694473267
CICIoT2023,SNN_AE_noBN,0,4,0.7127809554499315,0.8987155468497935,0.928120870853318,10619.913565063474,3.0,0.9653186202049255,0.728293776512146,0.0,0.0,1.0072306394577026,0.9231666922569275,0.7933781147003174,0.6628367900848389
CICIoT2023,SNN_AE,0,5,0.83560312167822,0.9377033704057784,0.9562345434721886,11283.475158691404,3.0,1.019515872001648,0.7023272514343262,0.0,0.0,1.0285701751708984,1.0104098320007324,0.6833072900772095,0.7214558720588684
CICIoT2023,SNN_Dense,0,5,0.8412036535615004,0.9322005107324148,0.9501104262779596,15909.136007690428,3.0,0.9387794137001038,0.0,0.0,0.4094689963555027,0.7100754976272583,1.168789267539978,,
CICIoT2023,Dense_SNN,0,5,0.8315896912477673,0.9302498851616636,0.9507692292452422,24463.199999999997,3.0,0.0,0.7736034393310547,0.38239775269035853,0.0,,,0.6605231761932373,0.8873293995857239
CICIoT2023,Dense_AE,0,5,0.8466625930052838,0.9207282008089757,0.9444840728603381,15032.8,,0.0,0.0,0.41704613886629543,0.4218989512294313,,,,
CICIoT2023,SNN_AE_T2,0,5,0.8020137043770103,0.9040877282928019,0.9316124358942146,11708.960021972656,2.0,1.4923651218414307,0.5558694005012512,0.0,0.0,1.7585896253585815,1.2246205806732178,0.6371394991874695,0.47413527965545654
CICIoT2023,SNN_AE_T5,0,5,0.8296551030300813,0.9373289898446823,0.9559288589043273,11738.787207031248,5.0,1.4997206926345825,1.2921539545059204,0.0,0.0,1.5873585939407349,1.411582350730896,1.2735322713851929,1.3108818531036377
CICIoT2023,SNN_AE_T7,0,5,0.8431943330419344,0.914561214429934,0.9409606259656912,11619.078329467771,7.0,1.3475027084350586,1.6271722316741943,0.0,0.0,1.013693928718567,1.6832176446914673,1.4991869926452637,1.7558882236480713
CICIoT2023,SNN_AE_noBN,0,5,0.812456542095065,0.9306355811064483,0.9515778048972054,10682.265618896483,3.0,1.0378913879394531,0.6959757804870605,0.0,0.0,1.068004846572876,1.0076059103012085,0.6970508694648743,0.6948946118354797
CICIoT2023,SNN_AE,0,6,0.700764088841861,0.8965647609313557,0.9304008730401865,11172.134436035154,3.0,0.8999752402305603,0.7162277698516846,0.0,0.0,0.8540378212928772,0.9461749792098999,0.706322431564331,0.7261897325515747
CICIoT2023,SNN_Dense,0,6,0.7548814130996364,0.9062655786537093,0.9318198193095001,15778.700827026365,3.0,0.7892802357673645,0.0,0.0,0.2601220828380154,0.6820005178451538,0.8971725702285767,,
CICIoT2023,Dense_SNN,0,6,0.6429459588713534,0.9116621894701045,0.9397942447820753,24463.199999999997,3.0,0.0,0.9309459328651428,0.35114530868735533,0.0,,,0.7712512016296387,1.091552495956421
CICIoT2023,Dense_AE,0,6,0.7635300042614187,0.9189143506022055,0.9404982202592194,15032.8,,0.0,0.0,0.41836345648501533,0.44832693330413564,,,,
CICIoT2023,SNN_AE_T2,0,6,0.6969341427332552,0.8774894485129736,0.9138893010003084,11863.068762207029,2.0,1.6432193517684937,0.5818917155265808,0.0,0.0,1.747514247894287,1.5383288860321045,0.6152136921882629,0.5483794212341309
CICIoT2023,SNN_AE_T5,0,6,0.749463955275757,0.9043269657540153,0.9311583548050929,11495.024000549314,5.0,1.2232540845870972,1.1191130876541138,0.0,0.0,1.3828785419464111,1.062718152999878,1.1941877603530884,1.043609857559204
CICIoT2023,SNN_AE_T7,0,6,0.7212540064102564,0.884263279807353,0.9241779586835626,11518.07674407959,7.0,1.2649556398391724,1.6197316646575928,0.0,0.0,0.7961351275444031,1.7364529371261597,1.3585678339004517,1.8823868036270142
CICIoT2023,SNN_AE_noBN,0,6,0.6390533802532399,0.8944909657858215,0.9256510657854043,10497.888034057616,3.0,0.8195966482162476,0.6391991972923279,0.0,0.0,0.8487094044685364,0.7903176546096802,0.7068814635276794,0.5711303949356079
CICIoT2023,SNN_AE,0,7,0.7005596476719811,0.8765894330194061,0.8934269232638898,11184.057513427733,3.0,0.9331445693969727,0.7529268860816956,0.0,0.0,0.9193480610847473,0.9470201134681702,0.7519891262054443,0.7538700699806213
CICIoT2023,SNN_Dense,0,7,0.7806226774061628,0.8993177827219168,0.9238337645548164,15995.622442626951,3.0,0.9965845346450806,0.0,0.0,0.40271599929613267,0.8814035058021545,1.1124249696731567,,
CICIoT2023,Dense_SNN,0,7,0.696148938638209,0.8851054238630647,0.8974771357904332,24463.199999999997,3.0,0.0,0.922346830368042,0.3211191979822469,0.0,,,0.724170446395874,1.1216578483581543
CICIoT2023,Dense_AE,0,7,0.8043851538766346,0.8794490872253136,0.9050807849877659,15032.8,,0.0,0.0,0.4303403491964181,0.4590383412192547,,,,
CICIoT2023,SNN_AE_T2,0,7,0.7639541253917932,0.8715677608708617,0.9041904657654022,11551.395202636719,2.0,1.3529821634292603,0.5292268991470337,0.0,0.0,1.5295928716659546,1.1753603219985962,0.6097339987754822,0.44825881719589233
CICIoT2023,SNN_AE_T5,0,7,0.7411642218379906,0.880858428344901,0.9057623986692445,11779.48166503906,5.0,1.5778257846832275,1.2528425455093384,0.0,0.0,1.514971137046814,1.6410402059555054,1.2658616304397583,1.2397490739822388
CICIoT2023,SNN_AE_T7,0,7,0.7151286377458129,0.8897369793554168,0.9095430825473088,11646.207954406738,7.0,1.373422384262085,1.6651331186294556,0.0,0.0,1.0693758726119995,1.67920982837677,1.5209881067276,1.810103416442871
CICIoT2023,SNN_AE_noBN,0,7,0.7572394484752555,0.8874164379263364,0.9030520911550048,10628.81282043457,3.0,0.966047465801239,0.7196569442749023,0.0,0.0,0.9803161025047302,0.951697051525116,0.7527104616165161,0.6864142417907715
CICIoT2023,SNN_AE,0,8,0.7058751951976313,0.9183378053919888,0.9411501836515225,11303.721697998046,3.0,1.0064797401428223,0.7493095397949219,0.0,0.0,0.8774921298027039,1.1362038850784302,0.704322099685669,0.7945539355278015
CICIoT2023,SNN_Dense,0,8,0.7488972966615044,0.9089804825595584,0.9348381872535381,15606.793603515624,3.0,0.6193259954452515,0.0,0.0,0.43268751368641684,0.6083880066871643,0.6303264498710632,,
CICIoT2023,Dense_SNN,0,8,0.7614147160762308,0.9301075897283453,0.9515783296972866,24463.199999999997,3.0,0.0,0.7457159161567688,0.38027293647938437,0.0,,,0.663862407207489,0.8280367851257324
CICIoT2023,Dense_AE,0,8,0.7950294162015387,0.8918036046087026,0.9258792301932123,15032.8,,0.0,0.0,0.40473960614402804,0.5913983803103298,,,,
CICIoT2023,SNN_AE_T2,0,8,0.7336128498877997,0.8974722343228085,0.9261927901616662,11792.105651855469,2.0,1.596908688545227,0.5672702193260193,0.0,0.0,1.8155980110168457,1.3769705295562744,0.6423660516738892,0.49174559116363525
CICIoT2023,SNN_AE_T5,0,8,0.737686593002206,0.9131098796445303,0.9369863357318603,11950.380865478513,5.0,1.6833559274673462,1.206913709640503,0.0,0.0,1.4580658674240112,1.9099323749542236,1.0943548679351807,1.3201152086257935
CICIoT2023,SNN_AE_T7,0,8,0.7684861107093615,0.8989554854190482,0.9309105999043024,11714.69440307617,7.0,1.3846970796585083,1.6991987228393555,0.0,0.0,0.8935768008232117,1.8786215782165527,1.487616777420044,1.9119887351989746
CICIoT2023,SNN_AE_noBN,0,8,0.7229692631747078,0.9063900459169849,0.9304920942738679,10646.5536529541,3.0,1.0023081302642822,0.618956983089447,0.0,0.0,1.0466853380203247,0.95767742395401,0.6352615356445312,0.6025593280792236
CICIoT2023,SNN_AE,0,9,0.7823771214356633,0.9076086926045335,0.9296523900142424,11210.640087890624,3.0,0.9269927144050598,0.6377034187316895,0.0,0.0,0.8914292454719543,0.9627593159675598,0.6304692625999451,0.644978940486908
CICIoT2023,SNN_Dense,0,9,0.844721049913635,0.9150146801010701,0.9360997625074065,15913.600054931641,3.0,0.9318755865097046,0.0,0.0,0.4176984432678471,0.7926486134529114,1.0718975067138672,,
CICIoT2023,Dense_SNN,0,9,0.8861744897697882,0.9192032609805939,0.9422864033054206,24463.199999999997,3.0,0.0,0.8238369822502136,0.3295936014046174,0.0,,,0.6606362462043762,0.9879696369171143
CICIoT2023,Dense_AE,0,9,0.8398402244721063,0.9178451915613548,0.9381423623404859,15032.8,,0.0,0.0,0.3575006940968529,0.5364877428361384,,,,
CICIoT2023,SNN_AE_T2,0,9,0.8153804050355774,0.9004357917606322,0.9277039568642107,11732.431982421873,2.0,1.5103574991226196,0.6401716470718384,0.0,0.0,1.6796818971633911,1.3400661945343018,0.7151733636856079,0.5647416710853577
CICIoT2023,SNN_AE_T5,0,9,0.8315902078489271,0.909053146509251,0.9334106174144777,11858.249655151365,5.0,1.634250521659851,1.177021861076355,0.0,0.0,1.358553171157837,1.9115220308303833,1.0686008930206299,1.2860617637634277
CICIoT2023,SNN_AE_T7,0,9,0.8411798172314475,0.9043695142292497,0.9320159994267483,11742.889633178711,7.0,1.481177806854248,1.674915075302124,0.0,0.0,0.8987423777580261,2.066938638687134,1.4779129028320312,1.873042106628418
CICIoT2023,SNN_AE_noBN,0,9,0.8146446105930187,0.9163532439459858,0.9312008289234225,10601.62569580078,3.0,0.9274812936782837,0.6050083041191101,0.0,0.0,0.9170174598693848,0.9380049109458923,0.6007658243179321,0.6092749834060669
CICIoT2023,SNN_AE,1,0,0.6758337481333997,0.9043336340232198,0.9346637379124894,11250.614392089843,3.0,0.9903415441513062,0.8537200689315796,0.0,0.0,0.9148074984550476,1.0663068294525146,0.8068221211433411,0.9008857607841492
CICIoT2023,SNN_Dense,1,0,0.7694038677911662,0.9295610792540493,0.9512771778829012,15864.639978027342,3.0,0.9049102067947388,0.0,0.0,0.38416769966526937,0.7821687459945679,1.0283524990081787,,
CICIoT2023,Dense_SNN,1,0,0.6253974070202287,0.9208078902347351,0.9449281301298655,24463.199999999997,3.0,0.0,0.819675862789154,0.31236729063692675,0.0,,,0.7992618680000305,0.8402063846588135
CICIoT2023,Dense_AE,1,0,0.8338716446780168,0.9025069769717788,0.9285178792678055,15032.8,,0.0,0.0,0.437454785944441,0.45493478422386285,,,,
CICIoT2023,SNN_AE_T2,1,0,0.635288087814462,0.8896249682703664,0.9199764384684266,11736.031982421875,2.0,1.5040689706802368,0.5309706330299377,0.0,0.0,1.6673240661621094,1.3398818969726562,0.6044067740440369,0.45711520314216614
CICIoT2023,SNN_AE_T5,1,0,0.7725207266578925,0.91730195381144,0.9432228401501916,11772.742376708982,5.0,1.566175103187561,1.3729573488235474,0.0,0.0,1.2731677293777466,1.8608553409576416,1.25761878490448,1.4889544248580933
CICIoT2023,SNN_AE_T7,1,0,0.7745997619687488,0.8923380219180662,0.9299861079082306,11514.073683166502,7.0,1.279712200164795,1.5957744121551514,0.0,0.0,0.8368979692459106,1.7250548601150513,1.449674129486084,1.7427088022232056
CICIoT2023,SNN_AE_noBN,1,0,0.6278772241036392,0.9222395755844215,0.9450280875157627,10659.83043823242,3.0,0.991680383682251,0.7631993293762207,0.0,0.0,1.0054024457931519,0.9778798818588257,0.7812792658805847,0.7450161576271057
CICIoT2023,SNN_AE,1,1,0.8296115798661623,0.915924599258551,0.9401465263084517,11224.579266357421,3.0,0.9578021168708801,0.8064376711845398,0.0,0.0,0.9337015748023987,0.9820401668548584,0.8101887106895447,0.8026651740074158
CICIoT2023,SNN_Dense,1,1,0.867126372326537,0.9235916610547268,0.9465745867302282,15926.27196044922,3.0,0.9670602083206177,0.0,0.0,0.30252602374397797,0.7675010561943054,1.167758822441101,,
CICIoT2023,Dense_SNN,1,1,0.8311796657507912,0.9091371161784737,0.9388386689655964,24463.199999999997,3.0,0.0,0.8583189249038696,0.27718146820058814,0.0,,,0.7246384620666504,0.9927627444267273
CICIoT2023,Dense_AE,1,1,0.8467323604903703,0.8894310284315866,0.9292014936078131,15032.8,,0.0,0.0,0.39943831922980666,0.4170959965275605,,,,
CICIoT2023,SNN_AE_T2,1,1,0.8390257859160974,0.8870061668339544,0.9232223021071571,11741.446374511717,2.0,1.519274353981018,0.5815984010696411,0.0,0.0,1.7653276920318604,1.2718161344528198,0.6841095685958862,0.47850197553634644
CICIoT2023,SNN_AE_T5,1,1,0.8246947954594132,0.9050785859990814,0.9305103039514044,11882.15370788574,5.0,1.6496106386184692,1.2514387369155884,0.0,0.0,1.4638490676879883,1.8364328145980835,1.178555965423584,1.324737787246704
CICIoT2023,SNN_AE_T7,1,1,0.8374826544771855,0.8957601139392027,0.9263784552126709,11681.142404174803,7.0,1.4178621768951416,1.741334080696106,0.0,0.0,0.8204838037490845,2.0186514854431152,1.4632017612457275,2.02105450630188
CICIoT2023,SNN_AE_noBN,1,1,0.7856521075822707,0.8944959902918026,0.9220835720057602,10652.716735839844,3.0,0.9967763423919678,0.7000969052314758,0.0,0.0,1.002916693687439,0.9906010031700134,0.7533797025680542,0.6465098261833191
CICIoT2023,SNN_AE,1,2,0.809870148952192,0.8942754871072177,0.9243208176846033,11425.94885559082,3.0,1.1456540822982788,0.7687689661979675,0.0,0.0,0.9055880904197693,1.3870906829833984,0.6999163627624512,0.8380147218704224
CICIoT2023,SNN_Dense,1,2,0.7035606603003015,0.917476509306034,0.9367384479727285,15831.635263061522,3.0,0.8532283306121826,0.0,0.0,0.36192849433773383,0.8455885052680969,0.8609117865562439,,
CICIoT2023,Dense_SNN,1,2,0.8224099745714052,0.9272801425402178,0.9455723328635199,24463.199999999997,3.0,0.0,0.8624011874198914,0.36164670079146594,0.0,,,0.7058554887771606,1.0198407173156738
CICIoT2023,Dense_AE,1,2,0.8154424400599171,0.894324197767824,0.9274586612401308,15032.8,,0.0,0.0,0.4492656748576613,0.47187587984108115,,,,
CICIoT2023,SNN_AE_T2,1,2,0.7787731832821234,0.8844477110930469,0.9097856870506621,11890.860766601561,2.0,1.6708077192306519,0.639131486415863,0.0,0.0,1.7593421936035156,1.5817676782608032,0.6792973279953003,0.5987362861633301
CICIoT2023,SNN_AE_T5,1,2,0.8079532639440942,0.9000501158781509,0.9291981508535837,12195.526358032224,5.0,1.931910753250122,1.321264386177063,0.0,0.0,1.5112831592559814,2.354940176010132,1.212018370628357,1.4311343431472778
CICIoT2023,SNN_AE_T7,1,2,0.7589989319631671,0.9004792739892851,0.9283620880843596,11640.966253662107,7.0,1.385803461074829,1.7961403131484985,0.0,0.0,0.9167366623878479,1.857548475265503,1.5666112899780273,2.026979923248291
CICIoT2023,SNN_AE_noBN,1,2,0.7673112688008956,0.8806458662174668,0.901926697553215,10611.331127929687,3.0,0.9540642499923706,0.6344416737556458,0.0,0.0,0.9349440336227417,0.9732936024665833,0.656399130821228,0.612358808517456
CICIoT2023,SNN_AE,1,3,0.7803756519756406,0.9248907490676221,0.949685385315091,11171.414447021483,3.0,0.8987447619438171,0.8259643912315369,0.0,0.0,0.9437363743782043,0.8534955978393555,0.8343377113342285,0.8175431489944458
CICIoT2023,SNN_Dense,1,3,0.8459298668152488,0.9270980557301296,0.9513295221775435,15840.70722351074,3.0,0.864071249961853,0.0,0.0,0.36035247135650883,0.8307089805603027,0.8976244926452637,,
CICIoT2023,Dense_SNN,1,3,0.8438518518518519,0.9274969148879235,0.9510396857811738,24463.199999999997,3.0,0.0,0.827897846698761,0.3554813670668283,0.0,,,0.690583348274231,0.9659985303878784
CICIoT2023,Dense_AE,1,3,0.8455310793727642,0.8647669382069291,0.9112106018839953,15032.8,,0.0,0.0,0.4399364075392015,0.4331753705079576,,,,
CICIoT2023,SNN_AE_T2,1,3,0.8149239438694708,0.900576145131374,0.9321889610241014,11522.163220214843,2.0,1.2933069467544556,0.656358540058136,0.0,0.0,1.5145998001098633,1.0707470178604126,0.7672000527381897,0.5448823571205139
CICIoT2023,SNN_AE_T5,1,3,0.8209341216679308,0.9284124882219909,0.9497414077893891,11800.102453613279,5.0,1.5600521564483643,1.3747791051864624,0.0,0.0,1.3592631816864014,1.7619906663894653,1.262061357498169,1.4881421327590942
CICIoT2023,SNN_AE_T7,1,3,0.8227999963367615,0.9189306101628049,0.9467327482910507,11823.356809997556,7.0,1.5736311674118042,1.5948426723480225,0.0,0.0,0.9464370608329773,2.204416275024414,1.3934649229049683,1.7973735332489014
CICIoT2023,SNN_AE_noBN,1,3,0.7947579476729513,0.9165420424390609,0.9418072767821153,10597.91047668457,3.0,0.9288724660873413,0.679193377494812,0.0,0.0,0.9454948902130127,0.9121549129486084,0.6923209428787231,0.6659907102584839
CICIoT2023,SNN_AE,1,4,0.7885991953602591,0.8763631558247655,0.902326090276622,11306.860876464842,3.0,1.0438004732131958,0.7470139265060425,0.0,0.0,0.9402568340301514,1.1479352712631226,0.7243245244026184,0.7698328495025635
CICIoT2023,SNN_Dense,1,4,0.8251349755717745,0.914152347136565,0.9321254470748175,15909.193603515625,3.0,0.9298644661903381,0.0,0.0,0.31374521953012574,0.8115797638893127,1.0488245487213135,,
CICIoT2023,Dense_SNN,1,4,0.8385933731115907,0.9027199954492824,0.9228170983560693,24463.199999999997,3.0,0.0,0.9788777232170105,0.33222408183695173,0.0,,,0.8035608530044556,1.1551955938339233
CICIoT2023,Dense_AE,1,4,0.8172293968155179,0.8940158007764356,0.9245686341233,15032.8,,0.0,0.0,0.41498682193580677,0.480188422855534,,,,
CICIoT2023,SNN_AE_T2,1,4,0.7713206042536995,0.8470189470104416,0.8883625037520688,11858.83518066406,2.0,1.6518818140029907,0.6722743511199951,0.0,0.0,1.7927675247192383,1.5101916790008545,0.7383108735084534,0.6058607697486877
CICIoT2023,SNN_AE_T5,1,4,0.8108383311041119,0.88371865286527,0.9119105821018402,12013.71196594238,5.0,1.786049723625183,1.4629325866699219,0.0,0.0,1.458181381225586,2.1157901287078857,1.3972718715667725,1.528968095779419
CICIoT2023,SNN_AE_T7,1,4,0.8471491062357791,0.8872760663450582,0.9145574648115858,11740.844747924803,7.0,1.4760453701019287,1.7211549282073975,0.0,0.0,1.1007574796676636,1.8534759283065796,1.61147141456604,1.8314646482467651
CICIoT2023,SNN_AE_noBN,1,4,0.8065299490981999,0.8996064195700428,0.9174081804336787,10652.630465698241,3.0,0.9890357255935669,0.6986925601959229,0.0,0.0,0.9967197179794312,0.981307864189148,0.7267601490020752,0.6704646944999695
CICIoT2023,SNN_AE,1,5,0.8559887569937332,0.9235784636067984,0.9440466452362569,11369.961676025388,3.0,1.0962998867034912,0.8380528092384338,0.0,0.0,0.978237509727478,1.2150362730026245,0.8028409481048584,0.8734656572341919
CICIoT2023,SNN_Dense,1,5,0.8470669647609922,0.9299638714618018,0.9461668375250076,16007.97769470215,3.0,1.0275508165359497,0.0,0.0,0.41780280219608334,0.8252243995666504,1.231032371520996,,
CICIoT2023,Dense_SNN,1,5,0.7975161987041036,0.9147812082277462,0.9367620741408518,24463.199999999997,3.0,0.0,0.8066031336784363,0.33757962561784394,0.0,,,0.6947712302207947,0.9190735220909119
CICIoT2023,Dense_AE,1,5,0.8465024806686631,0.8835453090603931,0.9155069205268576,15032.8,,0.0,0.0,0.3855639585809923,0.5049398188700495,,,,
CICIoT2023,SNN_AE_T2,1,5,0.8420419233739874,0.9089666799395929,0.9314853658538085,11797.318444824217,2.0,1.5672119855880737,0.6995919346809387,0.0,0.0,1.7232815027236938,1.410251498222351,0.7942936420440674,0.6043494939804077
CICIoT2023,SNN_AE_T5,1,5,0.8753404930860385,0.930232182136354,0.9480798285893911,11999.945684814451,5.0,1.7494982481002808,1.2186915874481201,0.0,0.0,1.428015947341919,2.0728161334991455,1.1402901411056519,1.2975406646728516
CICIoT2023,SNN_AE_T7,1,5,0.8540615759262481,0.9120564287754593,0.9346804688706806,11609.372814941406,7.0,1.3308353424072266,1.621835708618164,0.0,0.0,0.8935046195983887,1.7706632614135742,1.4497219324111938,1.7949323654174805
CICIoT2023,SNN_AE_noBN,1,5,0.8339007605939877,0.917468007048719,0.9397603824793601,10674.374496459961,3.0,1.0116209983825684,0.6578933596611023,0.0,0.0,0.9885136485099792,1.0348602533340454,0.6742233633995056,0.6414700746536255
CICIoT2023,SNN_AE,1,6,0.8393004171077513,0.9193658375675191,0.9425052686098405,11241.542431640624,3.0,0.9813756942749023,0.7565844058990479,0.0,0.0,0.8892202973365784,1.0740573406219482,0.7051882147789001,0.8082740306854248
CICIoT2023,SNN_Dense,1,6,0.8340413455483917,0.9197191809687034,0.9404588386818769,15832.499118041993,3.0,0.8543608784675598,0.0,0.0,0.32988248255959457,0.7321397066116333,0.9772799015045166,,
CICIoT2023,Dense_SNN,1,6,0.8206377325066431,0.9173640675585829,0.9388189099083574,24463.199999999997,3.0,0.0,0.8414067029953003,0.2993270682131014,0.0,,,0.7534674406051636,0.9298480153083801
CICIoT2023,Dense_AE,1,6,0.8462400990321047,0.9057476941501872,0.9325229506275439,15032.8,,0.0,0.0,0.421800702308703,0.45885007703497466,,,,
CICIoT2023,SNN_AE_T2,1,6,0.7932966127098321,0.8980680120642948,0.9279643223101235,11731.193603515625,2.0,1.5330424308776855,0.5832955241203308,0.0,0.0,1.74570631980896,1.3191641569137573,0.6702260971069336,0.49586862325668335
CICIoT2023,SNN_AE_T5,1,6,0.8307199246758891,0.910092837329585,0.9354118599743049,11699.676840209959,5.0,1.4866291284561157,1.2358814477920532,0.0,0.0,1.4203689098358154,1.5532675981521606,1.2068971395492554,1.265031337738037
CICIoT2023,SNN_AE_T7,1,6,0.8396710365605407,0.9114357648477865,0.9381092399163923,11779.350440979004,7.0,1.5132149457931519,1.6030105352401733,0.0,0.0,0.9633592367172241,2.0662102699279785,1.4426017999649048,1.76433527469635
CICIoT2023,SNN_AE_noBN,1,6,0.8333709050577552,0.8986357110220948,0.9287963118380087,10590.94080505371,3.0,0.957854151725769,0.6908382773399353,0.0,0.0,0.94867342710495,0.9670872688293457,0.731935977935791,0.6495058536529541
CICIoT2023,SNN_AE,1,7,0.8589585859569309,0.9349497373245084,0.952563679369225,11246.121588134763,3.0,0.974635899066925,0.754230797290802,0.0,0.0,0.945805013179779,1.003631353378296,0.7505205273628235,0.7579622268676758
CICIoT2023,SNN_Dense,1,7,0.8421832727662348,0.9385352679999535,0.9542112541342906,15850.268872070312,3.0,0.8657589554786682,0.0,0.0,0.43589991123381094,0.7649937868118286,0.9670994877815247,,
CICIoT2023,Dense_SNN,1,7,0.8386213111061049,0.9302469121485197,0.9500000109771107,24463.199999999997,3.0,0.0,0.9423948526382446,0.31459353297253334,0.0,,,0.6931846737861633,1.1930279731750488
CICIoT2023,Dense_AE,1,7,0.8471483840992146,0.9220322800012478,0.9443736270385988,15032.8,,0.0,0.0,0.3981298000218983,0.545360695739223,,,,
CICIoT2023,SNN_AE_T2,1,7,0.7477843426883308,0.9157330480571677,0.9373338506368412,11785.712048339843,2.0,1.5600569248199463,0.5351134538650513,0.0,0.0,1.762368083000183,1.3565906286239624,0.5924792885780334,0.4774200916290283
CICIoT2023,SNN_AE_T5,1,7,0.8346911862998356,0.9281605615487608,0.9462109586704004,11684.959967041013,5.0,1.429071068763733,1.1710188388824463,0.0,0.0,1.393257975578308,1.4650887250900269,1.1743252277374268,1.1676936149597168
CICIoT2023,SNN_AE_T7,1,7,0.8424928772376226,0.9160896576991842,0.9393814271567483,11625.385539245604,7.0,1.370053768157959,1.7069511413574219,0.0,0.0,0.8920716643333435,1.8507652282714844,1.4893358945846558,1.9258087873458862
CICIoT2023,SNN_AE_noBN,1,7,0.8018562946358272,0.9343874324349948,0.9504970609095054,10587.455969238279,3.0,0.9344244599342346,0.6992920637130737,0.0,0.0,0.9132483005523682,0.9557215571403503,0.7360175848007202,0.6623568534851074
CICIoT2023,SNN_AE,1,8,0.7913216703329903,0.8331814920799482,0.882517149609504,11282.092858886717,3.0,1.027158260345459,0.7191647291183472,0.0,0.0,0.9013286828994751,1.1537083387374878,0.6809521913528442,0.7575960755348206
CICIoT2023,SNN_Dense,1,8,0.7155393162521152,0.8466832700432587,0.8898473751882688,15768.59197692871,3.0,0.7845112681388855,0.0,0.0,0.3591803366832206,0.756462037563324,0.8127210736274719,,
CICIoT2023,Dense_SNN,1,8,0.7169875617652071,0.8387866040952761,0.8887366121420096,24463.199999999997,3.0,0.0,0.7690508365631104,0.4465830661244281,0.0,,,0.7414913773536682,0.7967681288719177
CICIoT2023,Dense_AE,1,8,0.7224342744372118,0.8339166391273035,0.8899948924296154,15032.8,,0.0,0.0,0.43491768662260977,0.46026448793649555,,,,
CICIoT2023,SNN_AE_T2,1,8,0.7969034779504331,0.8347467229381029,0.8900884408132325,11626.563220214843,2.0,1.4036078453063965,0.5674424767494202,0.0,0.0,1.5393340587615967,1.2671043872833252,0.6056300401687622,0.529036283493042
CICIoT2023,SNN_AE_T5,1,8,0.8358261887240777,0.8780167779403736,0.9196203358550123,11669.49437561035,5.0,1.4481523036956787,1.2523061037063599,0.0,0.0,1.2853963375091553,1.6118402481079102,1.2063196897506714,1.298555850982666
CICIoT2023,SNN_AE_T7,1,8,0.685066321142626,0.8408650468444415,0.8880635433752355,11652.88959197998,7.0,1.408582091331482,1.7057582139968872,0.0,0.0,1.069313406944275,1.7497931718826294,1.5788607597351074,1.8333823680877686
CICIoT2023,SNN_AE_noBN,1,8,0.7851825393841411,0.8604836067544073,0.9034325983682845,10669.50719604492,3.0,1.0326968431472778,0.6643838286399841,0.0,0.0,1.098441243171692,0.9665759801864624,0.7055505514144897,0.6229813694953918
CICIoT2023,SNN_AE,1,9,0.7555121760773023,0.9376438644219652,0.9603626776241203,11175.417645263671,3.0,0.9079220294952393,0.7033922076225281,0.0,0.0,0.9453617334365845,0.8698774576187134,0.6690447330474854,0.7382946014404297
CICIoT2023,SNN_Dense,1,9,0.7008283999551665,0.9382754886826605,0.9603971779876509,15894.390405273436,3.0,0.9204480648040771,0.0,0.0,0.3837691103244379,0.8550232648849487,0.9869298934936523,,
CICIoT2023,Dense_SNN,1,9,0.6424700558956614,0.9169277140729708,0.9486105751141694,24463.199999999997,3.0,0.0,0.8039820194244385,0.28910808760600637,0.0,,,0.6181021332740784,0.9928652048110962
CICIoT2023,Dense_AE,1,9,0.8236053957299182,0.890609544219046,0.9341821959853233,15032.8,,0.0,0.0,0.3454626351824477,0.47295597331362327,,,,
CICIoT2023,SNN_AE_T2,1,9,0.6700740586210493,0.9299454271168177,0.9489778859606943,11521.097546386718,2.0,1.299584984779358,0.4462156295776367,0.0,0.0,1.6725026369094849,0.9206421375274658,0.5438831448554993,0.3469701111316681
CICIoT2023,SNN_AE_T5,1,9,0.714665913948143,0.9525170574311849,0.9651389546819606,11584.937689208982,5.0,1.344240427017212,1.1258244514465332,0.0,0.0,1.4114247560501099,1.2759705781936646,1.0355404615402222,1.2175672054290771
CICIoT2023,SNN_AE_T7,1,9,0.7551476690261166,0.9275902371223266,0.9485339574529441,11700.0640335083,7.0,1.4116920232772827,1.5985941886901855,0.0,0.0,0.8929120898246765,1.9388539791107178,1.3204036951065063,1.881279468536377
CICIoT2023,SNN_AE_noBN,1,9,0.6354003895798104,0.9618230141232165,0.9723859146230625,10625.126358032227,3.0,0.9511871933937073,0.68155437707901,0.0,0.0,0.9447958469390869,0.9576818346977234,0.6555066108703613,0.7080230116844177
CICIoT2023,SNN_AE,2,0,0.8271621856186222,0.9036688411022767,0.9323459113823663,11256.115164184568,3.0,1.0000793933868408,0.8292413949966431,0.0,0.0,0.9253005385398865,1.0752853155136108,0.8179741501808167,0.8405730128288269
CICIoT2023,SNN_Dense,2,0,0.7991423381584615,0.9093744167711069,0.935105932487883,15858.851144409178,3.0,0.9028467535972595,0.0,0.0,0.316668980322843,0.7233726382255554,1.0833455324172974,,
CICIoT2023,Dense_SNN,2,0,0.786590150605542,0.9245327618023533,0.9469999440940593,24463.199999999997,3.0,0.0,0.9405259490013123,0.36103472243946694,0.0,,,0.7005617022514343,1.181860327720642
CICIoT2023,Dense_AE,2,0,0.8413368911401565,0.9360714288947323,0.9573583112171624,15032.8,,0.0,0.0,0.4137956148720516,0.40981799998435836,,,,
CICIoT2023,SNN_AE_T2,2,0,0.8169688487002643,0.8987058105445754,0.9308034379354022,11756.998400878905,2.0,1.5489174127578735,0.722953200340271,0.0,0.0,1.656288504600525,1.440933346748352,0.7725014090538025,0.6731220483779907
CICIoT2023,SNN_AE_T5,2,0,0.8127940141497203,0.9315479959410535,0.9511792365459433,11645.561621093748,5.0,1.4249786138534546,1.3361139297485352,0.0,0.0,1.3103739023208618,1.5402377843856812,1.2566146850585938,1.416067123413086
CICIoT2023,SNN_AE_T7,2,0,0.8421203798445438,0.9117307313504683,0.9391259545087292,11550.505555725096,7.0,1.288812279701233,1.617369532585144,0.0,0.0,0.9577987790107727,1.6217156648635864,1.4964569807052612,1.738972544670105
CICIoT2023,SNN_AE_noBN,2,0,0.7799110367638672,0.9261178146524542,0.944414954398603,10616.803225708007,3.0,0.9636383652687073,0.798062801361084,0.0,0.0,0.9415055513381958,0.9858975410461426,0.7769227623939514,0.8193235397338867
CICIoT2023,SNN_AE,2,1,0.8235661879631503,0.9201469206832699,0.9451968428991467,11136.45122680664,3.0,0.8557108640670776,0.7644805908203125,0.0,0.0,0.9323286414146423,0.7786543965339661,0.7843357920646667,0.7445117831230164
CICIoT2023,SNN_Dense,2,1,0.83635373655792,0.9316811264073593,0.9520725514290342,15864.409594726563,3.0,0.8895522356033325,0.0,0.0,0.3589640441090212,0.8381872177124023,0.9412112832069397,,
CICIoT2023,Dense_SNN,2,1,0.8381406221902535,0.9081883957900403,0.9354997031206704,24463.199999999997,3.0,0.0,1.109234094619751,0.2942546826731318,0.0,,,0.855775773525238,1.3641436100006104
CICIoT2023,Dense_AE,2,1,0.8319982641086379,0.8749843792327818,0.9126595739752041,15032.8,,0.0,0.0,0.4028074042935909,0.5788541625933602,,,,
CICIoT2023,SNN_AE_T2,2,1,0.7024855836150328,0.8994658285892537,0.9224711176981529,11696.748828124999,2.0,1.457112193107605,0.6230083703994751,0.0,0.0,1.7619390487670898,1.1505402326583862,0.7673399448394775,0.4778504967689514
CICIoT2023,SNN_AE_T5,2,1,0.8214607588883371,0.9204049436903359,0.9430686145664693,11779.85602416992,5.0,1.5508123636245728,1.2695176601409912,0.0,0.0,1.6180827617645264,1.4831569194793701,1.309399127960205,1.229407787322998
CICIoT2023,SNN_AE_T7,2,1,0.8320018968410301,0.911514032903499,0.9390579808609225,11644.07693634033,7.0,1.4262803792953491,1.702851414680481,0.0,0.0,0.8553526997566223,2.0004770755767822,1.520277976989746,1.886470079421997
CICIoT2023,SNN_AE_noBN,2,1,0.7969908031654221,0.9115977912237967,0.9349801112743873,10644.393685913084,3.0,0.9875413179397583,0.6928225159645081,0.0,0.0,1.0165157318115234,0.9584009647369385,0.720164954662323,0.6653235554695129
CICIoT2023,SNN_AE,2,2,0.806206953475362,0.9238703999677045,0.945311238790814,11187.71521911621,3.0,0.9106098413467407,0.7434835433959961,0.0,0.0,1.029327630996704,0.7912142276763916,0.775992751121521,0.7107887268066406
CICIoT2023,SNN_Dense,2,2,0.8368234258275922,0.9413587949650958,0.9583042458595658,15964.748773193358,3.0,1.0071320533752441,0.0,0.0,0.34981430465181756,0.755752444267273,1.2599470615386963,,
CICIoT2023,Dense_SNN,2,2,0.8305416019727829,0.9427924677061141,0.9588546271476635,24463.199999999997,3.0,0.0,0.922166109085083,0.3340194464430958,0.0,,,0.7698893547058105,1.0753122568130493
CICIoT2023,Dense_AE,2,2,0.8451395277522232,0.8850547119805592,0.9246194347181572,15032.8,,0.0,0.0,0.43328336161859476,0.4197980862478884,,,,
CICIoT2023,SNN_AE_T2,2,2,0.752199984424889,0.9271393408921731,0.9474104091990455,11724.137634277344,2.0,1.498982548713684,0.6363565325737,0.0,0.0,1.788439393043518,1.207872986793518,0.7505970597267151,0.5214637517929077
CICIoT2023,SNN_AE_T5,2,2,0.8353254013631373,0.943600251390446,0.9602346980346986,11465.446401977537,5.0,1.1936850547790527,1.104379415512085,0.0,0.0,1.4187501668930054,0.9673348069190979,1.185723900794983,1.0225706100463867
CICIoT2023,SNN_AE_T7,2,2,0.8464081647320947,0.9327686535075084,0.9528511005012957,11811.89432067871,7.0,1.5865881443023682,1.6164884567260742,0.0,0.0,0.894783616065979,2.2823426723480225,1.3509013652801514,1.883592128753662
CICIoT2023,SNN_AE_noBN,2,2,0.7576775292534915,0.9288025183083808,0.9471368855096125,10642.032009887695,3.0,0.9824241995811462,0.7589670419692993,0.0,0.0,1.0078424215316772,0.9568607807159424,0.7721768021583557,0.745681881904602
CICIoT2023,SNN_AE,2,3,0.6817252642529262,0.8288758844386868,0.8795936781020471,11233.392004394529,3.0,0.9439973831176758,0.760624349117279,0.0,0.0,0.7773643136024475,1.1115819215774536,0.6545377373695374,0.8673166632652283
CICIoT2023,SNN_Dense,2,3,0.7691930541368743,0.8500536352220647,0.8967271742564463,15766.0,3.0,0.7886262536048889,0.0,0.0,0.34143846195958205,0.7727105021476746,0.804632842540741,,
CICIoT2023,Dense_SNN,2,3,0.6817237382169181,0.832204978631812,0.8814198127357922,24463.199999999997,3.0,0.0,0.8625345826148987,0.3629041403366077,0.0,,,0.7719126343727112,0.9536740183830261
CICIoT2023,Dense_AE,2,3,0.8477066529991998,0.8438158582720607,0.8967917626402854,15032.8,,0.0,0.0,0.4273456563223425,0.43395546244447225,,,,
CICIoT2023,SNN_AE_T2,2,3,0.7513192368722094,0.8144434049153867,0.8666752674979878,11713.827185058592,2.0,1.5127789974212646,0.5791627168655396,0.0,0.0,1.681109070777893,1.3434877395629883,0.6405075192451477,0.5174676179885864
CICIoT2023,SNN_AE_T5,2,3,0.8343449027803016,0.8711984758766095,0.9124023581264138,11762.806341552732,5.0,1.5424723625183105,1.2447764873504639,0.0,0.0,1.3486138582229614,1.7374377250671387,1.2262517213821411,1.2634068727493286
CICIoT2023,SNN_AE_T7,2,3,0.7824471482006751,0.8499569717421236,0.8984274639473486,11760.486297607422,7.0,1.4583803415298462,1.7236145734786987,0.0,0.0,1.0368620157241821,1.882305383682251,1.6993485689163208,1.7480190992355347
CICIoT2023,SNN_AE_noBN,2,3,0.7989919260745788,0.8678608955738768,0.9110989258547302,10691.452770996093,3.0,1.0251028537750244,0.6680755615234375,0.0,0.0,1.0752404928207397,0.9746789336204529,0.7063487768173218,0.6295838356018066
CICIoT2023,SNN_AE,2,4,0.8372809656656274,0.956077722245428,0.9701482348234048,11350.95357055664,3.0,1.1009445190429688,0.8644533157348633,0.0,0.0,0.9350754618644714,1.269493579864502,0.8252629041671753,0.904276967048645
CICIoT2023,SNN_Dense,2,4,0.8490567739956515,0.9405253708176694,0.960955564019908,15989.228811645506,3.0,1.0313618183135986,0.0,0.0,0.3954132790010114,0.8033083081245422,1.263100028038025,,
CICIoT2023,Dense_SNN,2,4,0.8356045601000375,0.9432703705452542,0.963911159770352,24463.199999999997,3.0,0.0,0.8787065744400024,0.28551335291371666,0.0,,,0.7111381888389587,1.0489823818206787
CICIoT2023,Dense_AE,2,4,0.848701556687254,0.9516228558802342,0.9688960373448394,15032.8,,0.0,0.0,0.3984908678907648,0.42111399089706686,,,,
CICIoT2023,SNN_AE_T2,2,4,0.808734081417186,0.9509393641223084,0.9660782343886299,11786.460766601562,2.0,1.589800238609314,0.5849573016166687,0.0,0.0,1.8399211168289185,1.3356382846832275,0.66449373960495,0.50413578748703
CICIoT2023,SNN_AE_T5,2,4,0.8243933000423814,0.9333008840782376,0.9533342554822292,12074.336035156248,5.0,1.8793483972549438,1.4205729961395264,0.0,0.0,1.7288944721221924,2.032233238220215,1.3546817302703857,1.487528920173645
CICIoT2023,SNN_AE_T7,2,4,0.8469147177583264,0.9093955642324851,0.9405055004871276,11548.892776489258,7.0,1.2992929220199585,1.5619055032730103,0.0,0.0,0.8114044666290283,1.7950642108917236,1.3111718893051147,1.81669020652771
CICIoT2023,SNN_AE_noBN,2,4,0.8210707287314675,0.9175030465708975,0.9448703834371279,10637.798345947263,3.0,0.9723814725875854,0.7331770658493042,0.0,0.0,0.9877537488937378,0.9567607641220093,0.7528688311576843,0.713167130947113
CICIoT2023,SNN_AE,2,5,0.728781459281098,0.8968968600232732,0.916642572620027,11187.600027465818,3.0,0.9210749864578247,0.6733304858207703,0.0,0.0,0.9324607253074646,0.9096240401268005,0.7030135989189148,0.6434774398803711
CICIoT2023,SNN_Dense,2,5,0.8375024585620541,0.9222972673183756,0.9408036891002861,15792.064047241209,3.0,0.813910186290741,0.0,0.0,0.35644478551597386,0.7797882556915283,0.8482274413108826,,
CICIoT2023,Dense_SNN,2,5,0.8214071937748272,0.9223117052233043,0.9437035228068222,24463.199999999997,3.0,0.0,0.8121446371078491,0.3667613303093106,0.0,,,0.7091086506843567,0.9157705903053284
CICIoT2023,Dense_AE,2,5,0.8343217329545455,0.9008224042276974,0.9284465191745175,15032.8,,0.0,0.0,0.41220965471395615,0.44305566417706177,,,,
CICIoT2023,SNN_AE_T2,2,5,0.8158832513151196,0.8797512236132072,0.9099293370603638,11598.454370117186,2.0,1.3841253519058228,0.4773464798927307,0.0,0.0,1.6367264986038208,1.1300779581069946,0.5918627381324768,0.36217451095581055
CICIoT2023,SNN_AE_T5,2,5,0.8339852276878391,0.9117463147866961,0.9342494151696306,11885.235235595701,5.0,1.6196010112762451,1.1964296102523804,0.0,0.0,1.4621281623840332,1.7779754400253296,1.138547420501709,1.2546430826187134
CICIoT2023,SNN_AE_T7,2,5,0.837829164363779,0.8957225591882233,0.9271055444089118,11704.556686401367,7.0,1.4193384647369385,1.5612907409667969,0.0,0.0,0.8945122957229614,1.9471696615219116,1.4438143968582153,1.679439663887024
CICIoT2023,SNN_AE_noBN,2,5,0.8326140866449568,0.9090904307058547,0.9283815264507687,10604.390460205077,3.0,0.9445914626121521,0.741007387638092,0.0,0.0,0.946498453617096,0.9426735043525696,0.7374873161315918,0.7445475459098816
CICIoT2023,SNN_AE,2,6,0.8499344172821466,0.9147940763603067,0.9405548012455492,11104.511993408201,3.0,0.8332818746566772,0.6893982291221619,0.0,0.0,0.9329022169113159,0.7330926656723022,0.7394611835479736,0.6390495300292969
CICIoT2023,SNN_Dense,2,6,0.8489407242388503,0.9262995590574876,0.945479932970026,15967.945629882812,3.0,1.009312391281128,0.0,0.0,0.4447322936870425,0.8499089479446411,1.169625997543335,,
CICIoT2023,Dense_SNN,2,6,0.8446076675026872,0.9147224050053,0.9387957881738923,24463.199999999997,3.0,0.0,0.8176192045211792,0.3336750864199462,0.0,,,0.7358918190002441,0.8998132348060608
CICIoT2023,Dense_AE,2,6,0.8326881178313557,0.9153766721899166,0.9388437025001976,15032.8,,0.0,0.0,0.39398770373209036,0.4251040167678158,,,,
CICIoT2023,SNN_AE_T2,2,6,0.7716211975694873,0.8938722881485003,0.9189386382306004,11750.11524658203,2.0,1.5333459377288818,0.6437843441963196,0.0,0.0,1.766642689704895,1.2987171411514282,0.7456663846969604,0.5413205623626709
CICIoT2023,SNN_AE_T5,2,6,0.8410236142673649,0.9182670188579534,0.9404536761701106,11668.601599121092,5.0,1.420257806777954,1.231921672821045,0.0,0.0,1.4769073724746704,1.3632848262786865,1.2189074754714966,1.245010256767273
CICIoT2023,SNN_AE_T7,2,6,0.84122052405668,0.9065243734353086,0.9351314723086193,11696.896057128906,7.0,1.438400387763977,1.4607152938842773,0.0,0.0,1.0071332454681396,1.8721299171447754,1.3577826023101807,1.564235806465149
CICIoT2023,SNN_AE_noBN,2,6,0.7042839682010565,0.9077857374150333,0.9332794965580592,10658.96641845703,3.0,1.013343334197998,0.76241135597229,0.0,0.0,1.0267574787139893,0.9998524785041809,0.7991112470626831,0.7255019545555115
CICIoT2023,SNN_AE,2,7,0.8351991577469732,0.9159013184236167,0.9389094718263613,11136.30719604492,3.0,0.867870569229126,0.7154914140701294,0.0,0.0,0.9639728665351868,0.7712196111679077,0.7403497099876404,0.6904911994934082
CICIoT2023,SNN_Dense,2,7,0.855544370105747,0.9158982576990617,0.9414939410070093,16038.36167602539,3.0,1.084910273551941,0.0,0.0,0.4166900476287305,0.8317898511886597,1.3394759893417358,,
CICIoT2023,Dense_SNN,2,7,0.8416922244272055,0.9071863198334829,0.9362154054152407,24463.199999999997,3.0,0.0,0.8493120670318604,0.33208452926546955,0.0,,,0.7234374284744263,0.9759054183959961
CICIoT2023,Dense_AE,2,7,0.848254481736083,0.9214399818460621,0.9455877619467474,15032.8,,0.0,0.0,0.4138132116936745,0.4928566680222737,,,,
CICIoT2023,SNN_AE_T2,2,7,0.7608854950055922,0.8798750634745585,0.9135720088415384,11712.560021972655,2.0,1.486820936203003,0.6842910051345825,0.0,0.0,1.7663332223892212,1.2057127952575684,0.8330498337745667,0.5346828699111938
CICIoT2023,SNN_AE_T5,2,7,0.8554311250378336,0.9226053829361547,0.9449322725656978,11780.08632507324,5.0,1.5628986358642578,1.4606386423110962,0.0,0.0,1.4522730112075806,1.674155831336975,1.3432279825210571,1.5787196159362793
CICIoT2023,SNN_AE_T7,2,7,0.845746918608294,0.8917493195637429,0.9240535550880956,11704.326454162598,7.0,1.4492671489715576,1.6864378452301025,0.0,0.0,0.9668110609054565,1.9344779253005981,1.4752237796783447,1.898857831954956
CICIoT2023,SNN_AE_noBN,2,7,0.814928516608064,0.9003558853194709,0.9298543472036533,10631.203170776367,3.0,0.9703838229179382,0.6372864842414856,0.0,0.0,1.0098140239715576,0.9307284355163574,0.6678226590156555,0.6065759658813477
CICIoT2023,SNN_AE,2,8,0.7388146317720619,0.8905498145154433,0.9071331549108258,11202.662365722656,3.0,0.9351009726524353,0.7626677751541138,0.0,0.0,0.9161171913146973,0.954193115234375,0.7330653071403503,0.7924392223358154
CICIoT2023,SNN_Dense,2,8,0.7991273763412137,0.8893110542679186,0.9069261853775047,16023.356768798829,3.0,1.0502508878707886,0.0,0.0,0.4463094088250016,0.8760313391685486,1.225465178489685,,
CICIoT2023,Dense_SNN,2,8,0.7866885577165951,0.8944949546365634,0.9160749850480197,24463.199999999997,3.0,0.0,0.9321051239967346,0.32573036585747356,0.0,,,0.7739471197128296,1.0911661386489868
CICIoT2023,Dense_AE,2,8,0.8188040157136621,0.8905283757424735,0.9135289174477637,15032.8,,0.0,0.0,0.4443674040386661,0.5297295857317149,,,,
CICIoT2023,SNN_AE_T2,2,8,0.7264417640407086,0.849440681335391,0.8840222225636808,11557.93283691406,2.0,1.3288623094558716,0.5212371349334717,0.0,0.0,1.47291100025177,1.1839911937713623,0.5805445313453674,0.4615911841392517
CICIoT2023,SNN_AE_T5,2,8,0.7999213836477987,0.8885605551875428,0.9172268249536257,11621.34088745117,5.0,1.3758219480514526,1.1604350805282593,0.0,0.0,1.5762962102890015,1.1742029190063477,1.21187162399292,1.108704924583435
CICIoT2023,SNN_AE_T7,2,8,0.7996423781850693,0.8990038100026485,0.927893884771244,11850.198428344725,7.0,1.5861916542053223,1.6482112407684326,0.0,0.0,1.0445398092269897,2.13093638420105,1.5034611225128174,1.7937877178192139
CICIoT2023,SNN_AE_noBN,2,8,0.681216268027251,0.8815144023482682,0.9002883923815159,10643.587179565428,3.0,0.9922466278076172,0.6774358153343201,0.0,0.0,1.0320991277694702,0.9521666765213013,0.7365942001342773,0.6179397106170654
CICIoT2023,SNN_AE,2,9,0.8148088372426655,0.9081053001791539,0.9310900115491028,11109.667108154295,3.0,0.8360000848770142,0.697128415107727,0.0,0.0,0.8583533763885498,0.8135191202163696,0.6805153489112854,0.7138362526893616
CICIoT2023,SNN_Dense,2,9,0.8546385258918194,0.9204856838951696,0.9450918368886692,15930.448028564453,3.0,0.9426871538162231,0.0,0.0,0.3054351205186761,0.6848382353782654,1.2020083665847778,,
CICIoT2023,Dense_SNN,2,9,0.8766984454178476,0.8973769009491059,0.9345739300534466,24463.199999999997,3.0,0.0,0.9780679941177368,0.34383945050991677,0.0,,,0.7356486320495605,1.2218716144561768
CICIoT2023,Dense_AE,2,9,0.8381974023242362,0.9112828114382042,0.937623112802604,15032.8,,0.0,0.0,0.45001842778264406,0.38218634643058247,,,,
CICIoT2023,SNN_AE_T2,2,9,0.8336229796047003,0.8937634143104164,0.9274725828573427,11783.839978027343,2.0,1.577983021736145,0.7215017080307007,0.0,0.0,1.7573798894882202,1.39756178855896,0.8206202983856201,0.6218171715736389
CICIoT2023,SNN_AE_T5,2,9,0.8506625891946993,0.9098725127484315,0.9350002541030826,11668.544058227537,5.0,1.4273937940597534,1.295753002166748,0.0,0.0,1.4491978883743286,1.4054652452468872,1.2909890413284302,1.3005441427230835
CICIoT2023,SNN_AE_T7,2,9,0.881235830107842,0.9118534101328089,0.9385663125684838,11649.491191101073,7.0,1.3429778814315796,1.6048802137374878,0.0,0.0,0.9464221000671387,1.7417980432510376,1.49349844455719,1.7168980836868286
CICIoT2023,SNN_AE_noBN,2,9,0.8387938118546572,0.9069744104098888,0.9345502784822947,10594.828729248045,3.0,0.937363862991333,0.665831983089447,0.0,0.0,0.942837655544281,0.9318588376045227,0.6853129863739014,0.646239697933197
