dataset,name,valid,us_pkt_total,us_pkt_infer,pkt_per_s,us_pkt_tshark_only,total_s,parse_s,scale_s,infer_s,pbus_w,dP_w,mJ_pkt_delta,f1,recall,fpr
edge_iiotset,TSHARK_ONLY,True,,,19762.59346996435,50.60064619149421,,,,,5.358175440596847,1.5866341766066945,0.080284714605808,,,
edge_iiotset,SNN_AE,True,109.23636997029044,13.177448199496212,9154.46018823195,,36.020583761333306,29.607682167667612,2.0639679533330004,4.3452503663356765,5.328363397604425,1.5568221336142725,0.1700615985654256,0.9915049837263548,1.0,0.0266584728358952
edge_iiotset,Dense_AE,True,106.8479638795975,11.127002727358258,9359.092711648284,,35.2330092413334,29.47066052899633,2.0895067479917397,3.669118022343658,5.340706927746101,1.5691656637559483,0.1676621561621002,0.99003985049875,1.0,0.0313025079345323
edge_iiotset,LSTM_AE,True,119.74356740935426,22.8001077122006,8351.179287831048,,39.48532160966715,29.897307984000992,2.066071971009175,7.518312717990436,5.412098837311895,1.640557573321742,0.1964462163699786,0.9900104449757688,1.0,0.0313958553737009
edge_iiotset,CNN_AE,True,129.67135670767715,33.09868569527083,7711.803326422629,,42.75900020299984,29.73676374633457,2.104126793332398,10.91425850932986,5.6691466749250825,1.8976054109349296,0.2460650681317615,0.9904026622955366,1.0,0.0301512228514531
ciciot2023,TSHARK_ONLY,True,,,19193.36249579785,52.10134494249966,,,,,5.540946211739714,1.7694049477495608,0.0921883775256654,,,
ciciot2023,SNN_AE,True,106.0857426424991,13.195333545039222,9426.337367217422,,42.43429705699964,37.08872659732515,0.0632143010006984,5.278133418015689,5.496459973838455,1.724918709848302,0.1829892823321985,0.987756394469268,0.9841602900524818,0.0088161403979386
ciciot2023,Dense_AE,True,103.4518778858334,11.145273455846716,9666.3300892766,,41.38075115433336,36.85437553900071,0.0638671473279828,4.458109382338686,5.474179354763274,1.7026380907731211,0.1761411078504294,0.993189696322936,0.9950622971836064,0.008970900030436
ciciot2023,LSTM_AE,True,115.80709991583112,23.02183366085349,8635.049152658192,,46.322839966332445,37.046388805660776,0.0634444526634373,9.208733464341398,5.491682627816684,1.720141363826531,0.199204582790013,0.9842030600871414,0.9728276110732744,0.0041785100774314
ciciot2023,CNN_AE,True,126.13492501916578,33.762256734977804,7928.018348986639,,50.45397000766631,36.8801347376672,0.0643002533349014,13.504902693991122,5.733065172659148,1.9615239086689955,0.2474166711432646,0.988564353196394,0.9835593525900403,0.0065050632193098
