dataset,seed,fold,f1_SNN_AE,auc_SNN_AE,ap_SNN_AE,f1_Dense_AE,auc_Dense_AE,ap_Dense_AE,f1_diff,auc_diff,ap_diff
Edge-IIoTset,0,0,0.9954019622199444,0.9997396794509289,0.9996792917101724,0.9958992384299942,0.9998388157317026,0.9998069620505833,-0.0004972762100498018,-9.913628077373726e-05,-0.0001276703404108348
Edge-IIoTset,0,1,0.9542383292383292,0.9991345526327806,0.998604076839871,0.999059708509638,0.9990862384483261,0.9984007235455457,-0.0448213792713088,4.8314184454500975e-05,0.00020335329432530358
Edge-IIoTset,0,2,0.9959573470822592,0.9998390321991771,0.9997757013088708,0.9955493089716562,0.999836343083426,0.999739792442296,0.0004080381106030817,2.689115751186577e-06,3.5908866574785314e-05
Edge-IIoTset,0,3,0.8580395299145299,0.9972389294945608,0.9967784933199636,0.9961852221374494,0.9981249873892427,0.9976946252588147,-0.1381456922229195,-0.0008860578946818798,-0.0009161319388510947
Edge-IIoTset,0,4,0.9963326976675957,0.9995827350763568,0.9995168323910524,0.9970089730807578,0.9997125170345186,0.9996580766635419,-0.0006762754131620641,-0.00012978195816182314,-0.00014124427248951577
Edge-IIoTset,0,5,0.9508701247831682,0.9806612051431874,0.9782648118478809,0.9510223490252021,0.9990088955302037,0.9989113681879659,-0.00015222424203387153,-0.018347690387016224,-0.020646556340084943
Edge-IIoTset,0,6,0.9976813125531977,0.9999318651042997,0.9999052364999189,0.9900413487857435,0.9999409486062296,0.9998990453526527,0.007639963767454239,-9.083501929962878e-06,6.1911472661879685e-06
Edge-IIoTset,0,7,0.9946755602363817,0.9995126642524209,0.9994072514630084,0.994733762434172,0.9995274588249343,0.9994214525393329,-5.8202197790291343e-05,-1.4794572513410209e-05,-1.4201076324549256e-05
Edge-IIoTset,0,8,0.9975940379085735,0.9997525772833765,0.999705676567965,0.9973014196879033,0.9997438171542576,0.9996906026508111,0.00029261822067017107,8.760129118878801e-06,1.5073917153940464e-05
Edge-IIoTset,0,9,0.9963606480394459,0.9996017583482907,0.9993963071939249,0.9966874798463928,0.9997681727016955,0.9997229175044192,-0.0003268318069469256,-0.00016641435340480903,-0.0003266103104943019
Edge-IIoTset,1,0,0.9951110981000615,0.9994079428976893,0.9991258739417305,0.9955201592832255,0.9995186207768668,0.9993326203425268,-0.00040906118316397233,-0.00011067787917751204,-0.00020674640079632045
Edge-IIoTset,1,1,0.9958939465039888,0.999589552474719,0.9995108561207676,0.9966582634695433,0.9997151131545948,0.9996558410561031,-0.0007643169655545679,-0.00012556067987579134,-0.00014498493533543488
Edge-IIoTset,1,2,0.9941185076810534,0.9993509636493279,0.9992146642613525,0.9946755602363817,0.9993709180573167,0.9992433444112878,-0.0005570525553283412,-1.9954407988853617e-05,-2.8680149935289556e-05
Edge-IIoTset,1,3,0.990176359131322,0.9980281750407892,0.9976899650313202,0.9909936168352327,0.9985305180325131,0.9982328947546157,-0.0008172577039107232,-0.0005023429917239142,-0.0005429297232955044
Edge-IIoTset,1,4,0.9240206152970563,0.9996207238089886,0.999517862179345,0.9990303528927805,0.9997211993706009,0.9996564019620767,-0.07500973759572427,-0.00010047556161230098,-0.00013853978273170586
Edge-IIoTset,1,5,0.8748317631224765,0.9962925087865877,0.9958864972643723,0.999205765553758,0.9998777438666511,0.9998533242692356,-0.1243740024312815,-0.0035852350800633648,-0.0039668270048632825
Edge-IIoTset,1,6,0.9486285124312861,0.9967330031833609,0.996328027431052,0.948846035777077,0.9998028168114664,0.9997374695730517,-0.00021752334579094867,-0.0030698136281055444,-0.0034094421419996745
Edge-IIoTset,1,7,0.945648466809289,0.9999272043025853,0.9999059466832652,0.9982326951399116,0.9999076151826211,0.9998486079858103,-0.052584228330622595,1.958911996424728e-05,5.7338697454834e-05
Edge-IIoTset,1,8,0.9951039315136767,0.9998468698520193,0.9998317410000133,0.9968920424558728,0.9998365607185132,0.9998046158339018,-0.0017881109421961083,1.0309133506081203e-05,2.712516611147464e-05
Edge-IIoTset,1,9,0.9753484032146404,0.9993055852147402,0.9989982310463367,0.9991184249191889,0.9991255847932675,0.9983628036074004,-0.02377002170454845,0.00018000042147270356,0.0006354274389362979
Edge-IIoTset,2,0,0.9950455864677084,0.9991061162702484,0.9984698202346302,0.9960159362549801,0.9992030760477107,0.9986656990821853,-0.0009703497872717293,-9.695977746237983e-05,-0.00019587884755511986
Edge-IIoTset,2,1,0.9950782211284935,0.9993320489358938,0.9991766585712054,0.9951122428073872,0.999369400665264,0.9992200434953855,-3.40216788936587e-05,-3.7351729370249664e-05,-4.338492418010098e-05
Edge-IIoTset,2,2,0.9485238667150797,0.9985950873428675,0.9985035080891239,0.9487930793916562,0.9998126127506858,0.9997863447901865,-0.0002692126765765357,-0.0012175254078182762,-0.0012828367010625508
Edge-IIoTset,2,3,0.9955201592832255,0.9999887424964612,0.9999887590651841,0.9955201592832255,0.999977867853417,0.9999772909115545,0.0,1.087464304416752e-05,1.1468153629623501e-05
Edge-IIoTset,2,4,0.9962738021887745,0.9998596706893887,0.9998451179582157,0.997447707337108,0.9999187365655601,0.9999072150413594,-0.0011739051483334872,-5.906587617132697e-05,-6.209708314364182e-05
Edge-IIoTset,2,5,0.9956032360182905,0.9991817041858243,0.9987117775513863,0.9967459177391458,0.999325094222319,0.9991010715611698,-0.0011426817208552986,-0.00014339003649466164,-0.0003892940097834918
Edge-IIoTset,2,6,0.9948447568834212,0.9998403451616978,0.9997995454586759,0.9980918831645383,0.99986743993372,0.9998398407275966,-0.0032471262811171187,-2.7094772022118185e-05,-4.029526892068702e-05
Edge-IIoTset,2,7,0.9947021805941754,0.9995213958030363,0.9994380876843292,0.9972721673070718,0.9994838626959203,0.9993798505587803,-0.0025699867128964327,3.753310711607227e-05,5.823712554886562e-05
Edge-IIoTset,2,8,0.9918513975291334,0.998434585827944,0.998126720416445,0.9926137856538113,0.9984150521998378,0.9980924047266754,-0.0007623881246778819,1.953362810613868e-05,3.431568976963728e-05
Edge-IIoTset,2,9,0.9937430559616397,0.9999394122480546,0.9999222639863944,0.9904451176881846,0.9999527043356373,0.9999461127775999,0.0032979382734551477,-1.3292087582716938e-05,-2.384879120553851e-05
CICIoT2023,0,0,0.8538366117313486,0.9163514872711415,0.9402949616753099,0.8453698649749009,0.8837656228764083,0.9171892206079453,0.008466746756447763,0.03258586439473321,0.023105741067364627
CICIoT2023,0,1,0.8112488782256735,0.9093325572647252,0.9328655688213229,0.8380536494073612,0.9285899030342399,0.9491609733292756,-0.02680477118168767,-0.019257345769514767,-0.01629540450795275
CICIoT2023,0,2,0.8169014084507042,0.9437979979296443,0.9617159661051466,0.8488104374520338,0.8969591315402357,0.9386941600066153,-0.031909029001329525,0.046838866389408595,0.023021806098531328
CICIoT2023,0,3,0.6650008364001339,0.8739999195061249,0.9151935869831042,0.8466627555395099,0.8386261175712135,0.8946224441045268,-0.18166191913937602,0.03537380193491135,0.02057114287857731
CICIoT2023,0,4,0.684472574709563,0.9121526897287808,0.9374072049542113,0.8222577101660651,0.88885764103411,0.9216068854184719,-0.13778513545650206,0.023295048694670806,0.01580031953573935
CICIoT2023,0,5,0.83560312167822,0.9377033704057784,0.9562345434721886,0.8466625930052838,0.9207282008089757,0.9444840728603381,-0.011059471327063752,0.016975169596802786,0.011750470611850528
CICIoT2023,0,6,0.700764088841861,0.8965647609313557,0.9304008730401865,0.7635300042614187,0.9189143506022055,0.9404982202592194,-0.06276591541955767,-0.022349589670849768,-0.010097347219032882
CICIoT2023,0,7,0.7005596476719811,0.8765894330194061,0.8934269232638898,0.8043851538766346,0.8794490872253136,0.9050807849877659,-0.10382550620465347,-0.0028596542059075025,-0.011653861723876058
CICIoT2023,0,8,0.7058751951976313,0.9183378053919888,0.9411501836515225,0.7950294162015387,0.8918036046087026,0.9258792301932123,-0.08915422100390735,0.026534200783286277,0.015270953458310199
CICIoT2023,0,9,0.7823771214356633,0.9076086926045335,0.9296523900142424,0.8398402244721063,0.9178451915613548,0.9381423623404859,-0.057463103036442975,-0.010236498956821327,-0.008489972326243489
CICIoT2023,1,0,0.6758337481333997,0.9043336340232198,0.9346637379124894,0.8338716446780168,0.9025069769717788,0.9285178792678055,-0.15803789654461708,0.0018266570514409164,0.006145858644683866
CICIoT2023,1,1,0.8296115798661623,0.915924599258551,0.9401465263084517,0.8467323604903703,0.8894310284315866,0.9292014936078131,-0.017120780624207965,0.026493570826964352,0.010945032700638624
CICIoT2023,1,2,0.809870148952192,0.8942754871072177,0.9243208176846033,0.8154424400599171,0.894324197767824,0.9274586612401308,-0.005572291107725058,-4.871066060629925e-05,-0.0031378435555274864
CICIoT2023,1,3,0.7803756519756406,0.9248907490676221,0.949685385315091,0.8455310793727642,0.8647669382069291,0.9112106018839953,-0.06515542739712354,0.06012381086069307,0.03847478343109567
CICIoT2023,1,4,0.7885991953602591,0.8763631558247655,0.902326090276622,0.8172293968155179,0.8940158007764356,0.9245686341233,-0.02863020145525874,-0.01765264495167007,-0.02224254384667801
CICIoT2023,1,5,0.8559887569937332,0.9235784636067984,0.9440466452362569,0.8465024806686631,0.8835453090603931,0.9155069205268576,0.009486276325070153,0.040033154546405325,0.02853972470939936
CICIoT2023,1,6,0.8393004171077513,0.9193658375675191,0.9425052686098405,0.8462400990321047,0.9057476941501872,0.9325229506275439,-0.006939681924353458,0.013618143417331918,0.009982317982296651
CICIoT2023,1,7,0.8589585859569309,0.9349497373245084,0.952563679369225,0.8471483840992146,0.9220322800012478,0.9443736270385988,0.011810201857716307,0.01291745732326055,0.008190052330626196
CICIoT2023,1,8,0.7913216703329903,0.8331814920799482,0.882517149609504,0.7224342744372118,0.8339166391273035,0.8899948924296154,0.06888739589577852,-0.0007351470473553334,-0.007477742820111377
CICIoT2023,1,9,0.7555121760773023,0.9376438644219652,0.9603626776241203,0.8236053957299182,0.890609544219046,0.9341821959853233,-0.06809321965261594,0.0470343202029192,0.02618048163879705
CICIoT2023,2,0,0.8271621856186222,0.9036688411022767,0.9323459113823663,0.8413368911401565,0.9360714288947323,0.9573583112171624,-0.014174705521534325,-0.03240258779245553,-0.025012399834796084
CICIoT2023,2,1,0.8235661879631503,0.9201469206832699,0.9451968428991467,0.8319982641086379,0.8749843792327818,0.9126595739752041,-0.008432076145487577,0.045162541450488036,0.0325372689239426
CICIoT2023,2,2,0.806206953475362,0.9238703999677045,0.945311238790814,0.8451395277522232,0.8850547119805592,0.9246194347181572,-0.038932574276861254,0.0388156879871453,0.020691804072656805
CICIoT2023,2,3,0.6817252642529262,0.8288758844386868,0.8795936781020471,0.8477066529991998,0.8438158582720607,0.8967917626402854,-0.16598138874627355,-0.014939973833373976,-0.017198084538238234
CICIoT2023,2,4,0.8372809656656274,0.956077722245428,0.9701482348234048,0.848701556687254,0.9516228558802342,0.9688960373448394,-0.011420591021626625,0.004454866365193766,0.00125219747856542
CICIoT2023,2,5,0.728781459281098,0.8968968600232732,0.916642572620027,0.8343217329545455,0.9008224042276974,0.9284465191745175,-0.10554027367344743,-0.003925544204424258,-0.011803946554490463
CICIoT2023,2,6,0.8499344172821466,0.9147940763603067,0.9405548012455492,0.8326881178313557,0.9153766721899166,0.9388437025001976,0.017246299450790925,-0.0005825958296098444,0.0017110987453516913
CICIoT2023,2,7,0.8351991577469732,0.9159013184236167,0.9389094718263613,0.848254481736083,0.9214399818460621,0.9455877619467474,-0.013055323989109802,-0.005538663422445467,-0.006678290120386121
CICIoT2023,2,8,0.7388146317720619,0.8905498145154433,0.9071331549108258,0.8188040157136621,0.8905283757424735,0.9135289174477637,-0.07998938394160027,2.1438772969895048e-05,-0.006395762536937855
CICIoT2023,2,9,0.8148088372426655,0.9081053001791539,0.9310900115491028,0.8381974023242362,0.9112828114382042,0.937623112802604,-0.023388565081570722,-0.003177511259050303,-0.006533101253501261
