dataset,subtype,n,auc_latent,auc_dense,auc_input,pct_identical
edge_iiotset,ddos-http-flood-attacks,256.0,0.999,1.0,1.0,0.0
edge_iiotset,ddos-icmp-flood-attacks,250.5,1.0,1.0,1.0,0.0
edge_iiotset,ddos-tcp-syn-flood-attacks,250.0,1.0,1.0,1.0,0.0
edge_iiotset,ddos-udp-flood-attacks,241.5,1.0,1.0,1.0,0.0
ciciot2023,DDoS-ACK_Fragmentation,67.0,0.988,0.986,0.99,0.0
ciciot2023,DDoS-HTTP_Flood-,67.0,0.893,0.906,0.923,18.795
ciciot2023,DDoS-ICMP_Flood,65.5,1.0,1.0,1.0,0.0
ciciot2023,DDoS-ICMP_Fragmentation,68.0,0.985,0.976,0.983,0.0
ciciot2023,DDoS-PSHACK_Flood,69.0,1.0,1.0,1.0,0.0
ciciot2023,DDoS-RSTFINFlood,64.5,1.0,1.0,1.0,0.0
ciciot2023,DDoS-SYN_Flood,64.5,0.991,0.99,0.996,0.0
ciciot2023,DDoS-SlowLoris,66.5,0.771,0.796,0.804,15.898
ciciot2023,DDoS-SynonymousIP_Flood,68.5,1.0,1.0,1.0,0.0
ciciot2023,DDoS-TCP_Flood,66.0,1.0,1.0,1.0,0.0
ciciot2023,DDoS-UDP_Flood,61.0,0.993,0.997,0.998,4.805
ciciot2023,DDoS-UDP_Fragmentation,67.0,0.993,0.988,0.993,0.0
ciciot2023,Mirai-greeth_flood,64.0,0.99,0.983,0.984,0.0
ciciot2023,Mirai-greip_flood,72.5,0.981,0.981,0.984,0.0
ciciot2023,Mirai-udpplain,68.0,0.997,0.997,0.998,0.0
