dataset,metric,median_IQR,mean,sd
edge_iiotset,auc_latent,"0.9993 [0.9979, 0.9998]",0.9984,0.002
edge_iiotset,auc_dense,"0.9970 [0.9944, 0.9997]",0.9942,0.0086
edge_iiotset,auc_input,"1.0000 [1.0000, 1.0000]",0.9999,0.0003
edge_iiotset,sil_latent,"0.1146 [0.0961, 0.1290]",0.1133,0.0235
edge_iiotset,sil_dense,"0.1765 [0.1570, 0.2348]",0.196,0.0465
edge_iiotset,sil_input,"0.2064 [0.2020, 0.2105]",0.2064,0.0064
edge_iiotset,pct_attack_identical,"0.0000 [0.0000, 0.0000]",2.3033,6.1282
edge_iiotset,n_unique_normal,"740.5000 [724.7500, 754.7500]",735.8333,41.3455
edge_iiotset,neurons_large_sig_per_fold,"4.0000 [1.2500, 6.0000]",3.7,2.73
edge_iiotset,wilcoxon_auc_latent_vs_auc_dense,"0.0011 [-0.0007, 0.0050]",,0.0157
edge_iiotset,wilcoxon_sil_latent_vs_sil_dense,"-0.0747 [-0.1265, -0.0368]",,0.0
ciciot2023,auc_latent,"0.9396 [0.9293, 0.9451]",0.9407,0.0197
ciciot2023,auc_dense,"0.9392 [0.9234, 0.9461]",0.9362,0.0201
ciciot2023,auc_input,"0.9669 [0.9618, 0.9696]",0.9681,0.0095
ciciot2023,sil_latent,"0.0782 [0.0686, 0.0822]",0.0852,0.0361
ciciot2023,sil_dense,"0.0584 [0.0555, 0.0625]",0.0593,0.0059
ciciot2023,sil_input,"0.0592 [0.0558, 0.0624]",0.0597,0.0058
ciciot2023,pct_attack_identical,"2.8000 [2.2250, 3.7250]",2.98,1.1297
ciciot2023,n_unique_normal,"430.0000 [398.2500, 445.2500]",389.5,114.2791
ciciot2023,neurons_large_sig_per_fold,"1.5000 [1.0000, 3.0000]",2.0,2.05
ciciot2023,wilcoxon_auc_latent_vs_auc_dense,"0.0056 [-0.0117, 0.0121]",,0.3387
ciciot2023,wilcoxon_sil_latent_vs_sil_dense,"0.0213 [0.0045, 0.0284]",,0.0
