model,valid,f1,fpr,us,rep,dP,sps_w_act,sps_w_dlt,mJ_dlt,dataset
CNN_AE,True,0.8480199306370814,0.0081573447297002,27.47248180000117,50,2.3159434978755358,5578.104182222698,15717.162593889538,0.0636247155952167,ciciot2023
Dense_AE,True,0.845369864974901,0.011994260223976,8.090111982653292,50,0.9296236465815316,24051.90494857109,132965.29598575708,0.0075207594025671,ciciot2023
IF,True,0.1362805623911698,0.0156596063262314,11.336112156116968,50,0.8869159232222534,16924.720357433474,99461.13569251663,0.0100541783786934,ciciot2023
LOF,True,0.2654976196158726,0.0825248775618429,93.06134955204008,50,5.613150765826105,1149.0535624328334,1914.361477659476,0.5223673855068445,ciciot2023
LSTM_AE,True,0.8119997545345361,0.0624980503478179,19.294504649998107,50,1.4058415108447484,9229.620800411132,36866.3382878951,0.0271250155681543,ciciot2023
OCSVM,True,0.63068199883419,0.0132732320554013,15.18788629897356,50,1.397208807356943,12542.514928111152,47123.91329147385,0.0212206485020617,ciciot2023
SNN_AE,True,0.8538366117313486,0.0144742177995445,10.104942092858456,50,0.9695910880021668,19107.582961272787,102065.16826318196,0.0097976617980135,ciciot2023
CNN_AE,True,0.9958408997715424,0.0084791305905535,27.069242267347068,50,2.2251104038697083,5741.113283962717,16602.455950514148,0.0602320525939436,edge_iiotset
Dense_AE,True,0.9958992384299942,0.0083597062160386,8.134275534692799,50,0.8521455141896777,24287.47502367825,144267.1188280327,0.0069315864080713,edge_iiotset
IF,True,0.8697229551451188,0.0080611452797515,13.096790346937306,50,0.829948684841324,14811.315315322025,91999.1645541468,0.0108696639240831,edge_iiotset
LOF,True,0.8579607869245364,0.0091956768376425,90.6582703244882,50,5.47806571893002,1196.7992706430823,2013.563513628593,0.4966319628020696,edge_iiotset
LSTM_AE,True,0.9961034775730232,0.0079417209052367,19.939597570408537,50,1.1727664032120746,9317.766276871353,42763.38695824333,0.0233844901241442,edge_iiotset
OCSVM,True,0.995636768280184,0.0088971159013554,8.294077983675972,50,1.196132802563703,23882.28976447664,100798.132278722,0.0099208187432962,edge_iiotset
SNN_AE,True,0.9954019622199444,0.0090165402758703,10.32389271938706,50,0.8426611971879305,19172.214437851493,114948.55628702082,0.0086995437985584,edge_iiotset
