dataset,file,feature,n,mismatch,example_rpi,example_train,check,model,decision_agreement,n_decision_diff,max_abs_score_diff
edge_iiotset,normal,frame.len,3000,0.0,[],[],feature,,,,
edge_iiotset,normal,ip.version,3000,0.0,[],[],feature,,,,
edge_iiotset,normal,ip.hdr_len,3000,0.0,[],[],feature,,,,
edge_iiotset,normal,ip.dsfield.dscp,3000,0.0,[],[],feature,,,,
edge_iiotset,normal,ip.len,3000,0.0,[],[],feature,,,,
edge_iiotset,normal,ip.id,3000,0.0,[],[],feature,,,,
edge_iiotset,normal,ip.frag_offset,3000,0.0,[],[],feature,,,,
edge_iiotset,normal,ip.flags.df,3000,0.0,[],[],feature,,,,
edge_iiotset,normal,ip.flags.mf,3000,0.0,[],[],feature,,,,
edge_iiotset,normal,ip.ttl,3000,0.0,[],[],feature,,,,
edge_iiotset,normal,ip.proto,3000,0.0,[],[],feature,,,,
edge_iiotset,normal,tcp.srcport,3000,0.0,[],[],feature,,,,
edge_iiotset,normal,tcp.dstport,3000,0.0,[],[],feature,,,,
edge_iiotset,normal,tcp.seq,3000,0.0,[],[],feature,,,,
edge_iiotset,normal,tcp.ack,3000,0.0,[],[],feature,,,,
edge_iiotset,normal,tcp.hdr_len,3000,0.0,[],[],feature,,,,
edge_iiotset,normal,tcp.len,3000,0.0,[],[],feature,,,,
edge_iiotset,normal,tcp.window_size,3000,0.0,[],[],feature,,,,
edge_iiotset,normal,tcp.flags.fin,3000,0.0,[],[],feature,,,,
edge_iiotset,normal,tcp.flags.syn,3000,0.0,[],[],feature,,,,
edge_iiotset,normal,tcp.flags.reset,3000,0.0,[],[],feature,,,,
edge_iiotset,normal,tcp.flags.push,3000,0.0,[],[],feature,,,,
edge_iiotset,normal,tcp.flags.ack,3000,0.0,[],[],feature,,,,
edge_iiotset,normal,tcp.flags.urg,3000,0.0,[],[],feature,,,,
edge_iiotset,normal,tcp.flags.ns,3000,0.0,[],[],feature,,,,
edge_iiotset,normal,tcp.flags.cwr,3000,0.0,[],[],feature,,,,
edge_iiotset,normal,udp.srcport,3000,0.0,[],[],feature,,,,
edge_iiotset,normal,udp.dstport,3000,0.0,[],[],feature,,,,
edge_iiotset,normal,udp.length,3000,0.0,[],[],feature,,,,
edge_iiotset,normal,icmp.type,3000,0.0,[],[],feature,,,,
edge_iiotset,normal,icmp.code,3000,0.0,[],[],feature,,,,
edge_iiotset,normal,data.len,3000,0.0,[],[],feature,,,,
edge_iiotset,normal,inter_arrival_time,3000,0.0,[],[],feature,,,,
edge_iiotset,attack,frame.len,3000,0.0,[],[],feature,,,,
edge_iiotset,attack,ip.version,3000,0.0,[],[],feature,,,,
edge_iiotset,attack,ip.hdr_len,3000,0.0,[],[],feature,,,,
edge_iiotset,attack,ip.dsfield.dscp,3000,0.0,[],[],feature,,,,
edge_iiotset,attack,ip.len,3000,0.0,[],[],feature,,,,
edge_iiotset,attack,ip.id,3000,0.0,[],[],feature,,,,
edge_iiotset,attack,ip.frag_offset,3000,0.0,[],[],feature,,,,
edge_iiotset,attack,ip.flags.df,3000,0.0,[],[],feature,,,,
edge_iiotset,attack,ip.flags.mf,3000,0.0,[],[],feature,,,,
edge_iiotset,attack,ip.ttl,3000,0.0,[],[],feature,,,,
edge_iiotset,attack,ip.proto,3000,0.0,[],[],feature,,,,
edge_iiotset,attack,tcp.srcport,3000,0.0,[],[],feature,,,,
edge_iiotset,attack,tcp.dstport,3000,0.0,[],[],feature,,,,
edge_iiotset,attack,tcp.seq,3000,0.0,[],[],feature,,,,
edge_iiotset,attack,tcp.ack,3000,0.0,[],[],feature,,,,
edge_iiotset,attack,tcp.hdr_len,3000,0.0,[],[],feature,,,,
edge_iiotset,attack,tcp.len,3000,0.0,[],[],feature,,,,
edge_iiotset,attack,tcp.window_size,3000,0.0,[],[],feature,,,,
edge_iiotset,attack,tcp.flags.fin,3000,0.0,[],[],feature,,,,
edge_iiotset,attack,tcp.flags.syn,3000,0.0,[],[],feature,,,,
edge_iiotset,attack,tcp.flags.reset,3000,0.0,[],[],feature,,,,
edge_iiotset,attack,tcp.flags.push,3000,0.0,[],[],feature,,,,
edge_iiotset,attack,tcp.flags.ack,3000,0.0,[],[],feature,,,,
edge_iiotset,attack,tcp.flags.urg,3000,0.0,[],[],feature,,,,
edge_iiotset,attack,tcp.flags.ns,3000,0.0,[],[],feature,,,,
edge_iiotset,attack,tcp.flags.cwr,3000,0.0,[],[],feature,,,,
edge_iiotset,attack,udp.srcport,3000,0.0,[],[],feature,,,,
edge_iiotset,attack,udp.dstport,3000,0.0,[],[],feature,,,,
edge_iiotset,attack,udp.length,3000,0.0,[],[],feature,,,,
edge_iiotset,attack,icmp.type,3000,0.0,[],[],feature,,,,
edge_iiotset,attack,icmp.code,3000,0.0,[],[],feature,,,,
edge_iiotset,attack,data.len,3000,0.0,[],[],feature,,,,
edge_iiotset,attack,inter_arrival_time,3000,0.0,[],[],feature,,,,
ciciot2023,normal,frame.len,3000,0.0,[],[],feature,,,,
ciciot2023,normal,ip.version,3000,0.0,[],[],feature,,,,
ciciot2023,normal,ip.hdr_len,3000,0.0,[],[],feature,,,,
ciciot2023,normal,ip.dsfield.dscp,3000,0.0,[],[],feature,,,,
ciciot2023,normal,ip.len,3000,0.0,[],[],feature,,,,
ciciot2023,normal,ip.id,3000,0.0,[],[],feature,,,,
ciciot2023,normal,ip.frag_offset,3000,0.0,[],[],feature,,,,
ciciot2023,normal,ip.flags.df,3000,0.0,[],[],feature,,,,
ciciot2023,normal,ip.flags.mf,3000,0.0,[],[],feature,,,,
ciciot2023,normal,ip.ttl,3000,0.0,[],[],feature,,,,
ciciot2023,normal,ip.proto,3000,0.0,[],[],feature,,,,
ciciot2023,normal,tcp.srcport,3000,0.0,[],[],feature,,,,
ciciot2023,normal,tcp.dstport,3000,0.0,[],[],feature,,,,
ciciot2023,normal,tcp.seq,3000,0.0,[],[],feature,,,,
ciciot2023,normal,tcp.ack,3000,0.0,[],[],feature,,,,
ciciot2023,normal,tcp.hdr_len,3000,0.0,[],[],feature,,,,
ciciot2023,normal,tcp.len,3000,0.0,[],[],feature,,,,
ciciot2023,normal,tcp.window_size,3000,0.0,[],[],feature,,,,
ciciot2023,normal,tcp.flags.fin,3000,0.0,[],[],feature,,,,
ciciot2023,normal,tcp.flags.syn,3000,0.0,[],[],feature,,,,
ciciot2023,normal,tcp.flags.reset,3000,0.0,[],[],feature,,,,
ciciot2023,normal,tcp.flags.push,3000,0.0,[],[],feature,,,,
ciciot2023,normal,tcp.flags.ack,3000,0.0,[],[],feature,,,,
ciciot2023,normal,tcp.flags.urg,3000,0.0,[],[],feature,,,,
ciciot2023,normal,tcp.flags.ns,3000,0.0,[],[],feature,,,,
ciciot2023,normal,tcp.flags.cwr,3000,0.0,[],[],feature,,,,
ciciot2023,normal,udp.srcport,3000,0.0,[],[],feature,,,,
ciciot2023,normal,udp.dstport,3000,0.0,[],[],feature,,,,
ciciot2023,normal,udp.length,3000,0.0,[],[],feature,,,,
ciciot2023,normal,icmp.type,3000,0.0,[],[],feature,,,,
ciciot2023,normal,icmp.code,3000,0.0,[],[],feature,,,,
ciciot2023,normal,data.len,3000,0.0,[],[],feature,,,,
ciciot2023,normal,inter_arrival_time,3000,0.0,[],[],feature,,,,
ciciot2023,attack,frame.len,3000,0.0,[],[],feature,,,,
ciciot2023,attack,ip.version,3000,0.0,[],[],feature,,,,
ciciot2023,attack,ip.hdr_len,3000,0.0,[],[],feature,,,,
ciciot2023,attack,ip.dsfield.dscp,3000,0.0,[],[],feature,,,,
ciciot2023,attack,ip.len,3000,0.0,[],[],feature,,,,
ciciot2023,attack,ip.id,3000,0.0,[],[],feature,,,,
ciciot2023,attack,ip.frag_offset,3000,0.0,[],[],feature,,,,
ciciot2023,attack,ip.flags.df,3000,0.0,[],[],feature,,,,
ciciot2023,attack,ip.flags.mf,3000,0.0,[],[],feature,,,,
ciciot2023,attack,ip.ttl,3000,0.0,[],[],feature,,,,
ciciot2023,attack,ip.proto,3000,0.0,[],[],feature,,,,
ciciot2023,attack,tcp.srcport,3000,0.0,[],[],feature,,,,
ciciot2023,attack,tcp.dstport,3000,0.0,[],[],feature,,,,
ciciot2023,attack,tcp.seq,3000,0.0,[],[],feature,,,,
ciciot2023,attack,tcp.ack,3000,0.0,[],[],feature,,,,
ciciot2023,attack,tcp.hdr_len,3000,0.0,[],[],feature,,,,
ciciot2023,attack,tcp.len,3000,0.0,[],[],feature,,,,
ciciot2023,attack,tcp.window_size,3000,0.0,[],[],feature,,,,
ciciot2023,attack,tcp.flags.fin,3000,0.0,[],[],feature,,,,
ciciot2023,attack,tcp.flags.syn,3000,0.0,[],[],feature,,,,
ciciot2023,attack,tcp.flags.reset,3000,0.0,[],[],feature,,,,
ciciot2023,attack,tcp.flags.push,3000,0.0,[],[],feature,,,,
ciciot2023,attack,tcp.flags.ack,3000,0.0,[],[],feature,,,,
ciciot2023,attack,tcp.flags.urg,3000,0.0,[],[],feature,,,,
ciciot2023,attack,tcp.flags.ns,3000,0.0,[],[],feature,,,,
ciciot2023,attack,tcp.flags.cwr,3000,0.0,[],[],feature,,,,
ciciot2023,attack,udp.srcport,3000,0.0,[],[],feature,,,,
ciciot2023,attack,udp.dstport,3000,0.0,[],[],feature,,,,
ciciot2023,attack,udp.length,3000,0.0,[],[],feature,,,,
ciciot2023,attack,icmp.type,3000,0.0,[],[],feature,,,,
ciciot2023,attack,icmp.code,3000,0.0,[],[],feature,,,,
ciciot2023,attack,data.len,3000,0.0,[],[],feature,,,,
ciciot2023,attack,inter_arrival_time,3000,0.0,[],[],feature,,,,
edge_iiotset,normal,,3000,,,,model,SNN_AE,1.0,0.0,0.0
edge_iiotset,normal,,3000,,,,model,Dense_AE,1.0,0.0,0.0
edge_iiotset,normal,,3000,,,,model,LSTM_AE,1.0,0.0,0.0
edge_iiotset,normal,,3000,,,,model,CNN_AE,1.0,0.0,0.0
edge_iiotset,normal,,3000,,,,model,IF,1.0,0.0,0.0
edge_iiotset,normal,,3000,,,,model,OCSVM,1.0,0.0,0.0
edge_iiotset,normal,,3000,,,,model,LOF,1.0,0.0,0.0
edge_iiotset,attack,,3000,,,,model,SNN_AE,1.0,0.0,0.0
edge_iiotset,attack,,3000,,,,model,Dense_AE,1.0,0.0,0.0
edge_iiotset,attack,,3000,,,,model,LSTM_AE,1.0,0.0,0.0
edge_iiotset,attack,,3000,,,,model,CNN_AE,1.0,0.0,0.0
edge_iiotset,attack,,3000,,,,model,IF,1.0,0.0,0.0
edge_iiotset,attack,,3000,,,,model,OCSVM,1.0,0.0,0.0
edge_iiotset,attack,,3000,,,,model,LOF,1.0,0.0,0.0
ciciot2023,normal,,3000,,,,model,SNN_AE,1.0,0.0,0.0
ciciot2023,normal,,3000,,,,model,Dense_AE,1.0,0.0,0.0
ciciot2023,normal,,3000,,,,model,LSTM_AE,1.0,0.0,0.0
ciciot2023,normal,,3000,,,,model,CNN_AE,1.0,0.0,0.0
ciciot2023,normal,,3000,,,,model,IF,1.0,0.0,0.0
ciciot2023,normal,,3000,,,,model,OCSVM,1.0,0.0,0.0
ciciot2023,normal,,3000,,,,model,LOF,1.0,0.0,0.0
ciciot2023,attack,,3000,,,,model,SNN_AE,1.0,0.0,0.0
ciciot2023,attack,,3000,,,,model,Dense_AE,1.0,0.0,0.0
ciciot2023,attack,,3000,,,,model,LSTM_AE,1.0,0.0,0.0
ciciot2023,attack,,3000,,,,model,CNN_AE,1.0,0.0,0.0
ciciot2023,attack,,3000,,,,model,IF,1.0,0.0,0.0
ciciot2023,attack,,3000,,,,model,OCSVM,1.0,0.0,0.0
ciciot2023,attack,,3000,,,,model,LOF,1.0,0.0,0.0
