dataset,model,f1,auc,ap,energy_v1_pj,T1_mean,T1_sd,T1_ci95,T1_dense_over_model,T2_mean,T2_sd,T2_ci95,T2_dense_over_model,T3_opt_mean,T3_opt_sd,T3_opt_ci95,T3_opt_dense_over_model,T3_pess_mean,T3_pess_sd,T3_pess_ci95,T3_pess_dense_over_model
Edge-IIoTset,SNN_AE,0.9759073138739406,0.9985632212385868,0.998300853437259,11521.305607910155,7479.741430778502,186.7382348697377,"[7,413, 7,543]",1.928622818516142,7479.741430778502,186.7382348697377,"[7,414, 7,545]",1.549356307890589,27610.527157325752,1224.1728730349475,"[27,179, 28,034]",0.9110760322736237,29530.527157325752,1224.1728730349475,"[29,103, 29,959]",0.8518401787229561
Edge-IIoTset,LSTM_AE,0.9903170254747184,0.9998352010766108,0.9998116232575953,331200.0,331200.0,0.0,"[331,200, 331,200]",0.04355555555555554,331200.0,0.0,"[331,200, 331,200]",0.03499029156753397,695535.0,0.0,"[695,535, 695,535]",0.0361668205503382,695535.0,0.0,"[695,535, 695,535]",0.0361668205503382
Edge-IIoTset,CNN_AE,0.9902819502734758,0.9997275237040952,0.999696654463437,351955.19999999984,351955.19999999984,1.1840547148967343e-10,"[351,955, 351,955]",0.040987034713508994,351955.19999999984,1.1840547148967343e-10,"[351,955, 351,955]",0.03292687412252257,419890.19999999984,1.1840547148967343e-10,"[419,890, 419,890]",0.05990920848231154,419890.19999999984,1.1840547148967343e-10,"[419,890, 419,890]",0.05990920848231154
Edge-IIoTset,SNN_Dense,0.9849403464862738,0.999083760231423,0.9989241121760762,16189.550101928711,10872.261441650391,112.96599573378778,"[10,832, 10,911]",1.3268260772995368,9707.245376193654,243.90924369797773,"[9,623, 9,794]",1.1938283331734811,26055.70935286121,910.094249843767,"[25,734, 26,381]",0.965442513608525,27015.70935286121,910.094249843767,"[26,691, 27,332]",0.9311356293820694
Edge-IIoTset,Dense_SNN,0.9815750390429322,0.9987870225563193,0.9985674024563321,24463.19999999999,11181.559336433413,107.30124109992197,"[11,146, 11,223]",1.2901241737363383,9140.030505862069,411.57012577458386,"[8,996, 9,284]",1.2679153050675973,26911.862631561937,1216.6783720928652,"[26,506, 27,356]",0.9347286687610256,27871.862631561937,1216.6783720928652,"[27,455, 28,313]",0.9025334927918945
Edge-IIoTset,Dense_AE,0.9913573241366331,0.9995106910846341,0.9993529787888157,15032.799999999996,14425.599999999995,3.700170984052295e-12,"[14,426, 14,426]",1.0,11588.784567167251,437.39386976245305,"[11,435, 11,743]",1.0,25155.28953147948,912.8219890694675,"[24,825, 25,469]",1.0,25155.28953147948,912.8219890694675,"[24,826, 25,475]",1.0
Edge-IIoTset,SNN_AE_T2,0.9726189081126774,0.9981561450832428,0.9978280440669319,11159.270717773437,6631.559111557005,106.43594968244622,"[6,595, 6,669]",2.175295395446313,6631.559111557005,106.43594968244622,"[6,593, 6,668]",1.7475203601776164,22065.776397984828,697.7467812515913,"[21,817, 22,312]",1.1400137968304984,23345.776397984828,697.7467812515913,"[23,104, 23,590]",1.077509229191917
Edge-IIoTset,SNN_AE_T5,0.980236377502547,0.9988887656019536,0.998685723118578,12307.524804687504,9284.362476272583,323.76018041162797,"[9,172, 9,398]",1.5537523483024844,9284.362476272583,323.76018041162797,"[9,171, 9,398]",1.2482046663714308,39409.709566675825,2122.4278493651163,"[38,654, 40,144]",0.638301824805894,42609.70956667582,2122.4278493651163,"[41,869, 43,359]",0.5903651958039375
Edge-IIoTset,SNN_AE_T7,0.9804081674361247,0.9992536036807284,0.9990950262612952,13142.323865356444,11175.011228866577,524.0876420339432,"[10,998, 11,365]",1.2908801346648051,11175.011228866577,524.0876420339432,"[10,999, 11,362]",1.0370266597345192,51772.85138923645,3435.685653333627,"[50,587, 53,030]",0.48587800085334404,56252.85138923645,3435.685653333627,"[55,056, 57,474]",0.4471824789363967
Edge-IIoTset,SNN_AE_noBN,0.9760059225427518,0.9986986988075311,0.998505750288748,11128.53506561279,7756.564306526184,124.14557367774339,"[7,714, 7,800]",1.8597924841366489,7756.564306526184,124.14557367774339,"[7,713, 7,803]",1.4940615598863445,29425.25489833832,813.8432052207622,"[29,136, 29,711]",0.8548877356675008,31345.25489833832,813.8432052207622,"[31,064, 31,627]",0.8025230489611688
Edge-IIoTset,IF,0.7774413991372958,0.9844021108374889,0.9646840694105574,,1800.0,0.0,"[1,800, 1,800]",8.01422222222222,1800.0,0.0,"[1,800, 1,800]",6.438213648426251,21965.0,0.0,"[21,965, 21,965]",1.1452442308891182,21965.0,0.0,"[21,965, 21,965]",1.1452442308891182
Edge-IIoTset,OCSVM,0.9880929988743316,0.9994620358195447,0.9993589570219215,,19112.08,746.5738379077287,"[18,841, 19,368]",0.7547896408972751,19112.08,746.5738379077287,"[18,851, 19,373]",0.6063591491437483,40051.08,1558.067139981347,"[39,496, 40,584]",0.6280801798972582,40051.08,1558.067139981347,"[39,496, 40,595]",0.6280801798972582
Edge-IIoTset,LOF,0.8049163027442677,0.9809012241230182,0.9765737177575846,,3035999.9999999995,0.0,"[3,036,000, 3,036,000]",0.004751515151515151,3035999.9999999995,0.0,"[3,036,000, 3,036,000]",0.003817122716458252,6336165.0,0.0,"[6,336,165, 6,336,165]",0.003970112762448497,6336165.0,0.0,"[6,336,165, 6,336,165]",0.003970112762448497
CICIoT2023,SNN_AE,0.7828497158466592,0.907194429075825,0.932613536602566,11237.242577819825,6496.974723186493,125.33714916115095,"[6,453, 6,542]",2.220356491232406,6496.974723186493,125.33714916115095,"[6,454, 6,542]",1.5670039476778321,21167.945407555893,821.6546445008782,"[20,887, 21,466]",1.049551824998785,23087.945407555897,821.6546445008782,"[22,805, 23,386]",0.9622708015718072
CICIoT2023,LSTM_AE,0.8157353557981862,0.8981293166386544,0.9287513778389178,331200.0,331200.0,0.0,"[331,200, 331,200]",0.04355555555555554,331200.0,0.0,"[331,200, 331,200]",0.03073908526327393,695535.0,0.0,"[695,535, 695,535]",0.03194211036680388,695535.0,0.0,"[695,535, 695,535]",0.03194211036680388
CICIoT2023,CNN_AE,0.8172976754664381,0.9174113708562713,0.9410240580372358,351955.19999999984,351955.19999999984,1.1840547148967343e-10,"[351,955, 351,955]",0.040987034713508994,351955.19999999984,1.1840547148967343e-10,"[351,955, 351,955]",0.028926366307974228,419890.19999999984,1.1840547148967343e-10,"[419,890, 419,890]",0.05291110803246884,419890.19999999984,1.1840547148967343e-10,"[419,890, 419,890]",0.05291110803246884
CICIoT2023,SNN_Dense,0.8101953334111819,0.9143940577907962,0.9382556221340485,15878.18848815918,10558.257965698245,95.11909245402097,"[10,525, 10,591]",1.3662859959347462,8757.594598636288,245.19931579887302,"[8,670, 8,843]",1.1625092854585497,22670.673840008458,728.0592032220725,"[22,401, 22,917]",0.9799821518656125,23630.673840008458,728.0592032220725,"[23,365, 23,875]",0.9401702162364993
CICIoT2023,Dense_SNN,0.791698352650757,0.9092973429556344,0.935705719774459,24463.19999999999,10398.936731739046,75.75783877620603,"[10,373, 10,427]",1.3872187486217697,8803.588681903693,203.66326062721868,"[8,729, 8,873]",1.1564357907955811,22712.49655768605,698.1812751719915,"[22,468, 22,964]",0.9781776159017894,23672.49655768605,698.1812751719915,"[23,426, 23,919]",0.9385091969423695
CICIoT2023,Dense_AE,0.8294162669329304,0.8959144913093405,0.9279083781535441,15032.799999999996,14425.599999999995,3.700170984052295e-12,"[14,426, 14,426]",1.0,10180.785039196326,274.9972745789025,"[10,077, 10,273]",1.0,22216.85573397494,573.9073556429266,"[22,002, 22,412]",1.0,22216.85573397494,573.9073556429266,"[22,006, 22,411]",1.0
CICIoT2023,SNN_AE_T2,0.766531034558314,0.88821831671894,0.9193883274821552,11730.307523193356,6842.675798854829,145.10716624718572,"[6,790, 6,892]",2.108181130313703,6842.675798854829,145.10716624718572,"[6,790, 6,892]",1.4878368256026617,23449.763570270537,951.2580898426621,"[23,106, 23,778]",0.9474234427736973,24729.763570270537,951.2580898426621,"[24,386, 25,061]",0.8983852866544769
CICIoT2023,SNN_AE_T5,0.8115497217037041,0.9121212079123805,0.9368386062219672,11784.543698120122,7524.241683616638,248.94507365323776,"[7,434, 7,614]",1.9172164593556913,7524.241683616638,248.94507365323776,"[7,437, 7,612]",1.3530645967106656,27871.139925931293,1631.9732606156695,"[27,286, 28,455]",0.7971276306967405,31071.139925931293,1631.973260615669,"[30,485, 31,637]",0.7150318844733867
CICIoT2023,SNN_AE_T7,0.8134955672811853,0.9010425979349694,0.9308182036320148,11660.08958694458,7735.042303314211,145.7858474157689,"[7,682, 7,784]",1.864967175915651,7735.042303314211,145.7858474157689,"[7,683, 7,785]",1.3161899625079225,29221.94398839314,955.7072219478181,"[28,877, 29,548]",0.7602798685398685,33701.94398839314,955.7072219478181,"[33,362, 34,028]",0.6592158524038365
CICIoT2023,SNN_AE_noBN,0.7655049648144128,0.90459203367313,0.9294767104291748,10629.033609924318,6432.872124652863,67.83178157368809,"[6,408, 6,456]",2.2424820081090053,6432.872124652863,67.83178157368809,"[6,408, 6,456]",1.5826189051979191,20747.717261613212,444.67501253862184,"[20,583, 20,900]",1.0708096439640558,22667.71726161321,444.67501253862184,"[22,508, 22,820]",0.9801099721496093
CICIoT2023,IF,0.44644002510987757,0.8519405808145689,0.8743969104129341,,1800.0,0.0,"[1,800, 1,800]",8.01422222222222,1800.0,0.0,"[1,800, 1,800]",5.655991688442403,21965.0,0.0,"[21,965, 21,965]",1.0114662296369197,21965.0,0.0,"[21,965, 21,965]",1.0114662296369197
CICIoT2023,OCSVM,0.5937232379488557,0.8070063408318214,0.8500800287845662,,33109.88,272.9091530035284,"[33,016, 33,209]",0.43568868265303273,33109.88,272.9091530035284,"[33,011, 33,209]",0.3074848063235604,69263.87999999999,569.5495367030155,"[69,068, 69,460]",0.320756731127031,69263.87999999999,569.5495367030155,"[69,068, 69,460]",0.320756731127031
CICIoT2023,LOF,0.31220659567824943,0.7990960744929407,0.7990642734132348,,3035999.9999999995,0.0,"[3,036,000, 3,036,000]",0.004751515151515151,3035999.9999999995,0.0,"[3,036,000, 3,036,000]",0.00335335475599352,6336165.0,0.0,"[6,336,165, 6,336,165]",0.0035063568789598975,6336165.0,0.0,"[6,336,165, 6,336,165]",0.0035063568789598975
