dataset,model,n_folds,f1_ci95,auc_ci95,ap_ci95,fpr_test,collapsed_folds
Edge-IIoTset,SNN-AE,30,"[0.9620, 0.9873]","[0.9972, 0.9994]","[0.9967, 0.9993]",0.0168 ± 0.0278,0
Edge-IIoTset,Dense-AE,30,"[0.9857, 0.9959]","[0.9993, 0.9997]","[0.9991, 0.9996]",0.0169 ± 0.0280,0
Edge-IIoTset,LSTM-AE,30,"[0.9844, 0.9953]","[0.9997, 1.0000]","[0.9996, 1.0000]",0.0166 ± 0.0283,0
Edge-IIoTset,CNN-AE,30,"[0.9842, 0.9953]","[0.9996, 0.9999]","[0.9995, 0.9999]",0.0166 ± 0.0283,0
Edge-IIoTset,OCSVM,30,"[0.9812, 0.9942]","[0.9989, 0.9999]","[0.9988, 0.9998]",0.0167 ± 0.0282,0
Edge-IIoTset,IF,30,"[0.7125, 0.8355]","[0.9798, 0.9882]","[0.9577, 0.9701]",0.0164 ± 0.0240,0
Edge-IIoTset,LOF,30,"[0.7367, 0.8677]","[0.9690, 0.9901]","[0.9644, 0.9870]",0.0162 ± 0.0269,0
CICIoT2023,SNN-AE,30,"[0.7604, 0.8042]","[0.8967, 0.9165]","[0.9245, 0.9401]",0.0307 ± 0.0763,0
CICIoT2023,Dense-AE,30,"[0.8187, 0.8380]","[0.8860, 0.9055]","[0.9214, 0.9344]",0.0251 ± 0.0569,0
CICIoT2023,LSTM-AE,30,"[0.7961, 0.8314]","[0.8901, 0.9062]","[0.9233, 0.9341]",0.0296 ± 0.0636,0
CICIoT2023,CNN-AE,30,"[0.7953, 0.8347]","[0.9102, 0.9247]","[0.9355, 0.9468]",0.0160 ± 0.0208,0
CICIoT2023,OCSVM,30,"[0.5574, 0.6255]","[0.7892, 0.8240]","[0.8370, 0.8628]",0.0218 ± 0.0318,0
CICIoT2023,IF,30,"[0.3621, 0.5302]","[0.8403, 0.8634]","[0.8586, 0.8892]",0.0213 ± 0.0313,0
CICIoT2023,LOF,30,"[0.2663, 0.3639]","[0.7771, 0.8232]","[0.7724, 0.8263]",0.0332 ± 0.0506,0
