dataset,file,model,n,decision_agreement,n_decision_diff,max_abs_score_diff
edge_iiotset,normal,SNN_AE,3000,1.0,0,0.0
edge_iiotset,normal,Dense_AE,3000,1.0,0,0.0
edge_iiotset,normal,LSTM_AE,3000,1.0,0,0.0
edge_iiotset,normal,CNN_AE,3000,1.0,0,0.0
edge_iiotset,normal,IF,3000,1.0,0,0.0
edge_iiotset,normal,OCSVM,3000,1.0,0,0.0
edge_iiotset,normal,LOF,3000,1.0,0,0.0
edge_iiotset,attack,SNN_AE,3000,1.0,0,0.0
edge_iiotset,attack,Dense_AE,3000,1.0,0,0.0
edge_iiotset,attack,LSTM_AE,3000,1.0,0,0.0
edge_iiotset,attack,CNN_AE,3000,1.0,0,0.0
edge_iiotset,attack,IF,3000,1.0,0,0.0
edge_iiotset,attack,OCSVM,3000,1.0,0,0.0
edge_iiotset,attack,LOF,3000,1.0,0,0.0
ciciot2023,normal,SNN_AE,3000,1.0,0,0.0
ciciot2023,normal,Dense_AE,3000,1.0,0,0.0
ciciot2023,normal,LSTM_AE,3000,1.0,0,0.0
ciciot2023,normal,CNN_AE,3000,1.0,0,0.0
ciciot2023,normal,IF,3000,1.0,0,0.0
ciciot2023,normal,OCSVM,3000,1.0,0,0.0
ciciot2023,normal,LOF,3000,1.0,0,0.0
ciciot2023,attack,SNN_AE,3000,1.0,0,0.0
ciciot2023,attack,Dense_AE,3000,1.0,0,0.0
ciciot2023,attack,LSTM_AE,3000,1.0,0,0.0
ciciot2023,attack,CNN_AE,3000,1.0,0,0.0
ciciot2023,attack,IF,3000,1.0,0,0.0
ciciot2023,attack,OCSVM,3000,1.0,0,0.0
ciciot2023,attack,LOF,3000,1.0,0,0.0
