dataset,metric,family,model_a,model_b,mean_a,mean_b,mean_diff,cohen_d,W,p,p_holm,significant_0.05
Edge-IIoTset,F1,benchmark_AE,SNN_AE,Dense_AE,0.9759073138739406,0.9913573241366331,-0.015450010262692408,-0.42428263246920916,59.0,0.0006096659549769169,0.002774130553007126,True
Edge-IIoTset,F1,benchmark_AE,SNN_AE,LSTM_AE,0.9759073138739406,0.9903170254747184,-0.014409711600777815,-0.4544754874076591,56.0,0.00011058151721954346,0.0006634891033172607,True
Edge-IIoTset,F1,benchmark_AE,SNN_AE,CNN_AE,0.9759073138739406,0.9902819502734758,-0.014374636399535142,-0.4405146226769763,72.0,0.0005548261106014252,0.002774130553007126,True
Edge-IIoTset,F1,benchmark_AE,Dense_AE,LSTM_AE,0.9913573241366331,0.9903170254747184,0.0010402986619145922,0.14365434787174697,158.0,0.12935307621955872,0.34253002144396305,False
Edge-IIoTset,F1,benchmark_AE,Dense_AE,CNN_AE,0.9913573241366331,0.9902819502734758,0.0010753738631572658,0.14526972044337466,188.0,0.5235489109355372,0.5235489109355372,False
Edge-IIoTset,F1,benchmark_AE,LSTM_AE,CNN_AE,0.9903170254747184,0.9902819502734758,3.5075201242673606e-05,0.003760022219998648,155.0,0.11417667381465435,0.34253002144396305,False
Edge-IIoTset,F1,SNN_vs_baseline,SNN_AE,OCSVM,0.9759073138739406,0.9880929988743316,-0.012185685000390986,-0.4660330638624575,61.0,0.00018860027194023132,0.00018860027194023132,True
Edge-IIoTset,F1,SNN_vs_baseline,SNN_AE,IF,0.9759073138739406,0.7774413991372958,0.19846591473664452,1.3473961019350287,0.0,1.862645149230957e-09,5.587935447692871e-09,True
Edge-IIoTset,F1,SNN_vs_baseline,SNN_AE,LOF,0.9759073138739406,0.8049163027442677,0.17099101112967297,1.0467362866374583,27.0,2.348795533180237e-06,4.697591066360474e-06,True
Edge-IIoTset,F1,ablation,SNN_AE,SNN_AE_noBN,0.9759073138739406,0.9760059225427518,-9.860866881122125e-05,-0.0051974754626282,199.0,0.5027610473334789,0.5027610473334789,False
Edge-IIoTset,F1,ablation,SNN_AE,SNN_AE_T2,0.9759073138739406,0.9726189081126774,0.0032884057612632208,0.21925983530806184,146.0,0.07672121562063694,0.23016364686191082,False
Edge-IIoTset,F1,ablation,SNN_AE,SNN_AE_T5,0.9759073138739406,0.980236377502547,-0.004329063628606555,-0.37658893445559133,83.0,0.00628421620256826,0.037705297215409564,True
Edge-IIoTset,F1,ablation,SNN_AE,SNN_AE_T7,0.9759073138739406,0.9804081674361247,-0.004500853562183908,-0.28645202343649273,147.0,0.0803273618221283,0.23016364686191082,False
Edge-IIoTset,F1,ablation,SNN_AE,SNN_Dense,0.9759073138739406,0.9849403464862738,-0.009033032612333295,-0.43334847308263047,103.0,0.006639536470174789,0.037705297215409564,True
Edge-IIoTset,F1,ablation,SNN_AE,Dense_SNN,0.9759073138739406,0.9815750390429322,-0.005667725168991725,-0.3026263249462621,135.0,0.044907208532094955,0.17962883412837982,False
Edge-IIoTset,AUC,benchmark_AE,SNN_AE,Dense_AE,0.9985632212385868,0.9995106910846341,-0.0009474698460472294,-0.2789046435803688,80.0,0.0011314544826745987,0.0019035488367080688,True
Edge-IIoTset,AUC,benchmark_AE,SNN_AE,LSTM_AE,0.9985632212385868,0.9998352010766108,-0.0012719798380238846,-0.36529968896224263,0.0,1.862645149230957e-09,1.1175870895385742e-08,True
Edge-IIoTset,AUC,benchmark_AE,SNN_AE,CNN_AE,0.9985632212385868,0.9997275237040952,-0.001164302465508449,-0.35351308532131775,0.0,1.862645149230957e-09,1.1175870895385742e-08,True
Edge-IIoTset,AUC,benchmark_AE,Dense_AE,LSTM_AE,0.9995106910846341,0.9998352010766108,-0.0003245099919766551,-1.2153593869362807,0.0,1.862645149230957e-09,1.1175870895385742e-08,True
Edge-IIoTset,AUC,benchmark_AE,Dense_AE,CNN_AE,0.9995106910846341,0.9997275237040952,-0.0002168326194612195,-0.7274356114964453,44.0,2.6885420083999634e-05,8.06562602519989e-05,True
Edge-IIoTset,AUC,benchmark_AE,LSTM_AE,CNN_AE,0.9998352010766108,0.9997275237040952,0.00010767737251543563,0.4095354358081352,78.0,0.0009517744183540344,0.0019035488367080688,True
Edge-IIoTset,AUC,SNN_vs_baseline,SNN_AE,OCSVM,0.9985632212385868,0.9994620358195447,-0.0008988145809580221,-0.3798259239891459,42.0,2.0798295736312866e-05,2.0798295736312866e-05,True
Edge-IIoTset,AUC,SNN_vs_baseline,SNN_AE,IF,0.9985632212385868,0.9844021108374889,0.01416111040109804,1.4063055386190495,0.0,1.862645149230957e-09,5.587935447692871e-09,True
Edge-IIoTset,AUC,SNN_vs_baseline,SNN_AE,LOF,0.9985632212385868,0.9809012241230182,0.017661997115568796,0.6231532291898279,1.0,3.725290298461914e-09,7.450580596923828e-09,True
Edge-IIoTset,AUC,ablation,SNN_AE,SNN_AE_noBN,0.9985632212385868,0.9986986988075311,-0.00013547756894430514,-0.12149399914616678,211.0,0.6701805889606476,0.6701805889606476,False
Edge-IIoTset,AUC,ablation,SNN_AE,SNN_AE_T2,0.9985632212385868,0.9981561450832428,0.00040707615534407346,0.24713619499663123,95.0,0.0037444327026605606,0.018722163513302803,True
Edge-IIoTset,AUC,ablation,SNN_AE,SNN_AE_T5,0.9985632212385868,0.9988887656019536,-0.00032554436336668845,-0.33805434678406526,125.0,0.026228994131088257,0.052457988262176514,False
Edge-IIoTset,AUC,ablation,SNN_AE,SNN_AE_T7,0.9985632212385868,0.9992536036807284,-0.0006903824421415646,-0.2747532021128977,97.0,0.004338232800364494,0.018722163513302803,True
Edge-IIoTset,AUC,ablation,SNN_AE,SNN_Dense,0.9985632212385868,0.999083760231423,-0.0005205389928362243,-0.419774507888014,23.0,1.1920928955078125e-06,7.152557373046875e-06,True
Edge-IIoTset,AUC,ablation,SNN_AE,Dense_SNN,0.9985632212385868,0.9987870225563193,-0.00022380131773260074,-0.32299046342612003,114.0,0.013663241639733315,0.040989724919199944,True
Edge-IIoTset,AP,benchmark_AE,SNN_AE,Dense_AE,0.998300853437259,0.9993529787888157,-0.001052125351556421,-0.2751293185103748,100.0,0.005382779985666275,0.005382779985666275,True
Edge-IIoTset,AP,benchmark_AE,SNN_AE,LSTM_AE,0.998300853437259,0.9998116232575953,-0.001510769820336196,-0.38735596399460376,0.0,1.862645149230957e-09,1.1175870895385742e-08,True
Edge-IIoTset,AP,benchmark_AE,SNN_AE,CNN_AE,0.998300853437259,0.999696654463437,-0.001395801026178134,-0.3774663814586531,0.0,1.862645149230957e-09,1.1175870895385742e-08,True
Edge-IIoTset,AP,benchmark_AE,Dense_AE,LSTM_AE,0.9993529787888157,0.9998116232575953,-0.0004586444687797749,-1.070287206198603,0.0,1.862645149230957e-09,1.1175870895385742e-08,True
Edge-IIoTset,AP,benchmark_AE,Dense_AE,CNN_AE,0.9993529787888157,0.999696654463437,-0.00034367567462171287,-0.7994041234509816,38.0,1.218356192111969e-05,3.655068576335907e-05,True
Edge-IIoTset,AP,benchmark_AE,LSTM_AE,CNN_AE,0.9998116232575953,0.999696654463437,0.00011496879415806201,0.414710748866079,77.0,0.0008718203753232956,0.0017436407506465912,True
Edge-IIoTset,AP,SNN_vs_baseline,SNN_AE,OCSVM,0.998300853437259,0.9993589570219215,-0.0010581035846622547,-0.39303085297763196,53.0,7.910653948783875e-05,7.910653948783875e-05,True
Edge-IIoTset,AP,SNN_vs_baseline,SNN_AE,IF,0.998300853437259,0.9646840694105574,0.03361678402670183,2.1927863956450615,0.0,1.862645149230957e-09,5.587935447692871e-09,True
Edge-IIoTset,AP,SNN_vs_baseline,SNN_AE,LOF,0.998300853437259,0.9765737177575846,0.02172713567967462,0.7201610888669259,1.0,3.725290298461914e-09,7.450580596923828e-09,True
Edge-IIoTset,AP,ablation,SNN_AE,SNN_AE_noBN,0.998300853437259,0.998505750288748,-0.00020489685148876354,-0.15672552357876532,229.0,0.9515264742076397,0.9515264742076397,False
Edge-IIoTset,AP,ablation,SNN_AE,SNN_AE_T2,0.998300853437259,0.9978280440669319,0.0004728093703270727,0.2631875273534981,114.0,0.013663241639733315,0.05465296655893326,False
Edge-IIoTset,AP,ablation,SNN_AE,SNN_AE_T5,0.998300853437259,0.998685723118578,-0.00038486968131878907,-0.35413533812364106,117.0,0.016431212425231934,0.05465296655893326,False
Edge-IIoTset,AP,ablation,SNN_AE,SNN_AE_T7,0.998300853437259,0.9990950262612952,-0.0007941728240359362,-0.275312142266517,109.0,0.00993151031434536,0.0496575515717268,True
Edge-IIoTset,AP,ablation,SNN_AE,SNN_Dense,0.998300853437259,0.9989241121760762,-0.0006232587388169675,-0.46143994207117706,27.0,2.348795533180237e-06,1.4092773199081421e-05,True
Edge-IIoTset,AP,ablation,SNN_AE,Dense_SNN,0.998300853437259,0.9985674024563321,-0.00026654901907301464,-0.34191798318388794,123.0,0.023410143330693245,0.05465296655893326,False
CICIoT2023,F1,benchmark_AE,SNN_AE,Dense_AE,0.7828497158466592,0.8294162669329304,-0.04656655108627099,-0.7818299405183241,51.0,6.286613643169403e-05,0.0003771968185901642,True
CICIoT2023,F1,benchmark_AE,SNN_AE,LSTM_AE,0.7828497158466592,0.8157353557981862,-0.03288563995152718,-0.5558089980773463,102.0,0.0061949919909238815,0.024779967963695526,True
CICIoT2023,F1,benchmark_AE,SNN_AE,CNN_AE,0.7828497158466592,0.8172976754664381,-0.03444795961977896,-0.6046980046754513,84.0,0.0015832837671041489,0.007916418835520744,True
CICIoT2023,F1,benchmark_AE,Dense_AE,LSTM_AE,0.8294162669329304,0.8157353557981862,0.013680911134743826,0.3583237410016743,115.0,0.01453801617026329,0.04361404851078987,True
CICIoT2023,F1,benchmark_AE,Dense_AE,CNN_AE,0.8294162669329304,0.8172976754664381,0.012118591466492046,0.24170062291058464,171.0,0.21293285302817822,0.42586570605635643,False
CICIoT2023,F1,benchmark_AE,LSTM_AE,CNN_AE,0.8157353557981862,0.8172976754664381,-0.0015623196682517807,-0.0490191508283742,204.0,0.5698575973510742,0.5698575973510742,False
CICIoT2023,F1,SNN_vs_baseline,SNN_AE,OCSVM,0.7828497158466592,0.5937232379488557,0.18912647789780346,2.2795216796436204,0.0,1.862645149230957e-09,5.587935447692871e-09,True
CICIoT2023,F1,SNN_vs_baseline,SNN_AE,IF,0.7828497158466592,0.44644002510987757,0.33640969073678145,1.48268279125368,1.0,3.725290298461914e-09,5.587935447692871e-09,True
CICIoT2023,F1,SNN_vs_baseline,SNN_AE,LOF,0.7828497158466592,0.31220659567824943,0.47064312016840976,3.8918438448398627,0.0,1.862645149230957e-09,5.587935447692871e-09,True
CICIoT2023,F1,ablation,SNN_AE,SNN_AE_noBN,0.7828497158466592,0.7655049648144128,0.017344751032246385,0.31592656607218395,135.0,0.044907208532094955,0.13472162559628487,False
CICIoT2023,F1,ablation,SNN_AE,SNN_AE_T2,0.7828497158466592,0.766531034558314,0.016318681288345217,0.24512273880067612,170.0,0.20540969260036945,0.4108193852007389,False
CICIoT2023,F1,ablation,SNN_AE,SNN_AE_T5,0.7828497158466592,0.8115497217037041,-0.028700005857045043,-0.5976404454001968,97.0,0.004338232800364494,0.02169116400182247,True
CICIoT2023,F1,ablation,SNN_AE,SNN_AE_T7,0.7828497158466592,0.8134955672811853,-0.03064585143452613,-0.5629673948933532,85.0,0.001718590036034584,0.010311540216207504,True
CICIoT2023,F1,ablation,SNN_AE,SNN_Dense,0.7828497158466592,0.8101953334111819,-0.027345617564522716,-0.49144684624178764,103.0,0.006639536470174789,0.026558145880699158,True
CICIoT2023,F1,ablation,SNN_AE,Dense_SNN,0.7828497158466592,0.791698352650757,-0.008848636804097936,-0.1604739458615315,196.0,0.46454504504799843,0.46454504504799843,False
CICIoT2023,AUC,benchmark_AE,SNN_AE,Dense_AE,0.907194429075825,0.8959144913093405,0.011279937766484697,0.46721715386967483,138.0,0.052263347432017326,0.15679004229605198,False
CICIoT2023,AUC,benchmark_AE,SNN_AE,LSTM_AE,0.907194429075825,0.8981293166386544,0.009065112437170893,0.41050790564275447,142.0,0.0635564886033535,0.15679004229605198,False
CICIoT2023,AUC,benchmark_AE,SNN_AE,CNN_AE,0.907194429075825,0.9174113708562713,-0.010216941780446206,-0.6245373567999704,91.0,0.0027663204818964005,0.011065281927585602,True
CICIoT2023,AUC,benchmark_AE,Dense_AE,LSTM_AE,0.8959144913093405,0.8981293166386544,-0.002214825329313804,-0.07652075505444006,198.0,0.4898460879921913,0.4898460879921913,False
CICIoT2023,AUC,benchmark_AE,Dense_AE,CNN_AE,0.8959144913093405,0.9174113708562713,-0.021496879546930903,-0.887151176531273,47.0,3.904104232788086e-05,0.0001952052116394043,True
CICIoT2023,AUC,benchmark_AE,LSTM_AE,CNN_AE,0.8981293166386544,0.9174113708562713,-0.019282054217617098,-1.0086322658762386,17.0,3.855675458908081e-07,2.3134052753448486e-06,True
CICIoT2023,AUC,SNN_vs_baseline,SNN_AE,OCSVM,0.907194429075825,0.8070063408318214,0.10018808824400373,3.202917395883014,0.0,1.862645149230957e-09,5.587935447692871e-09,True
CICIoT2023,AUC,SNN_vs_baseline,SNN_AE,IF,0.907194429075825,0.8519405808145689,0.055253848261256136,1.8000302134230635,0.0,1.862645149230957e-09,5.587935447692871e-09,True
CICIoT2023,AUC,SNN_vs_baseline,SNN_AE,LOF,0.907194429075825,0.7990960744929407,0.10809835458288447,1.4520507015441197,14.0,2.0489096641540527e-07,2.0489096641540527e-07,True
CICIoT2023,AUC,ablation,SNN_AE,SNN_AE_noBN,0.907194429075825,0.90459203367313,0.0026023954026950496,0.13115580134737262,198.0,0.4898460879921913,0.8559092134237289,False
CICIoT2023,AUC,ablation,SNN_AE,SNN_AE_T2,0.907194429075825,0.88821831671894,0.018976112356885164,1.558831571951975,3.0,9.313225746154785e-09,5.587935447692871e-08,True
CICIoT2023,AUC,ablation,SNN_AE,SNN_AE_T5,0.907194429075825,0.9121212079123805,-0.004926778836555305,-0.3164980289605039,153.0,0.10483990423381329,0.31451971270143986,False
CICIoT2023,AUC,ablation,SNN_AE,SNN_AE_T7,0.907194429075825,0.9010425979349694,0.006151831140855716,0.42053963516938203,134.0,0.0426517054438591,0.1706068217754364,False
CICIoT2023,AUC,ablation,SNN_AE,SNN_Dense,0.907194429075825,0.9143940577907962,-0.007199628714971122,-0.5227074398474113,95.0,0.0037444327026605606,0.018722163513302803,True
CICIoT2023,AUC,ablation,SNN_AE,Dense_SNN,0.907194429075825,0.9092973429556344,-0.002102913879809417,-0.12980547535485962,193.0,0.42795460671186447,0.8559092134237289,False
CICIoT2023,AP,benchmark_AE,SNN_AE,Dense_AE,0.932613536602566,0.9279083781535441,0.00470515844902184,0.2737934321774449,169.0,0.19807579927146435,0.594227397814393,False
CICIoT2023,AP,benchmark_AE,SNN_AE,LSTM_AE,0.932613536602566,0.9287513778389178,0.0038621587636479752,0.2604175865735751,183.0,0.31839608028531075,0.6367921605706215,False
CICIoT2023,AP,benchmark_AE,SNN_AE,CNN_AE,0.932613536602566,0.9410240580372358,-0.008410521434669955,-0.6838211165228756,63.0,0.00023163668811321259,0.0009265467524528503,True
CICIoT2023,AP,benchmark_AE,Dense_AE,LSTM_AE,0.9279083781535441,0.9287513778389178,-0.0008429996853738649,-0.04972277633614479,212.0,0.685047073289752,0.685047073289752,False
CICIoT2023,AP,benchmark_AE,Dense_AE,CNN_AE,0.9279083781535441,0.9410240580372358,-0.013115679883691797,-0.828287737145941,57.0,0.00012333691120147705,0.0006166845560073853,True
CICIoT2023,AP,benchmark_AE,LSTM_AE,CNN_AE,0.9287513778389178,0.9410240580372358,-0.012272680198317931,-1.0386168536619755,19.0,5.718320608139038e-07,3.430992364883423e-06,True
CICIoT2023,AP,SNN_vs_baseline,SNN_AE,OCSVM,0.932613536602566,0.8500800287845662,0.08253350781799945,3.530746437844814,0.0,1.862645149230957e-09,5.587935447692871e-09,True
CICIoT2023,AP,SNN_vs_baseline,SNN_AE,IF,0.932613536602566,0.8743969104129341,0.058216626189631644,1.4629007957828977,0.0,1.862645149230957e-09,5.587935447692871e-09,True
CICIoT2023,AP,SNN_vs_baseline,SNN_AE,LOF,0.932613536602566,0.7990642734132348,0.13354926318933097,1.7202304452068147,5.0,1.862645149230957e-08,1.862645149230957e-08,True
CICIoT2023,AP,ablation,SNN_AE,SNN_AE_noBN,0.932613536602566,0.9294767104291748,0.003136826173390772,0.20643714065402313,181.0,0.2988441474735737,0.5976882949471474,False
CICIoT2023,AP,ablation,SNN_AE,SNN_AE_T2,0.932613536602566,0.9193883274821552,0.013225209120410579,1.292027923001984,19.0,5.718320608139038e-07,3.430992364883423e-06,True
CICIoT2023,AP,ablation,SNN_AE,SNN_AE_T5,0.932613536602566,0.9368386062219672,-0.00422506961940136,-0.3418091108881035,151.0,0.09610157273709774,0.38440629094839096,False
CICIoT2023,AP,ablation,SNN_AE,SNN_AE_T7,0.932613536602566,0.9308182036320148,0.001795332970550793,0.1525739643660571,195.0,0.4521643426269293,0.5976882949471474,False
CICIoT2023,AP,ablation,SNN_AE,SNN_Dense,0.932613536602566,0.9382556221340485,-0.005642085531482702,-0.5088665075581175,98.0,0.00466480478644371,0.02332402393221855,True
CICIoT2023,AP,ablation,SNN_AE,Dense_SNN,0.932613536602566,0.935705719774459,-0.0030921831718933738,-0.2715699980523312,159.0,0.13473508320748806,0.4042052496224642,False
