dataset,subtype,job,recall_mean,recall_sd,n_mean
Edge-IIoTset,ddos-http-flood-attacks,CNN_AE,0.9898509803921569,0.05142658271455079,4250.0
Edge-IIoTset,ddos-http-flood-attacks,Dense_AE,0.9992549019607843,0.0026121581731892766,4250.0
Edge-IIoTset,ddos-http-flood-attacks,Dense_SNN,0.9253333333333333,0.18364215950452223,4250.0
Edge-IIoTset,ddos-http-flood-attacks,IF,0.40167058823529417,0.20444339656316082,4250.0
Edge-IIoTset,ddos-http-flood-attacks,LOF,0.8605411764705883,0.2969712257726008,4250.0
Edge-IIoTset,ddos-http-flood-attacks,LSTM_AE,0.9901019607843137,0.05421379353502114,4250.0
Edge-IIoTset,ddos-http-flood-attacks,OCSVM,0.9736470588235294,0.1014347568802372,4250.0
Edge-IIoTset,ddos-http-flood-attacks,SNN_AE,0.8860313725490196,0.2593330517356918,4250.0
Edge-IIoTset,ddos-http-flood-attacks,SNN_AE_T2,0.863356862745098,0.27359887138898636,4250.0
Edge-IIoTset,ddos-http-flood-attacks,SNN_AE_T5,0.9171372549019609,0.2239706722524024,4250.0
Edge-IIoTset,ddos-http-flood-attacks,SNN_AE_T7,0.9186039215686274,0.20018727834338462,4250.0
Edge-IIoTset,ddos-http-flood-attacks,SNN_AE_noBN,0.8887137254901961,0.24571404496764984,4250.0
Edge-IIoTset,ddos-http-flood-attacks,SNN_Dense,0.9498352941176471,0.1586602709858683,4250.0
Edge-IIoTset,ddos-icmp-flood-attacks,CNN_AE,0.9999843137254901,5.969603098882746e-05,4250.0
Edge-IIoTset,ddos-icmp-flood-attacks,Dense_AE,0.9999843137254901,5.969603098882746e-05,4250.0
Edge-IIoTset,ddos-icmp-flood-attacks,Dense_SNN,0.9999843137254901,5.969603098882746e-05,4250.0
Edge-IIoTset,ddos-icmp-flood-attacks,IF,0.7904313725490196,0.4023913262751576,4250.0
Edge-IIoTset,ddos-icmp-flood-attacks,LOF,0.4390117647058824,0.4412530471472715,4250.0
Edge-IIoTset,ddos-icmp-flood-attacks,LSTM_AE,0.9999843137254901,5.969603098882746e-05,4250.0
Edge-IIoTset,ddos-icmp-flood-attacks,OCSVM,0.9999764705882352,7.179495920692378e-05,4250.0
Edge-IIoTset,ddos-icmp-flood-attacks,SNN_AE,0.9999843137254901,5.969603098882746e-05,4250.0
Edge-IIoTset,ddos-icmp-flood-attacks,SNN_AE_T2,0.9999843137254901,5.969603098882746e-05,4250.0
Edge-IIoTset,ddos-icmp-flood-attacks,SNN_AE_T5,0.9999843137254901,5.969603098882746e-05,4250.0
Edge-IIoTset,ddos-icmp-flood-attacks,SNN_AE_T7,0.9999843137254901,5.969603098882746e-05,4250.0
Edge-IIoTset,ddos-icmp-flood-attacks,SNN_AE_noBN,0.9999843137254901,5.969603098882746e-05,4250.0
Edge-IIoTset,ddos-icmp-flood-attacks,SNN_Dense,0.9999843137254901,5.969603098882746e-05,4250.0
Edge-IIoTset,ddos-tcp-syn-flood-attacks,CNN_AE,1.0,0.0,4250.0
Edge-IIoTset,ddos-tcp-syn-flood-attacks,Dense_AE,1.0,0.0,4250.0
Edge-IIoTset,ddos-tcp-syn-flood-attacks,Dense_SNN,1.0,0.0,4250.0
Edge-IIoTset,ddos-tcp-syn-flood-attacks,IF,0.5073960784313726,0.20560330839551055,4250.0
Edge-IIoTset,ddos-tcp-syn-flood-attacks,LOF,0.9888392156862745,0.05078300853800119,4250.0
Edge-IIoTset,ddos-tcp-syn-flood-attacks,LSTM_AE,1.0,0.0,4250.0
Edge-IIoTset,ddos-tcp-syn-flood-attacks,OCSVM,1.0,0.0,4250.0
Edge-IIoTset,ddos-tcp-syn-flood-attacks,SNN_AE,1.0,0.0,4250.0
Edge-IIoTset,ddos-tcp-syn-flood-attacks,SNN_AE_T2,1.0,0.0,4250.0
Edge-IIoTset,ddos-tcp-syn-flood-attacks,SNN_AE_T5,1.0,0.0,4250.0
Edge-IIoTset,ddos-tcp-syn-flood-attacks,SNN_AE_T7,1.0,0.0,4250.0
Edge-IIoTset,ddos-tcp-syn-flood-attacks,SNN_AE_noBN,1.0,0.0,4250.0
Edge-IIoTset,ddos-tcp-syn-flood-attacks,SNN_Dense,1.0,0.0,4250.0
Edge-IIoTset,ddos-udp-flood-attacks,CNN_AE,1.0,0.0,4250.0
Edge-IIoTset,ddos-udp-flood-attacks,Dense_AE,1.0,0.0,4250.0
Edge-IIoTset,ddos-udp-flood-attacks,Dense_SNN,1.0,0.0,4250.0
Edge-IIoTset,ddos-udp-flood-attacks,IF,0.9998588235294117,0.0006527684657276515,4250.0
Edge-IIoTset,ddos-udp-flood-attacks,LOF,0.6000549019607843,0.4780617457990176,4250.0
Edge-IIoTset,ddos-udp-flood-attacks,LSTM_AE,1.0,0.0,4250.0
Edge-IIoTset,ddos-udp-flood-attacks,OCSVM,1.0,0.0,4250.0
Edge-IIoTset,ddos-udp-flood-attacks,SNN_AE,1.0,0.0,4250.0
Edge-IIoTset,ddos-udp-flood-attacks,SNN_AE_T2,1.0,0.0,4250.0
Edge-IIoTset,ddos-udp-flood-attacks,SNN_AE_T5,1.0,0.0,4250.0
Edge-IIoTset,ddos-udp-flood-attacks,SNN_AE_T7,1.0,0.0,4250.0
Edge-IIoTset,ddos-udp-flood-attacks,SNN_AE_noBN,1.0,0.0,4250.0
Edge-IIoTset,ddos-udp-flood-attacks,SNN_Dense,1.0,0.0,4250.0
CICIoT2023,DDoS-ACK_Fragmentation,CNN_AE,0.9785960784313725,0.005303434068422876,4250.0
CICIoT2023,DDoS-ACK_Fragmentation,Dense_AE,0.9797254901960784,0.003843040663327831,4250.0
CICIoT2023,DDoS-ACK_Fragmentation,Dense_SNN,0.9775529411764706,0.004914872515240777,4250.0
CICIoT2023,DDoS-ACK_Fragmentation,IF,0.12418039215686275,0.09269988311296418,4250.0
CICIoT2023,DDoS-ACK_Fragmentation,LOF,0.6340470588235294,0.12432867518242376,4250.0
CICIoT2023,DDoS-ACK_Fragmentation,LSTM_AE,0.9788941176470588,0.005553020249033063,4250.0
CICIoT2023,DDoS-ACK_Fragmentation,OCSVM,0.8763843137254902,0.17840887639506653,4250.0
CICIoT2023,DDoS-ACK_Fragmentation,SNN_AE,0.9784627450980392,0.004020581026339929,4250.0
CICIoT2023,DDoS-ACK_Fragmentation,SNN_AE_T2,0.9792470588235295,0.0032984034710117982,4250.0
CICIoT2023,DDoS-ACK_Fragmentation,SNN_AE_T5,0.9782196078431372,0.004224770940072665,4250.0
CICIoT2023,DDoS-ACK_Fragmentation,SNN_AE_T7,0.9784627450980392,0.004570354019423921,4250.0
CICIoT2023,DDoS-ACK_Fragmentation,SNN_AE_noBN,0.9789333333333333,0.0035419565203044685,4250.0
CICIoT2023,DDoS-ACK_Fragmentation,SNN_Dense,0.9781098039215687,0.004711754281105981,4250.0
CICIoT2023,DDoS-HTTP_Flood-,CNN_AE,0.1423450980392157,0.07516823867377487,4250.0
CICIoT2023,DDoS-HTTP_Flood-,Dense_AE,0.1708156862745098,0.06864893812176552,4250.0
CICIoT2023,DDoS-HTTP_Flood-,Dense_SNN,0.1471294117647059,0.06927319065355793,4250.0
CICIoT2023,DDoS-HTTP_Flood-,IF,0.0022509803921568626,0.0030376444716073547,4250.0
CICIoT2023,DDoS-HTTP_Flood-,LOF,0.019450980392156862,0.021300904039645283,4250.0
CICIoT2023,DDoS-HTTP_Flood-,LSTM_AE,0.1391607843137255,0.09182000067719807,4250.0
CICIoT2023,DDoS-HTTP_Flood-,OCSVM,0.05029803921568628,0.04106026759909428,4250.0
CICIoT2023,DDoS-HTTP_Flood-,SNN_AE,0.15813333333333332,0.06547002041516037,4250.0
CICIoT2023,DDoS-HTTP_Flood-,SNN_AE_T2,0.18684705882352942,0.025028157868973944,4250.0
CICIoT2023,DDoS-HTTP_Flood-,SNN_AE_T5,0.16257254901960785,0.05142187537413237,4250.0
CICIoT2023,DDoS-HTTP_Flood-,SNN_AE_T7,0.14822745098039214,0.06269388156483845,4250.0
CICIoT2023,DDoS-HTTP_Flood-,SNN_AE_noBN,0.18741176470588233,0.05206817738360534,4250.0
CICIoT2023,DDoS-HTTP_Flood-,SNN_Dense,0.13813333333333333,0.07566687479745658,4250.0
CICIoT2023,DDoS-ICMP_Flood,CNN_AE,0.9201882352941176,0.249003473073515,4250.0
CICIoT2023,DDoS-ICMP_Flood,Dense_AE,0.9473960784313726,0.20048108880624546,4250.0
CICIoT2023,DDoS-ICMP_Flood,Dense_SNN,0.726486274509804,0.43070051931986514,4250.0
CICIoT2023,DDoS-ICMP_Flood,IF,0.13224313725490194,0.3239736134553682,4250.0
CICIoT2023,DDoS-ICMP_Flood,LOF,0.07546666666666667,0.19398055699698571,4250.0
CICIoT2023,DDoS-ICMP_Flood,LSTM_AE,0.9305960784313726,0.25296538764891796,4250.0
CICIoT2023,DDoS-ICMP_Flood,OCSVM,0.12167058823529413,0.2621366728831625,4250.0
CICIoT2023,DDoS-ICMP_Flood,SNN_AE,0.5822039215686274,0.4536936947712388,4250.0
CICIoT2023,DDoS-ICMP_Flood,SNN_AE_T2,0.46584313725490195,0.40303328164634783,4250.0
CICIoT2023,DDoS-ICMP_Flood,SNN_AE_T5,0.7751686274509805,0.38433682347003234,4250.0
CICIoT2023,DDoS-ICMP_Flood,SNN_AE_T7,0.7826666666666667,0.4052647932388224,4250.0
CICIoT2023,DDoS-ICMP_Flood,SNN_AE_noBN,0.615043137254902,0.40159386985403445,4250.0
CICIoT2023,DDoS-ICMP_Flood,SNN_Dense,0.7981019607843137,0.39776727509764703,4250.0
CICIoT2023,DDoS-ICMP_Fragmentation,CNN_AE,0.9571607843137254,0.0035795936686219593,4250.0
CICIoT2023,DDoS-ICMP_Fragmentation,Dense_AE,0.9583058823529412,0.0032943494557672276,4250.0
CICIoT2023,DDoS-ICMP_Fragmentation,Dense_SNN,0.9571450980392158,0.003417416223341678,4250.0
CICIoT2023,DDoS-ICMP_Fragmentation,IF,0.36698039215686273,0.21245667727049622,4250.0
CICIoT2023,DDoS-ICMP_Fragmentation,LOF,0.691835294117647,0.10588585344675631,4250.0
CICIoT2023,DDoS-ICMP_Fragmentation,LSTM_AE,0.9577960784313725,0.0034825740477655866,4250.0
CICIoT2023,DDoS-ICMP_Fragmentation,OCSVM,0.8913019607843137,0.13124540501574933,4250.0
CICIoT2023,DDoS-ICMP_Fragmentation,SNN_AE,0.9566352941176471,0.0033850954575038576,4250.0
CICIoT2023,DDoS-ICMP_Fragmentation,SNN_AE_T2,0.9564862745098038,0.0031446430922102177,4250.0
CICIoT2023,DDoS-ICMP_Fragmentation,SNN_AE_T5,0.9565098039215686,0.003316690744931492,4250.0
CICIoT2023,DDoS-ICMP_Fragmentation,SNN_AE_T7,0.9572705882352942,0.003333637181394661,4250.0
CICIoT2023,DDoS-ICMP_Fragmentation,SNN_AE_noBN,0.9565176470588236,0.0027539777178642567,4250.0
CICIoT2023,DDoS-ICMP_Fragmentation,SNN_Dense,0.9573490196078431,0.003492673338928186,4250.0
CICIoT2023,DDoS-PSHACK_Flood,CNN_AE,0.9031294117647058,0.16851228590914877,4250.0
CICIoT2023,DDoS-PSHACK_Flood,Dense_AE,0.9086823529411764,0.136874332472783,4250.0
CICIoT2023,DDoS-PSHACK_Flood,Dense_SNN,0.7299607843137255,0.1569601617722344,4250.0
CICIoT2023,DDoS-PSHACK_Flood,IF,0.319443137254902,0.33503786931841173,4250.0
CICIoT2023,DDoS-PSHACK_Flood,LOF,0.21620392156862744,0.22975946383946813,4250.0
CICIoT2023,DDoS-PSHACK_Flood,LSTM_AE,0.870321568627451,0.17937713743805014,4250.0
CICIoT2023,DDoS-PSHACK_Flood,OCSVM,0.42670588235294116,0.19420554159843958,4250.0
CICIoT2023,DDoS-PSHACK_Flood,SNN_AE,0.6542666666666667,0.0984494510495796,4250.0
CICIoT2023,DDoS-PSHACK_Flood,SNN_AE_T2,0.6915764705882352,0.12103648780637814,4250.0
CICIoT2023,DDoS-PSHACK_Flood,SNN_AE_T5,0.7178823529411764,0.086675478581204,4250.0
CICIoT2023,DDoS-PSHACK_Flood,SNN_AE_T7,0.818392156862745,0.15067092156028683,4250.0
CICIoT2023,DDoS-PSHACK_Flood,SNN_AE_noBN,0.6173019607843138,0.14438757495469126,4250.0
CICIoT2023,DDoS-PSHACK_Flood,SNN_Dense,0.8390509803921569,0.16556060443656032,4250.0
CICIoT2023,DDoS-RSTFINFlood,CNN_AE,0.9938980392156863,0.000738743767308126,4250.0
CICIoT2023,DDoS-RSTFINFlood,Dense_AE,0.9939529411764706,0.0007183483422203776,4250.0
CICIoT2023,DDoS-RSTFINFlood,Dense_SNN,0.9938980392156863,0.0006878933866369934,4250.0
CICIoT2023,DDoS-RSTFINFlood,IF,0.9538352941176471,0.0732035430573115,4250.0
CICIoT2023,DDoS-RSTFINFlood,LOF,0.008250980392156862,0.023645065325906718,4250.0
CICIoT2023,DDoS-RSTFINFlood,LSTM_AE,0.9938745098039216,0.0007630241037619156,4250.0
CICIoT2023,DDoS-RSTFINFlood,OCSVM,0.8527607843137255,0.28756971584432717,4250.0
CICIoT2023,DDoS-RSTFINFlood,SNN_AE,0.9937254901960785,0.0007897042612700238,4250.0
CICIoT2023,DDoS-RSTFINFlood,SNN_AE_T2,0.9938823529411764,0.0006712249210530314,4250.0
CICIoT2023,DDoS-RSTFINFlood,SNN_AE_T5,0.9938666666666667,0.000769129556853519,4250.0
CICIoT2023,DDoS-RSTFINFlood,SNN_AE_T7,0.9938039215686274,0.000760141367627736,4250.0
CICIoT2023,DDoS-RSTFINFlood,SNN_AE_noBN,0.9905176470588235,0.018486965775687952,4250.0
CICIoT2023,DDoS-RSTFINFlood,SNN_Dense,0.9926588235294118,0.006782530533590596,4250.0
CICIoT2023,DDoS-SYN_Flood,CNN_AE,0.8591686274509804,0.2584079697938147,4250.0
CICIoT2023,DDoS-SYN_Flood,Dense_AE,0.9713803921568628,0.056541587663461595,4250.0
CICIoT2023,DDoS-SYN_Flood,Dense_SNN,0.8395921568627451,0.29028622936822907,4250.0
CICIoT2023,DDoS-SYN_Flood,IF,0.3319372549019608,0.412269256491518,4250.0
CICIoT2023,DDoS-SYN_Flood,LOF,0.13766274509803925,0.3080793866320263,4250.0
CICIoT2023,DDoS-SYN_Flood,LSTM_AE,0.9117960784313726,0.19877612150890323,4250.0
CICIoT2023,DDoS-SYN_Flood,OCSVM,0.20042352941176472,0.1452587784995374,4250.0
CICIoT2023,DDoS-SYN_Flood,SNN_AE,0.7903843137254901,0.2692958552636345,4250.0
CICIoT2023,DDoS-SYN_Flood,SNN_AE_T2,0.7021647058823529,0.2601977928369262,4250.0
CICIoT2023,DDoS-SYN_Flood,SNN_AE_T5,0.8884392156862745,0.12218130781863829,4250.0
CICIoT2023,DDoS-SYN_Flood,SNN_AE_T7,0.9226823529411765,0.09204408711090412,4250.0
CICIoT2023,DDoS-SYN_Flood,SNN_AE_noBN,0.6786745098039215,0.3025699475123937,4250.0
CICIoT2023,DDoS-SYN_Flood,SNN_Dense,0.8958980392156862,0.20159535227712544,4250.0
CICIoT2023,DDoS-SlowLoris,CNN_AE,0.05847843137254902,0.030343582898329974,4250.0
CICIoT2023,DDoS-SlowLoris,Dense_AE,0.06487843137254902,0.029422111499856213,4250.0
CICIoT2023,DDoS-SlowLoris,Dense_SNN,0.059968627450980395,0.027661425352492587,4250.0
CICIoT2023,DDoS-SlowLoris,IF,0.005803921568627451,0.005023114056044261,4250.0
CICIoT2023,DDoS-SlowLoris,LOF,0.013670588235294118,0.017383272560044336,4250.0
CICIoT2023,DDoS-SlowLoris,LSTM_AE,0.062086274509803925,0.04070898853574855,4250.0
CICIoT2023,DDoS-SlowLoris,OCSVM,0.01923921568627451,0.01631355840659223,4250.0
CICIoT2023,DDoS-SlowLoris,SNN_AE,0.06718431372549019,0.02429251272065326,4250.0
CICIoT2023,DDoS-SlowLoris,SNN_AE_T2,0.07206274509803921,0.01195528132421753,4250.0
CICIoT2023,DDoS-SlowLoris,SNN_AE_T5,0.06425882352941176,0.02173940528247166,4250.0
CICIoT2023,DDoS-SlowLoris,SNN_AE_T7,0.06232941176470588,0.02512165175593884,4250.0
CICIoT2023,DDoS-SlowLoris,SNN_AE_noBN,0.0756156862745098,0.02120417240017988,4250.0
CICIoT2023,DDoS-SlowLoris,SNN_Dense,0.060000000000000005,0.030817923711805986,4250.0
CICIoT2023,DDoS-SynonymousIP_Flood,CNN_AE,0.8800470588235295,0.2691219139310819,4250.0
CICIoT2023,DDoS-SynonymousIP_Flood,Dense_AE,0.9874666666666666,0.049017296605418814,4250.0
CICIoT2023,DDoS-SynonymousIP_Flood,Dense_SNN,0.8625647058823529,0.29655105865629316,4250.0
CICIoT2023,DDoS-SynonymousIP_Flood,IF,0.38850196078431376,0.45536050685399004,4250.0
CICIoT2023,DDoS-SynonymousIP_Flood,LOF,0.13567843137254904,0.30527439963108427,4250.0
CICIoT2023,DDoS-SynonymousIP_Flood,LSTM_AE,0.9363372549019608,0.20101365066593574,4250.0
CICIoT2023,DDoS-SynonymousIP_Flood,OCSVM,0.19610980392156863,0.14202778795225426,4250.0
CICIoT2023,DDoS-SynonymousIP_Flood,SNN_AE,0.8161019607843137,0.2731202719636226,4250.0
CICIoT2023,DDoS-SynonymousIP_Flood,SNN_AE_T2,0.7224235294117647,0.27402932806635205,4250.0
CICIoT2023,DDoS-SynonymousIP_Flood,SNN_AE_T5,0.9210901960784313,0.11733089335540106,4250.0
CICIoT2023,DDoS-SynonymousIP_Flood,SNN_AE_T7,0.9559764705882353,0.08935784324760074,4250.0
CICIoT2023,DDoS-SynonymousIP_Flood,SNN_AE_noBN,0.6873019607843137,0.32111853482368496,4250.0
CICIoT2023,DDoS-SynonymousIP_Flood,SNN_Dense,0.9284470588235294,0.2039416229281851,4250.0
CICIoT2023,DDoS-TCP_Flood,CNN_AE,0.9538588235294118,0.12224066232279804,4250.0
CICIoT2023,DDoS-TCP_Flood,Dense_AE,0.9973803921568628,0.0028009464255804974,4250.0
CICIoT2023,DDoS-TCP_Flood,Dense_SNN,0.8984,0.19041562213130664,4250.0
CICIoT2023,DDoS-TCP_Flood,IF,0.3180392156862745,0.3463470837615063,4250.0
CICIoT2023,DDoS-TCP_Flood,LOF,0.1032235294117647,0.2521608314750712,4250.0
CICIoT2023,DDoS-TCP_Flood,LSTM_AE,0.9705882352941176,0.08365158622131208,4250.0
CICIoT2023,DDoS-TCP_Flood,OCSVM,0.12776470588235295,0.07601360097842488,4250.0
CICIoT2023,DDoS-TCP_Flood,SNN_AE,0.8966588235294118,0.1793852541847399,4250.0
CICIoT2023,DDoS-TCP_Flood,SNN_AE_T2,0.8643607843137254,0.1673101299051139,4250.0
CICIoT2023,DDoS-TCP_Flood,SNN_AE_T5,0.9692470588235295,0.07117905951404457,4250.0
CICIoT2023,DDoS-TCP_Flood,SNN_AE_T7,0.9924078431372548,0.020501567413156823,4250.0
CICIoT2023,DDoS-TCP_Flood,SNN_AE_noBN,0.7949725490196078,0.24476624691042626,4250.0
CICIoT2023,DDoS-TCP_Flood,SNN_Dense,0.9801647058823529,0.04215183944158629,4250.0
CICIoT2023,DDoS-UDP_Flood,CNN_AE,0.004541176470588235,0.022297756156229552,4250.0
CICIoT2023,DDoS-UDP_Flood,Dense_AE,0.009968627450980393,0.025804676606482464,4250.0
CICIoT2023,DDoS-UDP_Flood,Dense_SNN,0.036760784313725495,0.07158526919430178,4250.0
CICIoT2023,DDoS-UDP_Flood,IF,0.00025882352941176474,0.0002573811923062077,4250.0
CICIoT2023,DDoS-UDP_Flood,LOF,0.09687843137254902,0.11471891841806207,4250.0
CICIoT2023,DDoS-UDP_Flood,LSTM_AE,0.009654901960784314,0.03935489746524895,4250.0
CICIoT2023,DDoS-UDP_Flood,OCSVM,0.015505882352941177,0.013774095720666589,4250.0
CICIoT2023,DDoS-UDP_Flood,SNN_AE,0.021474509803921567,0.055740100641747704,4250.0
CICIoT2023,DDoS-UDP_Flood,SNN_AE_T2,0.0033725490196078434,0.005987166271701513,4250.0
CICIoT2023,DDoS-UDP_Flood,SNN_AE_T5,0.005074509803921569,0.011948532724813603,4250.0
CICIoT2023,DDoS-UDP_Flood,SNN_AE_T7,0.00672156862745098,0.025587453921684513,4250.0
CICIoT2023,DDoS-UDP_Flood,SNN_AE_noBN,0.02063529411764706,0.027374306907718447,4250.0
CICIoT2023,DDoS-UDP_Flood,SNN_Dense,0.03354509803921569,0.058949858128550976,4250.0
CICIoT2023,DDoS-UDP_Fragmentation,CNN_AE,0.9746666666666666,0.003638520835485521,4250.0
CICIoT2023,DDoS-UDP_Fragmentation,Dense_AE,0.9753803921568628,0.0032086765400406426,4250.0
CICIoT2023,DDoS-UDP_Fragmentation,Dense_SNN,0.9742509803921569,0.0034930832616118916,4250.0
CICIoT2023,DDoS-UDP_Fragmentation,IF,0.47545882352941177,0.23473668777589213,4250.0
CICIoT2023,DDoS-UDP_Fragmentation,LOF,0.5612784313725491,0.1618536070913008,4250.0
CICIoT2023,DDoS-UDP_Fragmentation,LSTM_AE,0.9749254901960784,0.003464547062185814,4250.0
CICIoT2023,DDoS-UDP_Fragmentation,OCSVM,0.8750901960784314,0.20037639068453567,4250.0
CICIoT2023,DDoS-UDP_Fragmentation,SNN_AE,0.9739529411764706,0.0034114989055025993,4250.0
CICIoT2023,DDoS-UDP_Fragmentation,SNN_AE_T2,0.9738039215686275,0.003294890279331008,4250.0
CICIoT2023,DDoS-UDP_Fragmentation,SNN_AE_T5,0.9739372549019607,0.0034463149975017464,4250.0
CICIoT2023,DDoS-UDP_Fragmentation,SNN_AE_T7,0.9745411764705882,0.003105833179277569,4250.0
CICIoT2023,DDoS-UDP_Fragmentation,SNN_AE_noBN,0.9734980392156862,0.0034111258174043925,4250.0
CICIoT2023,DDoS-UDP_Fragmentation,SNN_Dense,0.9745098039215686,0.0033466305986765044,4250.0
CICIoT2023,Mirai-greeth_flood,CNN_AE,0.9591058823529413,0.003527734557539656,4250.0
CICIoT2023,Mirai-greeth_flood,Dense_AE,0.958956862745098,0.00336106035696231,4250.0
CICIoT2023,Mirai-greeth_flood,Dense_SNN,0.9587921568627451,0.003686165176115156,4250.0
CICIoT2023,Mirai-greeth_flood,IF,0.4862431372549019,0.3749553825370813,4250.0
CICIoT2023,Mirai-greeth_flood,LOF,0.17429803921568626,0.20463829229289665,4250.0
CICIoT2023,Mirai-greeth_flood,LSTM_AE,0.9587529411764706,0.003593017130987241,4250.0
CICIoT2023,Mirai-greeth_flood,OCSVM,0.9582196078431373,0.0035181338857782395,4250.0
CICIoT2023,Mirai-greeth_flood,SNN_AE,0.9587921568627451,0.0033014889032441817,4250.0
CICIoT2023,Mirai-greeth_flood,SNN_AE_T2,0.9585019607843138,0.0034506330884308055,4250.0
CICIoT2023,Mirai-greeth_flood,SNN_AE_T5,0.9586039215686275,0.0033719766169907255,4250.0
CICIoT2023,Mirai-greeth_flood,SNN_AE_T7,0.9588156862745099,0.0035504354681759266,4250.0
CICIoT2023,Mirai-greeth_flood,SNN_AE_noBN,0.9586196078431372,0.0034590599377382265,4250.0
CICIoT2023,Mirai-greeth_flood,SNN_Dense,0.9588,0.0036636278730542986,4250.0
CICIoT2023,Mirai-greip_flood,CNN_AE,0.9594588235294118,0.003659352439872789,4250.0
CICIoT2023,Mirai-greip_flood,Dense_AE,0.9605254901960784,0.003554304821842839,4250.0
CICIoT2023,Mirai-greip_flood,Dense_SNN,0.9593960784313726,0.003439661195599959,4250.0
CICIoT2023,Mirai-greip_flood,IF,0.47970980392156864,0.37475665474600833,4250.0
CICIoT2023,Mirai-greip_flood,LOF,0.17480784313725492,0.20337147252408477,4250.0
CICIoT2023,Mirai-greip_flood,LSTM_AE,0.959843137254902,0.003688546765621223,4250.0
CICIoT2023,Mirai-greip_flood,OCSVM,0.9575764705882353,0.003727068453283189,4250.0
CICIoT2023,Mirai-greip_flood,SNN_AE,0.9592941176470587,0.003299907979611734,4250.0
CICIoT2023,Mirai-greip_flood,SNN_AE_T2,0.9590509803921569,0.003064425099296403,4250.0
CICIoT2023,Mirai-greip_flood,SNN_AE_T5,0.9591764705882352,0.0033792251169643644,4250.0
CICIoT2023,Mirai-greip_flood,SNN_AE_T7,0.9595450980392157,0.0033967963364017655,4250.0
CICIoT2023,Mirai-greip_flood,SNN_AE_noBN,0.9592705882352941,0.0033688140709809723,4250.0
CICIoT2023,Mirai-greip_flood,SNN_Dense,0.9599764705882353,0.003218102952451357,4250.0
CICIoT2023,Mirai-udpplain,CNN_AE,0.04031372549019608,0.08309721821635968,4250.0
CICIoT2023,Mirai-udpplain,Dense_AE,0.0026745098039215685,0.001596420448011157,4250.0
CICIoT2023,Mirai-udpplain,Dense_SNN,0.1407764705882353,0.25975976088129166,4250.0
CICIoT2023,Mirai-udpplain,IF,0.5325019607843138,0.4325936242040842,4250.0
CICIoT2023,Mirai-udpplain,LOF,0.02420392156862745,0.03694341065495316,4250.0
CICIoT2023,Mirai-udpplain,LSTM_AE,0.004909803921568628,0.014827036300246678,4250.0
CICIoT2023,Mirai-udpplain,OCSVM,0.0035137254901960787,0.00499246379516693,4250.0
CICIoT2023,Mirai-udpplain,SNN_AE,0.17545098039215687,0.2795571477578537,4250.0
CICIoT2023,Mirai-udpplain,SNN_AE_T2,0.013207843137254902,0.023164202915335972,4250.0
CICIoT2023,Mirai-udpplain,SNN_AE_T5,0.128878431372549,0.24547066427386188,4250.0
CICIoT2023,Mirai-udpplain,SNN_AE_T7,0.09961568627450981,0.24200010143629197,4250.0
CICIoT2023,Mirai-udpplain,SNN_AE_noBN,0.06478431372549019,0.13800569541993946,4250.0
CICIoT2023,Mirai-udpplain,SNN_Dense,0.0747686274509804,0.11546002358606226,4250.0
