dataset,subtype,SNN_AE,Dense_AE,LSTM_AE,CNN_AE,OCSVM,IF,LOF,SNN_AE_noBN,SNN_AE_T2,SNN_AE_T5,SNN_AE_T7,SNN_Dense,Dense_SNN
Edge-IIoTset,ddos-http-flood-attacks,0.8860313725490196,0.9992549019607843,0.9901019607843137,0.9898509803921569,0.9736470588235294,0.40167058823529417,0.8605411764705883,0.8887137254901961,0.863356862745098,0.9171372549019609,0.9186039215686274,0.9498352941176471,0.9253333333333333
Edge-IIoTset,ddos-icmp-flood-attacks,0.9999843137254901,0.9999843137254901,0.9999843137254901,0.9999843137254901,0.9999764705882352,0.7904313725490196,0.4390117647058824,0.9999843137254901,0.9999843137254901,0.9999843137254901,0.9999843137254901,0.9999843137254901,0.9999843137254901
Edge-IIoTset,ddos-tcp-syn-flood-attacks,1.0,1.0,1.0,1.0,1.0,0.5073960784313726,0.9888392156862745,1.0,1.0,1.0,1.0,1.0,1.0
Edge-IIoTset,ddos-udp-flood-attacks,1.0,1.0,1.0,1.0,1.0,0.9998588235294117,0.6000549019607843,1.0,1.0,1.0,1.0,1.0,1.0
CICIoT2023,DDoS-ACK_Fragmentation,0.9784627450980392,0.9797254901960784,0.9788941176470588,0.9785960784313725,0.8763843137254902,0.12418039215686275,0.6340470588235294,0.9789333333333333,0.9792470588235295,0.9782196078431372,0.9784627450980392,0.9781098039215687,0.9775529411764706
CICIoT2023,DDoS-HTTP_Flood-,0.15813333333333332,0.1708156862745098,0.1391607843137255,0.1423450980392157,0.05029803921568628,0.0022509803921568626,0.019450980392156862,0.18741176470588233,0.18684705882352942,0.16257254901960785,0.14822745098039214,0.13813333333333333,0.1471294117647059
CICIoT2023,DDoS-ICMP_Flood,0.5822039215686274,0.9473960784313726,0.9305960784313726,0.9201882352941176,0.12167058823529413,0.13224313725490194,0.07546666666666667,0.615043137254902,0.46584313725490195,0.7751686274509805,0.7826666666666667,0.7981019607843137,0.726486274509804
CICIoT2023,DDoS-ICMP_Fragmentation,0.9566352941176471,0.9583058823529412,0.9577960784313725,0.9571607843137254,0.8913019607843137,0.36698039215686273,0.691835294117647,0.9565176470588236,0.9564862745098038,0.9565098039215686,0.9572705882352942,0.9573490196078431,0.9571450980392158
CICIoT2023,DDoS-PSHACK_Flood,0.6542666666666667,0.9086823529411764,0.870321568627451,0.9031294117647058,0.42670588235294116,0.319443137254902,0.21620392156862744,0.6173019607843138,0.6915764705882352,0.7178823529411764,0.818392156862745,0.8390509803921569,0.7299607843137255
CICIoT2023,DDoS-RSTFINFlood,0.9937254901960785,0.9939529411764706,0.9938745098039216,0.9938980392156863,0.8527607843137255,0.9538352941176471,0.008250980392156862,0.9905176470588235,0.9938823529411764,0.9938666666666667,0.9938039215686274,0.9926588235294118,0.9938980392156863
CICIoT2023,DDoS-SYN_Flood,0.7903843137254901,0.9713803921568628,0.9117960784313726,0.8591686274509804,0.20042352941176472,0.3319372549019608,0.13766274509803925,0.6786745098039215,0.7021647058823529,0.8884392156862745,0.9226823529411765,0.8958980392156862,0.8395921568627451
CICIoT2023,DDoS-SlowLoris,0.06718431372549019,0.06487843137254902,0.062086274509803925,0.05847843137254902,0.01923921568627451,0.005803921568627451,0.013670588235294118,0.0756156862745098,0.07206274509803921,0.06425882352941176,0.06232941176470588,0.060000000000000005,0.059968627450980395
CICIoT2023,DDoS-SynonymousIP_Flood,0.8161019607843137,0.9874666666666666,0.9363372549019608,0.8800470588235295,0.19610980392156863,0.38850196078431376,0.13567843137254904,0.6873019607843137,0.7224235294117647,0.9210901960784313,0.9559764705882353,0.9284470588235294,0.8625647058823529
CICIoT2023,DDoS-TCP_Flood,0.8966588235294118,0.9973803921568628,0.9705882352941176,0.9538588235294118,0.12776470588235295,0.3180392156862745,0.1032235294117647,0.7949725490196078,0.8643607843137254,0.9692470588235295,0.9924078431372548,0.9801647058823529,0.8984
CICIoT2023,DDoS-UDP_Flood,0.021474509803921567,0.009968627450980393,0.009654901960784314,0.004541176470588235,0.015505882352941177,0.00025882352941176474,0.09687843137254902,0.02063529411764706,0.0033725490196078434,0.005074509803921569,0.00672156862745098,0.03354509803921569,0.036760784313725495
CICIoT2023,DDoS-UDP_Fragmentation,0.9739529411764706,0.9753803921568628,0.9749254901960784,0.9746666666666666,0.8750901960784314,0.47545882352941177,0.5612784313725491,0.9734980392156862,0.9738039215686275,0.9739372549019607,0.9745411764705882,0.9745098039215686,0.9742509803921569
CICIoT2023,Mirai-greeth_flood,0.9587921568627451,0.958956862745098,0.9587529411764706,0.9591058823529413,0.9582196078431373,0.4862431372549019,0.17429803921568626,0.9586196078431372,0.9585019607843138,0.9586039215686275,0.9588156862745099,0.9588,0.9587921568627451
CICIoT2023,Mirai-greip_flood,0.9592941176470587,0.9605254901960784,0.959843137254902,0.9594588235294118,0.9575764705882353,0.47970980392156864,0.17480784313725492,0.9592705882352941,0.9590509803921569,0.9591764705882352,0.9595450980392157,0.9599764705882353,0.9593960784313726
CICIoT2023,Mirai-udpplain,0.17545098039215687,0.0026745098039215685,0.004909803921568628,0.04031372549019608,0.0035137254901960787,0.5325019607843138,0.02420392156862745,0.06478431372549019,0.013207843137254902,0.128878431372549,0.09961568627450981,0.0747686274509804,0.1407764705882353
