dataset,job,percentile,fpr_target,f1_mean,f1_sd,recall_mean,precision_mean,fpr_test_mean,fpr_test_sd,fpr_ratio_actual_to_target
Edge-IIoTset,SNN_AE,90,0.1,0.9533335784215018,0.016912830491190817,1.0,0.9113003710872241,0.09795907996757763,0.03395853972525402,0.9795907996757763
Edge-IIoTset,SNN_AE,95,0.05,0.974565279802497,0.01727234509265425,0.9965823529411765,0.954262105800675,0.04838957037208022,0.03440991815300561,0.9677914074416044
Edge-IIoTset,SNN_AE,96,0.04,0.9749997395506008,0.024036210538340215,0.9907470588235294,0.9613010442070171,0.04053513906425296,0.032618663358978575,1.013378476606324
Edge-IIoTset,SNN_AE,97,0.03,0.9746520776467451,0.029541722531485865,0.9829686274509803,0.9687941272316085,0.03230897069566726,0.031000199474098423,1.0769656898555753
Edge-IIoTset,SNN_AE,98,0.02,0.9754032203460015,0.031650188956792474,0.9776117647058823,0.9757711715129378,0.02480636304200888,0.02917082070530824,1.240318152100444
Edge-IIoTset,SNN_AE,99,0.01,0.9759073138739407,0.036245932464467744,0.9715039215686275,0.9833723326345272,0.0168126754277478,0.027788227425399603,1.68126754277478
Edge-IIoTset,SNN_AE,99.5,0.005,0.9713548912058196,0.040853549709505964,0.9591666666666666,0.9871033531916941,0.01263698215592555,0.026557368477925346,2.52739643118511
Edge-IIoTset,SNN_AE,99.9,0.001,0.8980830460691893,0.08245449139790315,0.827592156862745,0.9968062849118329,0.0029790280607742774,0.00907858617459258,2.979028060774277
Edge-IIoTset,SNN_AE,99.99,0.0001,0.7410204063526226,0.17608275686884092,0.6166607843137254,0.9988272578803613,0.0008575180543434899,0.0012969093605893385,8.575180543434898
Edge-IIoTset,SNN_AE,max,0.0,0.5811531914792296,0.168947786990512,0.4305607843137255,0.9995191159674682,0.0002168989592251102,0.0003546709493837282,
Edge-IIoTset,LSTM_AE,90,0.1,0.9533153960155812,0.01691629772420406,1.0,0.911268068452044,0.09800547944045095,0.033981238579378306,0.9800547944045094
Edge-IIoTset,LSTM_AE,95,0.05,0.976158465833897,0.0173114260630601,0.9999980392156863,0.9539576140595575,0.04876291044185681,0.03426044320022352,0.9752582088371361
Edge-IIoTset,LSTM_AE,96,0.04,0.979958340572825,0.016266354368093386,0.9999980392156863,0.9611758085081338,0.040733868157324,0.031963103035752394,1.0183467039331
Edge-IIoTset,LSTM_AE,97,0.03,0.9837584078025708,0.015353137114589384,0.9998254901960785,0.9686292751124326,0.032604698183358725,0.030112489268165794,1.0868232727786242
Edge-IIoTset,LSTM_AE,98,0.02,0.9873105342864149,0.014823377884885556,0.9990901960784313,0.976231321101362,0.024470277117651075,0.02894415620914149,1.2235138558825538
Edge-IIoTset,LSTM_AE,99,0.01,0.9903170254747184,0.015810795145653533,0.997521568627451,0.983715735535326,0.016605200488649892,0.028315017784000553,1.6605200488649892
Edge-IIoTset,LSTM_AE,99.5,0.005,0.99272880094319,0.014370085978634992,0.9974647058823529,0.9884382613025984,0.01166514224337056,0.024540148587227095,2.3330284486741117
Edge-IIoTset,LSTM_AE,99.9,0.001,0.9638522190738713,0.08452740719866059,0.9448941176470588,0.9954413228767186,0.004569668875265925,0.014629707310468969,4.569668875265925
Edge-IIoTset,LSTM_AE,99.99,0.0001,0.9315459680679476,0.08681946124789448,0.8830568627450981,0.9992767048941972,0.0006833828156224354,0.0015802184940064946,6.833828156224354
Edge-IIoTset,LSTM_AE,max,0.0,0.876464937763975,0.09733849600260665,0.7921509803921568,0.9998014987330403,0.00015511970934199785,0.0006661151741673153,
Edge-IIoTset,CNN_AE,90,0.1,0.9535349371229248,0.0170491947923548,1.0,0.9116763069387015,0.09752085747210586,0.03425920870534943,0.9752085747210585
Edge-IIoTset,CNN_AE,95,0.05,0.9762709359250387,0.017453873491686887,0.9999666666666667,0.9542108322147739,0.0484894525821093,0.03457704558670758,0.969789051642186
Edge-IIoTset,CNN_AE,96,0.04,0.980015374440042,0.016514278663476163,0.9999235294117648,0.9613720010420997,0.04053604236500923,0.032539081152741615,1.0134010591252307
Edge-IIoTset,CNN_AE,97,0.03,0.9838311881792114,0.01562035252785538,0.9998862745098039,0.9687247033687899,0.0325143966162366,0.030620272543291936,1.0838132205412199
Edge-IIoTset,CNN_AE,98,0.02,0.987572790269049,0.01489968663666958,0.9998254901960785,0.9760228878049684,0.02469848984432825,0.029089322716812853,1.2349244922164124
Edge-IIoTset,CNN_AE,99,0.01,0.9902819502734757,0.01563223723785623,0.9974588235294117,0.9836970156960851,0.016624754522108237,0.028270815513804164,1.6624754522108236
Edge-IIoTset,CNN_AE,99.5,0.005,0.9923716356484106,0.014393164368898247,0.9971352941176471,0.988057648331176,0.012058429160964746,0.02517324091397631,2.411685832192949
Edge-IIoTset,CNN_AE,99.9,0.001,0.9512740666443811,0.08653714188044594,0.9206019607843138,0.9975483409685254,0.0024209572389794474,0.004968116791701701,2.4209572389794474
Edge-IIoTset,CNN_AE,99.99,0.0001,0.9017740423469098,0.08443368752347588,0.8318411764705882,0.9991702545858558,0.0007717827605991159,0.001895629191335391,7.717827605991158
Edge-IIoTset,CNN_AE,max,0.0,0.849351700075589,0.09294310902403745,0.7487431372549019,0.999748149420175,0.00020507752937173816,0.0007005578607858333,
Edge-IIoTset,SNN_Dense,90,0.1,0.9533923686562119,0.016975194108558928,1.0,0.9114118398534266,0.09784131037944592,0.03411956497748624,0.9784131037944591
Edge-IIoTset,SNN_Dense,95,0.05,0.9750285239272279,0.017247161137849524,0.9978411764705882,0.9538923969942483,0.04881293539363303,0.03464879118018154,0.9762587078726606
Edge-IIoTset,SNN_Dense,96,0.04,0.9779582458086385,0.016451899502139752,0.9959098039215686,0.9613596586432471,0.04052775096864609,0.03282852177435211,1.013193774216152
Edge-IIoTset,SNN_Dense,97,0.03,0.9815313397293312,0.016424796127315244,0.9952745098039216,0.9688700993193784,0.032348791508542626,0.031167091926193217,1.0782930502847543
Edge-IIoTset,SNN_Dense,98,0.02,0.9835450635804064,0.020137906415356673,0.9919490196078431,0.9763182268722447,0.024374762716403497,0.029660501193102397,1.2187381358201748
Edge-IIoTset,SNN_Dense,99,0.01,0.9849403464862739,0.023867551849527636,0.9874549019607843,0.983790757301392,0.016490988918565427,0.02761878981877584,1.6490988918565426
Edge-IIoTset,SNN_Dense,99.5,0.005,0.9846611507913589,0.02557290578258294,0.9829450980392156,0.9877017132304686,0.012293536533269025,0.025089461245541088,2.458707306653805
Edge-IIoTset,SNN_Dense,99.9,0.001,0.9200939084472842,0.09466104992361432,0.867878431372549,0.997173692220912,0.002704601278075867,0.006379672616643415,2.704601278075867
Edge-IIoTset,SNN_Dense,99.99,0.0001,0.7979715005345168,0.12325934216249405,0.6810823529411765,0.9989435772530644,0.0008116842470784554,0.0012588505388071796,8.116842470784553
Edge-IIoTset,SNN_Dense,max,0.0,0.6970502210428308,0.12911948561831033,0.5495117647058823,0.9997030504636885,0.00017695866608578156,0.00036224737610268426,
Edge-IIoTset,Dense_SNN,90,0.1,0.9531698122792504,0.016536464411211288,0.9999980392156863,0.9109835544753226,0.09832653220404333,0.03317951332470832,0.9832653220404333
Edge-IIoTset,Dense_SNN,95,0.05,0.9760492186511408,0.017148171580959663,0.9995745098039215,0.9541558138608986,0.04855034493540738,0.034436790241612676,0.9710068987081475
Edge-IIoTset,Dense_SNN,96,0.04,0.9795061358392477,0.01600309301965892,0.9987098039215686,0.9615582304258922,0.04032735460009811,0.032483887709275336,1.0081838650024528
Edge-IIoTset,Dense_SNN,97,0.03,0.9826192786773157,0.014922831373243134,0.9973098039215686,0.968892085863312,0.0323271769654446,0.03049773861782798,1.07757256551482
Edge-IIoTset,Dense_SNN,98,0.02,0.9849670503096132,0.014868954294766475,0.9941980392156863,0.9765355223115095,0.024152438593699865,0.029282787952032922,1.2076219296849933
Edge-IIoTset,Dense_SNN,99,0.01,0.9815750390429323,0.025942014737394294,0.9813294117647059,0.9835862408717498,0.01671379652256526,0.027921310483736115,1.671379652256526
Edge-IIoTset,Dense_SNN,99.5,0.005,0.9781177183846748,0.03542343940009925,0.9709333333333333,0.9874119095747308,0.012231601964746165,0.025645908955396538,2.4463203929492328
Edge-IIoTset,Dense_SNN,99.9,0.001,0.9069348549410561,0.0875027045545666,0.844564705882353,0.9959654877551156,0.003897051477079129,0.01334675035783149,3.897051477079129
Edge-IIoTset,Dense_SNN,99.99,0.0001,0.7672388824692792,0.16176763375966255,0.6481509803921568,0.9988660580671287,0.000826003456225564,0.0011316667314878223,8.26003456225564
Edge-IIoTset,Dense_SNN,max,0.0,0.6424325241011609,0.14261705576113862,0.48948431372549017,0.9996841563897735,0.00016516580239329598,0.0003079654614048364,
Edge-IIoTset,Dense_AE,90,0.1,0.9533546908029964,0.016893539126550085,1.0,0.9113385388770685,0.09791846835535548,0.03392890545378311,0.9791846835535547
Edge-IIoTset,Dense_AE,95,0.05,0.9760714077568811,0.017275519977477383,0.9999901960784314,0.9537969107624653,0.04893566799751626,0.034198837028129814,0.9787133599503252
Edge-IIoTset,Dense_AE,96,0.04,0.9798167187732756,0.016304923709701945,0.9999686274509804,0.9609344238651825,0.0409975755330773,0.03207593318441366,1.0249393883269324
Edge-IIoTset,Dense_AE,97,0.03,0.9839117156418461,0.01576342860276891,0.9998843137254901,0.9688921437994437,0.03236169883234153,0.030940822012490647,1.0787232944113845
Edge-IIoTset,Dense_AE,98,0.02,0.9877451504300044,0.015049960228481691,0.9998823529411764,0.9763123612829678,0.024413082797098397,0.02937728061522238,1.2206541398549198
Edge-IIoTset,Dense_AE,99,0.01,0.991357324136633,0.014375126306698117,0.9998098039215686,0.9834282827339806,0.016920197512381427,0.027965107333543814,1.6920197512381427
Edge-IIoTset,Dense_AE,99.5,0.005,0.9939023801726713,0.012552348823343941,0.9996294117647059,0.9885323995831032,0.01159241272632461,0.024303885049434207,2.318482545264922
Edge-IIoTset,Dense_AE,99.9,0.001,0.9268700939140337,0.0977537235690361,0.8820470588235294,0.9957189712297148,0.0042461609070648864,0.014558089339751484,4.246160907064886
Edge-IIoTset,Dense_AE,99.99,0.0001,0.7678762034914471,0.17387308250495725,0.6521,0.9993090736097894,0.00044716038068307035,0.0005330293676688816,4.471603806830704
Edge-IIoTset,Dense_AE,max,0.0,0.6248271125418969,0.17563872115186932,0.4772862745098039,0.9997739067462454,0.00010128877350294118,0.00022021046331491696,
Edge-IIoTset,SNN_AE_T2,90,0.1,0.9532812426262075,0.016658014329508423,0.9999666666666667,0.9112221218282606,0.09804975062139212,0.03350121187483645,0.9804975062139212
Edge-IIoTset,SNN_AE_T2,95,0.05,0.9729937858543859,0.01701312721425506,0.993786274509804,0.9539594394227725,0.04863841354084226,0.033669261638376594,0.9727682708168451
Edge-IIoTset,SNN_AE_T2,96,0.04,0.9738115600941245,0.022334209213266388,0.9884058823529411,0.9611370279113738,0.04061100485416324,0.031837126493386714,1.015275121354081
Edge-IIoTset,SNN_AE_T2,97,0.03,0.9745086596712305,0.025386744874945993,0.9826078431372548,0.9685108648537563,0.03258046474614572,0.03023343236130567,1.0860154915381905
Edge-IIoTset,SNN_AE_T2,98,0.02,0.9745023202738673,0.03120251222555361,0.9761313725490196,0.9755517337724797,0.025053300728078598,0.028682500037991714,1.2526650364039298
Edge-IIoTset,SNN_AE_T2,99,0.01,0.9726189081126774,0.03697576636046633,0.9658352941176471,0.9828946807182649,0.01730355858470228,0.027764656427436873,1.7303558584702279
Edge-IIoTset,SNN_AE_T2,99.5,0.005,0.9594654735555426,0.0452513795598684,0.9376470588235294,0.9861727007081196,0.013168840051371587,0.026821578101049088,2.6337680102743173
Edge-IIoTset,SNN_AE_T2,99.9,0.001,0.8825355959180636,0.06950950901089753,0.7987372549019608,0.9969661950311265,0.0025584409210345238,0.005891337440373313,2.558440921034524
Edge-IIoTset,SNN_AE_T2,99.99,0.0001,0.7470178110711195,0.15307920457561522,0.617935294117647,0.9988937261709862,0.0008022621232279134,0.0011978075754456655,8.022621232279134
Edge-IIoTset,SNN_AE_T2,max,0.0,0.5710730454907403,0.16910778000508842,0.419243137254902,0.9993942339118739,0.0002009758281342122,0.00035674223624884737,
Edge-IIoTset,SNN_AE_T5,90,0.1,0.9533194807431418,0.016809836780279266,1.0,0.9112685977495704,0.09798209500882775,0.033714925229828864,0.9798209500882774
Edge-IIoTset,SNN_AE_T5,95,0.05,0.9745517668058704,0.016541461197531835,0.9967490196078432,0.9540293414782967,0.04865682011046817,0.03466868372547936,0.9731364022093634
Edge-IIoTset,SNN_AE_T5,96,0.04,0.9747662955022577,0.023270644874281914,0.9900196078431373,0.9615329760998944,0.0402864438835409,0.03260877217957374,1.0071610970885225
Edge-IIoTset,SNN_AE_T5,97,0.03,0.9766104069621274,0.024922683550438546,0.9864470588235295,0.9687035531312439,0.03243691485136705,0.030769523408283223,1.0812304950455685
Edge-IIoTset,SNN_AE_T5,98,0.02,0.9786311998841427,0.027459064145939564,0.9828450980392156,0.9764589463556645,0.024173550026377326,0.0291726290369965,1.2086775013188662
Edge-IIoTset,SNN_AE_T5,99,0.01,0.9802363775025472,0.03197813724250928,0.9792803921568627,0.9835620220286468,0.016708323490422776,0.027941190127578813,1.6708323490422776
Edge-IIoTset,SNN_AE_T5,99.5,0.005,0.9796914545455627,0.03298825882232369,0.974621568627451,0.9872425477390361,0.012867399927992589,0.027272122853052017,2.5734799855985178
Edge-IIoTset,SNN_AE_T5,99.9,0.001,0.9111263154877043,0.09242470717397974,0.8521392156862746,0.9968231605930014,0.0030329702368715196,0.008219512346553976,3.0329702368715195
Edge-IIoTset,SNN_AE_T5,99.99,0.0001,0.7560617430099288,0.1614042403167514,0.6327823529411766,0.9988099472047627,0.0008438559712854141,0.0012044461949662238,8.43855971285414
Edge-IIoTset,SNN_AE_T5,max,0.0,0.6081451510327786,0.14802420595974497,0.453821568627451,0.9996014546051861,0.00019900306572007072,0.0003468954029400803,
Edge-IIoTset,SNN_AE_T7,90,0.1,0.9536127599116856,0.017077233984083878,1.0,0.9118198240295384,0.09735072280814488,0.03432492235148305,0.9735072280814488
Edge-IIoTset,SNN_AE_T7,95,0.05,0.9753692976049767,0.01655789792517288,0.9982529411764706,0.9541429849109458,0.048565496747722474,0.03468690042462217,0.9713099349544494
Edge-IIoTset,SNN_AE_T7,96,0.04,0.9759128926246022,0.01890334121177584,0.9921764705882353,0.9613331763978414,0.04054838561914987,0.03270546644078419,1.0137096404787467
Edge-IIoTset,SNN_AE_T7,97,0.03,0.9771446242226758,0.0230640642963646,0.9873529411764707,0.9687232989315739,0.03244906184507123,0.030877724539503774,1.0816353948357076
Edge-IIoTset,SNN_AE_T7,98,0.02,0.9796772098046534,0.025697134819982047,0.9846745098039216,0.9765044625973266,0.024140444766935124,0.029278714674339984,1.2070222383467561
Edge-IIoTset,SNN_AE_T7,99,0.01,0.9804081674361245,0.028362873809969266,0.9796470588235294,0.9831784188721578,0.01711297087771062,0.028003684561770725,1.711297087771062
Edge-IIoTset,SNN_AE_T7,99.5,0.005,0.9801697470422914,0.030448765520741133,0.9747725490196079,0.9875850130976154,0.012391927784005285,0.025549625390631728,2.478385556801057
Edge-IIoTset,SNN_AE_T7,99.9,0.001,0.9085885934054551,0.09403601816966058,0.8482235294117647,0.9968516969747374,0.0030023541328873873,0.008160504025755404,3.0023541328873873
Edge-IIoTset,SNN_AE_T7,99.99,0.0001,0.7855979548856358,0.1365932928644947,0.6668333333333333,0.9989953347077145,0.0007507901611713726,0.001083602528118223,7.507901611713725
Edge-IIoTset,SNN_AE_T7,max,0.0,0.664723485481591,0.12885962185512126,0.5116254901960784,0.9995688062899166,0.0002107467856390951,0.00035170552154819646,
Edge-IIoTset,SNN_AE_noBN,90,0.1,0.9533229676624914,0.01686131646598334,0.9999960784313726,0.911282105927302,0.09798633928226619,0.03386735184219497,0.9798633928226619
Edge-IIoTset,SNN_AE_noBN,95,0.05,0.9729864410461739,0.014962634819192636,0.9939705882352942,0.95375822424786,0.04895030515953305,0.03421499652292236,0.9790061031906611
Edge-IIoTset,SNN_AE_noBN,96,0.04,0.9724048431312835,0.018866725870785306,0.9856627450980393,0.9610902529400754,0.040757191698972864,0.03225056027746098,1.0189297924743215
Edge-IIoTset,SNN_AE_noBN,97,0.03,0.9739935944351235,0.023696846751528125,0.9818941176470588,0.9681914255731415,0.032984684521648475,0.030278541778297086,1.0994894840549492
Edge-IIoTset,SNN_AE_noBN,98,0.02,0.974685978187226,0.028676743368390954,0.9765235294117647,0.9753097092763625,0.025338477937736976,0.02871054305398484,1.2669238968868488
Edge-IIoTset,SNN_AE_noBN,99,0.01,0.9760059225427518,0.03361459701104177,0.9721745098039215,0.9826901179857267,0.017569358765876633,0.027775704791644974,1.7569358765876633
Edge-IIoTset,SNN_AE_noBN,99.5,0.005,0.971975764144601,0.03712914298754946,0.960521568627451,0.9867889739005634,0.013143423011760481,0.026677353967733488,2.628684602352096
Edge-IIoTset,SNN_AE_noBN,99.9,0.001,0.8899437058971936,0.0847056689338524,0.8156235294117647,0.995761692729559,0.0039940738752244145,0.013464846749677349,3.9940738752244145
Edge-IIoTset,SNN_AE_noBN,99.99,0.0001,0.7489356549606868,0.15526692655464197,0.6211490196078432,0.9988093223343206,0.0008436405459223597,0.0011902980112476437,8.436405459223597
Edge-IIoTset,SNN_AE_noBN,max,0.0,0.6162231721694184,0.13933156180994993,0.45997058823529413,0.9997342799855957,0.00014708635532971047,0.00031786138254338283,
Edge-IIoTset,IF,90,0.1,0.9463102752308422,0.014705648837778177,0.9860333333333333,0.9105162671193838,0.09780419739332853,0.033750157168700244,0.9780419739332853
Edge-IIoTset,IF,95,0.05,0.9311172603596601,0.036708258811594556,0.9177411764705883,0.9501343532683315,0.049934149414687413,0.03327611002573466,0.9986829882937482
Edge-IIoTset,IF,96,0.04,0.9202674269925635,0.04290005686435979,0.8914117647058823,0.9574304270743733,0.0413269023973373,0.031654160401776044,1.0331725599334325
Edge-IIoTset,IF,97,0.03,0.8932198673445417,0.07363866926461834,0.8423176470588235,0.9640527569632854,0.03320285362460267,0.029942031786003204,1.1067617874867557
Edge-IIoTset,IF,98,0.02,0.8162933999001537,0.17246446933399145,0.7385411764705883,0.9706853168901904,0.02456192882913263,0.028445839260372502,1.2280964414566315
Edge-IIoTset,IF,99,0.01,0.7774413991372959,0.17273878253375452,0.6748392156862745,0.9779507461516056,0.0164309686024268,0.024014380287035855,1.6430968602426799
Edge-IIoTset,IF,99.5,0.005,0.5782482589812324,0.21837848564480342,0.4399137254901961,0.9423187292553106,0.007975393814505351,0.010363529852339893,1.59507876290107
Edge-IIoTset,IF,99.9,0.001,0.00025844542108442893,0.0001459499147163791,0.00012941176470588234,0.11899901049827073,0.001177353565831694,0.0006369132290768907,1.1773535658316938
Edge-IIoTset,IF,99.99,0.0001,0.00024300678956641533,0.00015416147701362946,0.00012156862745098039,0.38384922868668997,0.0003119996166337138,0.0003283077712116369,3.119996166337138
Edge-IIoTset,IF,max,0.0,0.00015681916556267584,0.00014265460451126768,7.843137254901961e-05,0.44535714285714284,0.00011216300559867189,0.00017464227563780663,
Edge-IIoTset,OCSVM,90,0.1,0.9535384285980224,0.016659736535253083,1.0,0.9116619329683573,0.09751515821864941,0.03343061772602425,0.975151582186494
Edge-IIoTset,OCSVM,95,0.05,0.9760987237083847,0.017236923391466354,0.9999666666666667,0.9538691028223814,0.048849970092397096,0.03413356731136247,0.9769994018479419
Edge-IIoTset,OCSVM,96,0.04,0.9800063546592133,0.01631204982419437,0.9999019607843137,0.9613647188765573,0.040537415703566865,0.032147433194611774,1.0134353925891717
Edge-IIoTset,OCSVM,97,0.03,0.9826451714493764,0.015530610981693425,0.9978019607843137,0.9684661865069698,0.03277166004830255,0.030538077983294623,1.0923886682767516
Edge-IIoTset,OCSVM,98,0.02,0.9851979233640197,0.016548436346428705,0.9951941176470588,0.9760420162358038,0.02463980214650324,0.029160216497732785,1.231990107325162
Edge-IIoTset,OCSVM,99,0.01,0.9880929988743316,0.018575493706176612,0.9934058823529412,0.9836233227362734,0.01669079414817332,0.028162889453993766,1.6690794148173318
Edge-IIoTset,OCSVM,99.5,0.005,0.9879550282064437,0.019488160231548583,0.9881921568627451,0.9884308088386544,0.011564326132507722,0.024538630530107602,2.312865226501544
Edge-IIoTset,OCSVM,99.9,0.001,0.9475276438107518,0.10368865743496197,0.9177980392156863,0.9974172112563814,0.0024876039150848388,0.005811830511530728,2.4876039150848386
Edge-IIoTset,OCSVM,99.99,0.0001,0.822916532610843,0.25094138685264356,0.752956862745098,0.9323316027370869,0.0009083739278654859,0.0022787923624413738,9.083739278654859
Edge-IIoTset,OCSVM,max,0.0,0.771586492828325,0.23178086830328976,0.6685137254901962,0.9329664320643691,0.0002795137120756404,0.0009223433242821312,
Edge-IIoTset,LOF,90,0.1,0.9276599328190448,0.06633361895401804,0.9571039215686274,0.9048127735128584,0.09957347663245719,0.03139100107970441,0.9957347663245719
Edge-IIoTset,LOF,95,0.05,0.91938941346592,0.09770761202503468,0.9078980392156862,0.9470079421560726,0.05061510347502687,0.03176611042050429,1.0123020695005374
Edge-IIoTset,LOF,96,0.04,0.9185079772239024,0.1022361393858108,0.8988843137254903,0.9558609142539267,0.04104683527984651,0.03169861323154333,1.0261708819961628
Edge-IIoTset,LOF,97,0.03,0.8760978526655037,0.1326750251112486,0.8286627450980393,0.9637838084117283,0.03220395517635279,0.030462948426066245,1.0734651725450932
Edge-IIoTset,LOF,98,0.02,0.8547001081251696,0.14659594745791235,0.7913137254901961,0.9699441849051021,0.02430012439492289,0.029019279846640475,1.2150062197461444
Edge-IIoTset,LOF,99,0.01,0.8049163027442676,0.18670395035615717,0.7221117647058823,0.9784512597434865,0.016237264120532027,0.02685338917464891,1.6237264120532027
Edge-IIoTset,LOF,99.5,0.005,0.7086816595428276,0.19621213770175824,0.5923549019607842,0.9844094210398595,0.01059543672052642,0.02317082743324918,2.1190873441052838
Edge-IIoTset,LOF,99.9,0.001,0.4671374746782429,0.18144654007195538,0.32340196078431377,0.9916536959802174,0.003031142501926853,0.00654998307068076,3.031142501926853
Edge-IIoTset,LOF,99.99,0.0001,0.2938672036948128,0.17583107542188833,0.1843862745098039,0.9961628066136023,0.0007393886739904691,0.0015322670721918718,7.393886739904691
Edge-IIoTset,LOF,max,0.0,0.1276397758515154,0.1526124349143946,0.07581764705882352,0.8960545096155331,0.00018013498459511955,0.0005395683051988909,
CICIoT2023,SNN_AE,90,0.1,0.8445766557864373,0.04436713651135933,0.8345385620915032,0.8638338327317757,0.14816954732955834,0.13971564140475623,1.4816954732955834
CICIoT2023,SNN_AE,95,0.05,0.8460824815396979,0.040643606957548296,0.7956407843137255,0.9116797940148822,0.08878036553450534,0.1135315869317216,1.7756073106901067
CICIoT2023,SNN_AE,96,0.04,0.838610285368108,0.04122171930476739,0.7752522875816993,0.922785114979655,0.07669837745625237,0.11268000765960637,1.9174594364063091
CICIoT2023,SNN_AE,97,0.03,0.8181515465884384,0.05511068164004734,0.7381783006535947,0.9330546313391418,0.06499546825962466,0.106553860095447,2.1665156086541555
CICIoT2023,SNN_AE,98,0.02,0.8003366064978538,0.06709509521023677,0.7049443137254902,0.9446751646473933,0.052898441927980565,0.10471576124023634,2.644922096399028
CICIoT2023,SNN_AE,99,0.01,0.7828497158466592,0.06237432554126833,0.66551477124183,0.9642921953212109,0.030748690820967983,0.07629810328069175,3.0748690820967983
CICIoT2023,SNN_AE,99.5,0.005,0.7464596751891182,0.0819113665214174,0.6068606535947711,0.9865402152425781,0.008772282995731793,0.015113277350094033,1.7544565991463585
CICIoT2023,SNN_AE,99.9,0.001,0.6523869968787377,0.07080951887636255,0.49043764705882353,0.991278638930061,0.004786230474937611,0.011252029101695194,4.786230474937611
CICIoT2023,SNN_AE,99.99,0.0001,0.5550153846976649,0.06110234377949385,0.3866875816993464,0.998149049211234,0.0007699822620848215,0.002017682517717633,7.699822620848215
CICIoT2023,SNN_AE,max,0.0,0.42892681458309073,0.11767859838815592,0.2795764705882353,0.9997543358721177,7.746616381552216e-05,0.0003979158400585251,
CICIoT2023,LSTM_AE,90,0.1,0.8261585398600229,0.042140251901560816,0.7928878431372549,0.8744979911291799,0.13252205436828213,0.14087342573611086,1.3252205436828213
CICIoT2023,LSTM_AE,95,0.05,0.8294276020996031,0.038479177467321275,0.7669286274509803,0.9124412585709373,0.08674153928122026,0.1156207188731182,1.7348307856244052
CICIoT2023,LSTM_AE,96,0.04,0.8292212465081097,0.03864129700082235,0.7594107189542484,0.9216972589708383,0.07643670057863931,0.11131496147053181,1.910917514465983
CICIoT2023,LSTM_AE,97,0.03,0.824687435150581,0.03793880181847582,0.7437688888888889,0.9341231165108195,0.06366639867268861,0.10741341676060777,2.1222132890896206
CICIoT2023,LSTM_AE,98,0.02,0.8110194018281877,0.05575517738146325,0.7196470588235294,0.9425871295045906,0.05517479930043139,0.10507882097311107,2.7587399650215696
CICIoT2023,LSTM_AE,99,0.01,0.8157353557981863,0.050002170337660766,0.7106358169934641,0.9659615369193467,0.029589188552689223,0.06359567591079651,2.958918855268922
CICIoT2023,LSTM_AE,99.5,0.005,0.8114073492706034,0.05139821572404889,0.6935482352941177,0.9847854286811076,0.011618796959429465,0.020310411397199146,2.323759391885893
CICIoT2023,LSTM_AE,99.9,0.001,0.7106636749081605,0.15777705477677229,0.5727335947712419,0.9968366304740465,0.002098856042441227,0.0035626608729869046,2.0988560424412266
CICIoT2023,LSTM_AE,99.99,0.0001,0.661067681197314,0.1478032377059679,0.5114258823529412,0.9977835017578047,0.0012945605101258076,0.002849698271656565,12.945605101258076
CICIoT2023,LSTM_AE,max,0.0,0.5301995209700405,0.15038690305767055,0.3738619607843138,0.999071166423704,0.00034781731677741386,0.001464220932131886,
CICIoT2023,CNN_AE,90,0.1,0.845087437592689,0.044692056905286874,0.8272057516339869,0.8753394239570509,0.13686706512799285,0.14345647772470374,1.3686706512799285
CICIoT2023,CNN_AE,95,0.05,0.840356183756065,0.04150271074329124,0.7915879738562092,0.9065068314331016,0.09756496583524908,0.12966641569749185,1.9512993167049815
CICIoT2023,CNN_AE,96,0.04,0.8401779559538145,0.034842855747880035,0.7800726797385621,0.9194453529699916,0.08010768484969162,0.1069684263224378,2.0026921212422906
CICIoT2023,CNN_AE,97,0.03,0.846601733516241,0.024820072003905597,0.7646311111111112,0.9532610775457916,0.0404780677499224,0.04183896467271192,1.3492689249974135
CICIoT2023,CNN_AE,98,0.02,0.8233429434318664,0.0586360852465524,0.7229908496732026,0.9669091552679273,0.026989744670253748,0.030983960012121902,1.3494872335126873
CICIoT2023,CNN_AE,99,0.01,0.8172976754664382,0.05546084318035937,0.7056637908496732,0.9791149649230637,0.016048388063748607,0.020817268920502598,1.6048388063748606
CICIoT2023,CNN_AE,99.5,0.005,0.7955486516608755,0.07498259449011967,0.6730969934640523,0.9868980565515166,0.009842310340839416,0.01706011686286953,1.968462068167883
CICIoT2023,CNN_AE,99.9,0.001,0.7064128324955359,0.15637535931006438,0.5690624836601308,0.9919437615194512,0.0054673100571373074,0.013117807963283396,5.467310057137308
CICIoT2023,CNN_AE,99.99,0.0001,0.5718077602813213,0.10690438951251295,0.40886117647058823,0.9951983548732728,0.0023723116859353994,0.008845229104609912,23.723116859353993
CICIoT2023,CNN_AE,max,0.0,0.43334963742748306,0.1334774736126196,0.28547921568627455,0.9998527073265309,4.523191440561688e-05,0.0002069751976125804,
CICIoT2023,SNN_Dense,90,0.1,0.8446936178629072,0.04517958954756208,0.8243837908496732,0.8763683123579716,0.13385418337521257,0.14104255046725175,1.3385418337521255
CICIoT2023,SNN_Dense,95,0.05,0.8422086302166281,0.04309036445232861,0.7881166013071895,0.9145019765404894,0.08921129140861118,0.13057079653124665,1.7842258281722236
CICIoT2023,SNN_Dense,96,0.04,0.839314059277287,0.04345438691719238,0.7769741176470588,0.9228576664917972,0.08029047453574727,0.12934930418945415,2.0072618633936816
CICIoT2023,SNN_Dense,97,0.03,0.8234777250968212,0.04968452985253882,0.7485066666666668,0.929787941470855,0.07274425651486247,0.1275895480029583,2.4248085504954155
CICIoT2023,SNN_Dense,98,0.02,0.8096172104009809,0.05744193303976427,0.7239074509803921,0.9360729485467254,0.06578095462709152,0.1262892577086748,3.289047731354576
CICIoT2023,SNN_Dense,99,0.01,0.8101953334111819,0.04906081925359491,0.7046342483660131,0.9625688324935033,0.03291848047686103,0.0688451168277616,3.291848047686103
CICIoT2023,SNN_Dense,99.5,0.005,0.7654696014921444,0.07596288724332335,0.630562091503268,0.9896552389241311,0.007311396157116898,0.011838288060350446,1.4622792314233797
CICIoT2023,SNN_Dense,99.9,0.001,0.6798322560112908,0.08228607033743454,0.5221056209150327,0.995649368246537,0.002563647592317803,0.004022001694658036,2.563647592317803
CICIoT2023,SNN_Dense,99.99,0.0001,0.5743441070089753,0.053802029022764895,0.40504366013071896,0.998254001218022,0.0006977152437355874,0.0017079313056571099,6.9771524373558735
CICIoT2023,SNN_Dense,max,0.0,0.4807757257080005,0.1283500585238687,0.3249835294117647,0.9990259791048797,0.0003379396629015789,0.001454254097349887,
CICIoT2023,Dense_SNN,90,0.1,0.8450110570799225,0.044437479915625105,0.8298881045751634,0.8711001482626045,0.14085743355061206,0.14201682904426396,1.4085743355061204
CICIoT2023,Dense_SNN,95,0.05,0.8440145535114766,0.04719894972135594,0.7925798692810457,0.913908348439388,0.09064508021809387,0.1311578323714833,1.8129016043618773
CICIoT2023,Dense_SNN,96,0.04,0.8393590041998321,0.04861043202292719,0.7801793464052288,0.9200633970508802,0.08341432311150619,0.1286657246077111,2.085358077787655
CICIoT2023,Dense_SNN,97,0.03,0.820945958254277,0.06531624916759049,0.7477396078431372,0.9283156982011922,0.07326280030086786,0.12187742849522779,2.442093343362262
CICIoT2023,Dense_SNN,98,0.02,0.8084100676053,0.08049723225918319,0.7168329411764706,0.9493999147313664,0.05019017798504945,0.1058425736651973,2.5095088992524723
CICIoT2023,Dense_SNN,99,0.01,0.791698352650757,0.07696688140396292,0.6841783006535949,0.9585398261432788,0.03831291690257556,0.08991266857214267,3.831291690257556
CICIoT2023,Dense_SNN,99.5,0.005,0.7585843889212482,0.09029620741701999,0.623753202614379,0.987496734557591,0.008048020280408111,0.014156333171394817,1.6096040560816223
CICIoT2023,Dense_SNN,99.9,0.001,0.6632920774914958,0.1015086466079236,0.5060381699346405,0.9931460716300268,0.003644505834669048,0.00929533419734294,3.6445058346690478
CICIoT2023,Dense_SNN,99.99,0.0001,0.553764041170505,0.08753802628670031,0.38760627450980395,0.9993763189185416,0.0002641127038642459,0.0007249271377904398,2.641127038642459
CICIoT2023,Dense_SNN,max,0.0,0.4319343637996458,0.13628080232756487,0.2842980392156863,0.9998645568956354,4.62717045757708e-05,0.00021261841638173573,
CICIoT2023,Dense_AE,90,0.1,0.823104712851482,0.047744889113994986,0.794238431372549,0.8659412892315513,0.1420478450090358,0.14406341785534488,1.420478450090358
CICIoT2023,Dense_AE,95,0.05,0.825993238133717,0.04405795869581505,0.7661260130718954,0.9052692395639625,0.09439043619540316,0.12324252649566078,1.8878087239080632
CICIoT2023,Dense_AE,96,0.04,0.8278936458988374,0.03994545426728007,0.7586828758169936,0.9188896602614417,0.07863688004332202,0.11054475989517931,1.9659220010830505
CICIoT2023,Dense_AE,97,0.03,0.8265374428969103,0.033240518398803834,0.7445521568627451,0.9356396572642921,0.05982005385002049,0.0920370549044765,1.994001795000683
CICIoT2023,Dense_AE,98,0.02,0.8271256940669693,0.030050432128653444,0.732726274509804,0.9547266193750342,0.040884630354863366,0.07933259419572962,2.0442315177431682
CICIoT2023,Dense_AE,99,0.01,0.8294162669329302,0.0279058553768491,0.7258326797385621,0.9708123062809719,0.025141442489506408,0.05689086177657832,2.514144248950641
CICIoT2023,Dense_AE,99.5,0.005,0.8063079944839656,0.06666008339485409,0.6858813071895425,0.9886728673191604,0.00842660575194452,0.013900003588260757,1.685321150388904
CICIoT2023,Dense_AE,99.9,0.001,0.7407591629830103,0.10329193947871161,0.598712679738562,0.9972026097212382,0.001858140997391055,0.003281442516066627,1.858140997391055
CICIoT2023,Dense_AE,99.99,0.0001,0.6179290983160282,0.10086719809055483,0.45443346405228763,0.9985313237289637,0.000757500466065649,0.002069273644384053,7.575004660656489
CICIoT2023,Dense_AE,max,0.0,0.5457476328786081,0.11678662859531579,0.3835132026143791,0.9998267406154456,7.590641774294178e-05,0.0002640187166402791,
CICIoT2023,SNN_AE_T2,90,0.1,0.8178677527099915,0.0435698729951733,0.7832371241830065,0.867482636795804,0.1387396935510509,0.14355808667539427,1.387396935510509
CICIoT2023,SNN_AE_T2,95,0.05,0.8092326946651747,0.04287113524626405,0.7392397385620915,0.9052957712576143,0.09304865739494653,0.1286374081693752,1.8609731478989304
CICIoT2023,SNN_AE_T2,96,0.04,0.8059007994383302,0.03797836383916873,0.7244088888888889,0.9183845979553639,0.07654665604703924,0.10939845769171849,1.913666401175981
CICIoT2023,SNN_AE_T2,97,0.03,0.7933690526809306,0.047035628334874735,0.6955853594771242,0.936228541789744,0.057371601884173215,0.09365005279768583,1.9123867294724406
CICIoT2023,SNN_AE_T2,98,0.02,0.7831232046681756,0.05577181404335249,0.6711043137254902,0.9529073721324756,0.0402178365204853,0.07970005941452621,2.010891826024265
CICIoT2023,SNN_AE_T2,99,0.01,0.766531034558314,0.052685671899596824,0.6361887581699346,0.9725442338743253,0.018925061196829504,0.021515868699238487,1.8925061196829505
CICIoT2023,SNN_AE_T2,99.5,0.005,0.7186704982336188,0.058515795807060955,0.5695069281045751,0.9853945578547435,0.009121195259620398,0.013195420015156794,1.8242390519240796
CICIoT2023,SNN_AE_T2,99.9,0.001,0.6270872533929012,0.06208333169249392,0.4605500653594771,0.996380199377226,0.0017817148507971248,0.0026502200204171445,1.7817148507971248
CICIoT2023,SNN_AE_T2,99.99,0.0001,0.5160453107744415,0.061738517246016526,0.35017202614379084,0.9985317484230597,0.0004850713464504566,0.0008986254940440762,4.850713464504565
CICIoT2023,SNN_AE_T2,max,0.0,0.3423501654142696,0.12248665437917322,0.2129448366013072,0.9996609415661518,4.887120838258535e-05,0.00014589763642021002,
CICIoT2023,SNN_AE_T5,90,0.1,0.8405406300901005,0.045042088588373615,0.816884705882353,0.8750509104106786,0.1332197561635912,0.1386501134656757,1.3321975616359119
CICIoT2023,SNN_AE_T5,95,0.05,0.8406460255153635,0.038935192429141285,0.7823482352941177,0.9170068745460596,0.08292499123393308,0.1131446701506482,1.6584998246786615
CICIoT2023,SNN_AE_T5,96,0.04,0.8380346550665496,0.03658249625107592,0.7687822222222223,0.9293365514256994,0.06874945457274856,0.10141400185159243,1.718736364318714
CICIoT2023,SNN_AE_T5,97,0.03,0.8291080476505114,0.036335787448785205,0.7423367320261438,0.946482338000094,0.04656221349225484,0.05602856865163815,1.5520737830751614
CICIoT2023,SNN_AE_T5,98,0.02,0.8208677638523291,0.04267547089441634,0.7207816993464052,0.9611340328536621,0.03196403264461563,0.039488368065892655,1.5982016322307813
CICIoT2023,SNN_AE_T5,99,0.01,0.8115497217037042,0.03713419390043325,0.6968616993464052,0.9762809369226333,0.017909631920521463,0.021242220268550785,1.7909631920521463
CICIoT2023,SNN_AE_T5,99.5,0.005,0.7680961475018037,0.06402338215409145,0.6328433986928104,0.9881684522250279,0.008264268181559774,0.014606616183513645,1.6528536363119548
CICIoT2023,SNN_AE_T5,99.9,0.001,0.6923842178870618,0.069614472435514,0.5363670588235294,0.9918755561948907,0.0050009572448089035,0.012341907903013212,5.0009572448089035
CICIoT2023,SNN_AE_T5,99.99,0.0001,0.598909458662068,0.06189924201196265,0.43048261437908497,0.998180360631229,0.0008282108197546782,0.0017549809033683397,8.282108197546782
CICIoT2023,SNN_AE_T5,max,0.0,0.45311608016136096,0.14332975743734802,0.3031111111111111,0.9997135494209821,0.00011074022772252115,0.00041277233104874614,
CICIoT2023,SNN_AE_T7,90,0.1,0.8357407693241946,0.04139168858481512,0.8110687581699346,0.8714783598632947,0.13584189151929432,0.13496927986543886,1.358418915192943
CICIoT2023,SNN_AE_T7,95,0.05,0.8384407325268423,0.041013762590330405,0.7865066666666666,0.9080098694546229,0.09516096821980505,0.12909996850350636,1.9032193643961008
CICIoT2023,SNN_AE_T7,96,0.04,0.8376730251204463,0.03943117787722151,0.7775858823529411,0.9184646446645534,0.08393745942574969,0.12446071949964614,2.098436485643742
CICIoT2023,SNN_AE_T7,97,0.03,0.8297755504203949,0.04128225190137289,0.7563074509803922,0.9310284110143429,0.06984285610579989,0.11622877965366656,2.3280952035266633
CICIoT2023,SNN_AE_T7,98,0.02,0.8198030519687651,0.049757732570198984,0.7293871895424837,0.9480601436230429,0.05032539253998119,0.10021394221588706,2.516269626999059
CICIoT2023,SNN_AE_T7,99,0.01,0.8134955672811853,0.047021512777306415,0.7074305882352941,0.9645214011244847,0.03120969915445946,0.07178425257120848,3.120969915445946
CICIoT2023,SNN_AE_T7,99.5,0.005,0.7836409930434148,0.0533545529709028,0.6523884967320261,0.9882303182783437,0.008046492451110315,0.014487183480549337,1.6092984902220628
CICIoT2023,SNN_AE_T7,99.9,0.001,0.707186411528786,0.05713205002896387,0.5517725490196078,0.9945440731873348,0.003338837303464367,0.009065100844979716,3.338837303464367
CICIoT2023,SNN_AE_T7,99.99,0.0001,0.6072930453485738,0.03709778803259872,0.4373171241830065,0.9989292763351045,0.0005188672232162873,0.0015763913097743781,5.188672232162872
CICIoT2023,SNN_AE_T7,max,0.0,0.45391115616545147,0.1429062085771737,0.3038185620915033,0.9995904292294481,0.00012945688056122814,0.0004626365730662841,
CICIoT2023,SNN_AE_noBN,90,0.1,0.8358969924586203,0.04517542046092388,0.8191686274509803,0.8630777108720216,0.1461203671051107,0.13597874899734658,1.461203671051107
CICIoT2023,SNN_AE_noBN,95,0.05,0.833299807466165,0.043210020109931635,0.7796397385620915,0.9039448802651047,0.094989345336936,0.11323232406425174,1.8997869067387199
CICIoT2023,SNN_AE_noBN,96,0.04,0.8284221898526002,0.044046137048528174,0.7616428758169935,0.9173302860359033,0.07950917307638806,0.10606883195431344,1.9877293269097016
CICIoT2023,SNN_AE_noBN,97,0.03,0.8111679404723684,0.05661779729615954,0.7247142483660131,0.9341847379560093,0.058654154732457164,0.08094466692398734,1.9551384910819056
CICIoT2023,SNN_AE_noBN,98,0.02,0.7957232783176147,0.06675588562212066,0.6881484967320262,0.958258727009443,0.03253834554741205,0.028243806361127364,1.6269172773706024
CICIoT2023,SNN_AE_noBN,99,0.01,0.7655049648144128,0.06396457503872069,0.637273202614379,0.9715318944264892,0.020265202617983945,0.023741410018941412,2.0265202617983946
CICIoT2023,SNN_AE_noBN,99.5,0.005,0.6937132098083507,0.09014524817448016,0.5438321568627451,0.981863785221455,0.011003235400965023,0.015036554682152167,2.2006470801930047
CICIoT2023,SNN_AE_noBN,99.9,0.001,0.5855625638049983,0.07553929107153325,0.41915816993464056,0.9932668742746907,0.0033096989409590306,0.009013508131903027,3.3096989409590303
CICIoT2023,SNN_AE_noBN,99.99,0.0001,0.4815758579183719,0.05336965861675221,0.319041568627451,0.9968186472122731,0.0010179740543504849,0.0024242665185677166,10.179740543504849
CICIoT2023,SNN_AE_noBN,max,0.0,0.3330774796052989,0.1020754846157335,0.20413176470588237,0.999964936610219,8.318483540830007e-06,1.403044868373788e-05,
CICIoT2023,IF,90,0.1,0.7830979449373833,0.03425172630590624,0.7220721568627452,0.8637251846164242,0.12554983053565877,0.10805826402890018,1.2554983053565876
CICIoT2023,IF,95,0.05,0.7293727069443751,0.12135161198816818,0.6249809150326797,0.919599997539803,0.06352873122175617,0.06548228898944637,1.2705746244351235
CICIoT2023,IF,96,0.04,0.665907071714145,0.1786731976430182,0.553686797385621,0.9238973864940423,0.05227687880758616,0.05845194775053716,1.3069219701896542
CICIoT2023,IF,97,0.03,0.5901602337625121,0.23484133312558655,0.47807790849673204,0.9240419363404572,0.04149227961555679,0.05163418614494827,1.3830759871852265
CICIoT2023,IF,98,0.02,0.5452894864720871,0.25750649659993974,0.4324318954248366,0.9295721324922267,0.03172385088513753,0.04136200427414395,1.5861925442568765
CICIoT2023,IF,99,0.01,0.4464400251098777,0.2388057909271615,0.32782588235294113,0.9372521676884205,0.02134819674115295,0.03125330206243805,2.134819674115295
CICIoT2023,IF,99.5,0.005,0.34676327023289133,0.21924694912127266,0.23889777777777776,0.9495677056752432,0.014174612374828862,0.024750233404159733,2.834922474965772
CICIoT2023,IF,99.9,0.001,0.180974137482132,0.11546042286234409,0.10475921568627451,0.9711742039493853,0.003264980115643199,0.0054996289473236756,3.2649801156431986
CICIoT2023,IF,99.99,0.0001,0.07059536574682408,0.04607979031135647,0.037197908496732025,0.9661482674590162,0.0005921709827592195,0.0012129771766662167,5.921709827592195
CICIoT2023,IF,max,0.0,0.028635886879261482,0.03321485049601566,0.014812549019607844,0.9699878117876056,0.00013205543561739026,0.0003834443615456885,
CICIoT2023,OCSVM,90,0.1,0.6869416332884215,0.04565703766702958,0.5957359477124183,0.8366667428658664,0.1421652069791067,0.14736833446874667,1.4216520697910668
CICIoT2023,OCSVM,95,0.05,0.671736983060605,0.039263000225472376,0.5452073202614379,0.8939829930457293,0.07843369053348297,0.10031857215757585,1.5686738106696592
CICIoT2023,OCSVM,96,0.04,0.6655355066330222,0.0372041563743357,0.5311853594771242,0.9088090749010729,0.06452314703249916,0.08592567507137482,1.6130786758124789
CICIoT2023,OCSVM,97,0.03,0.6433917459346952,0.05519072235935877,0.5016083660130719,0.9226861456558968,0.05167167566922767,0.06893650211960295,1.7223891889742555
CICIoT2023,OCSVM,98,0.02,0.6065423050684627,0.10289179543188245,0.46109124183006533,0.9378476063099783,0.03895951026716444,0.05431270653560758,1.947975513358222
CICIoT2023,OCSVM,99,0.01,0.5937232379488557,0.09599765556136836,0.43817098039215685,0.9600844928607405,0.021757416400824695,0.0317793721186418,2.1757416400824696
CICIoT2023,OCSVM,99.5,0.005,0.5695787081571866,0.09134453605571476,0.4088711111111111,0.973530891139841,0.012748529721273357,0.021296870108016987,2.5497059442546712
CICIoT2023,OCSVM,99.9,0.001,0.51689544432031,0.08475818890414635,0.3548627450980392,0.9837499350457226,0.006218057583655361,0.014614964223656325,6.21805758365536
CICIoT2023,OCSVM,99.99,0.0001,0.44900232879181134,0.036448357084255104,0.29149542483660135,0.9883596125982361,0.0041774241063478185,0.01275200864982805,41.77424106347818
CICIoT2023,OCSVM,max,0.0,0.3534536440476214,0.12706286452392934,0.22152,0.8898167091271935,0.0032509539223570996,0.012337906667253113,
CICIoT2023,LOF,90,0.1,0.5639570098953705,0.13478219192681823,0.4792852287581699,0.7942481907651856,0.153849392655163,0.154040552653621,1.53849392655163
CICIoT2023,LOF,95,0.05,0.451802720583016,0.16508453886508928,0.3503790849673203,0.829688259046037,0.09949688140430107,0.12281013563919614,1.9899376280860215
CICIoT2023,LOF,96,0.04,0.4154489807605915,0.16598499850899662,0.31037437908496734,0.8500845259154363,0.07950971779624023,0.10654563048860202,1.9877429449060058
CICIoT2023,LOF,97,0.03,0.37523522069658716,0.16601420800837682,0.27006901960784313,0.8674848088918158,0.06367809208619457,0.08708471120204528,2.122603069539819
CICIoT2023,LOF,98,0.02,0.3471583558680941,0.15516757625723065,0.23921516339869284,0.8779676094586734,0.04976124336015672,0.06741704944377061,2.488062168007836
CICIoT2023,LOF,99,0.01,0.3122065956782494,0.13969533714614166,0.2044637908496732,0.9031919584428324,0.033224610587382776,0.050567823133749155,3.3224610587382775
CICIoT2023,LOF,99.5,0.005,0.2746891391829153,0.08956338446263283,0.1669364705882353,0.9267506820049204,0.019824531632029123,0.036128604021336136,3.9649063264058246
CICIoT2023,LOF,99.9,0.001,0.22494186071145614,0.027192514200817287,0.12815843137254904,0.9454885719314545,0.009312017745938204,0.018102548375026,9.312017745938205
CICIoT2023,LOF,99.99,0.0001,0.20685320476065802,0.011823952513698941,0.1161526797385621,0.9619123469771379,0.006388066313288512,0.01686565773579806,63.88066313288512
CICIoT2023,LOF,max,0.0,0.20050697468609704,0.005715588638176105,0.11201411764705882,0.9687992215643686,0.0051954099268281895,0.01581914717506228,
