source,target,fold,job,auc,ap,f1_p90,precision_p90,recall_p90,fpr_test_p90,f1_p95,precision_p95,recall_p95,fpr_test_p95,f1_p96,precision_p96,recall_p96,fpr_test_p96,f1_p97,precision_p97,recall_p97,fpr_test_p97,f1_p98,precision_p98,recall_p98,fpr_test_p98,f1_p99,precision_p99,recall_p99,fpr_test_p99,f1_p99.5,precision_p99.5,recall_p99.5,fpr_test_p99.5,f1_p99.9,precision_p99.9,recall_p99.9,fpr_test_p99.9,f1_p99.99,precision_p99.99,recall_p99.99,fpr_test_p99.99
edge_iiotset,ciciot2023,0,SNN_AE,0.7309825174153637,0.7141852037964623,0.6653793362594005,0.4985648477643691,0.9999529411764706,1.0,0.665344509044602,0.4985452383931923,0.9998745098039216,1.0,0.6653305776497359,0.4985373942152768,0.9998431372549019,1.0,0.6652887817200597,0.4985138602089982,0.9997490196078431,1.0,0.6652434886998277,0.4984903003754693,0.9996392156862746,0.9999844027825436,0.6650483409551253,0.49838818208847785,0.9991686274509803,0.999922013912718,0.6658903750327827,0.5002048857368007,0.9957019607843137,0.98923791995508,0.6808834053601248,0.5267237161715606,0.9626196078431373,0.8600305705462146,0.5870117905516136,0.6742983902151128,0.5197333333333334,0.24961786817231807
edge_iiotset,ciciot2023,0,Dense_AE,0.7417328650498163,0.6745725819499326,0.6654002317158454,0.4985766126509416,1.0,1.0,0.6654002317158454,0.4985766126509416,1.0,1.0,0.6654002317158454,0.4985766126509416,1.0,1.0,0.6654002317158454,0.4985766126509416,1.0,1.0,0.6654002317158454,0.4985766126509416,1.0,1.0,0.6653932666363973,0.4985726910834252,0.9999843137254902,1.0,0.6653441570306179,0.4986111654473612,0.9996078431372549,0.9994696946064822,0.6700422478398405,0.5063451573053537,0.9901490196078432,0.9598527622672115,0.6065225933202357,0.6840177252584934,0.5448,0.2502417568705743
edge_iiotset,ciciot2023,0,LSTM_AE,0.7872240165342738,0.7322854189972287,0.6654002317158454,0.4985766126509416,1.0,1.0,0.6654002317158454,0.4985766126509416,1.0,1.0,0.6654002317158454,0.4985766126509416,1.0,1.0,0.6654002317158454,0.4985766126509416,1.0,1.0,0.6654002317158454,0.4985766126509416,1.0,1.0,0.6654002317158454,0.4985766126509416,1.0,1.0,0.6654002317158454,0.4985766126509416,1.0,1.0,0.6703374216981629,0.5044525431785771,0.9987764705882353,0.9755747574632686,0.7170275089149262,0.6035051988423197,0.8831529411764706,0.5769254764949933
edge_iiotset,ciciot2023,0,CNN_AE,0.7759451198141545,0.7530334967071047,0.6654002317158454,0.4985766126509416,1.0,1.0,0.6654002317158454,0.4985766126509416,1.0,1.0,0.6654002317158454,0.4985766126509416,1.0,1.0,0.6654002317158454,0.4985766126509416,1.0,1.0,0.6654002317158454,0.4985766126509416,1.0,1.0,0.6654002118876265,0.49858048975058855,0.9999843137254902,0.9999688055650872,0.6661336009114379,0.49947490516944104,0.9997019607843137,0.996116292853355,0.6717732386027234,0.5066178698432442,0.9966901960784313,0.9651402189849331,0.7063261048852666,0.5757360064851612,0.9135372549019608,0.6693701843591103
edge_iiotset,ciciot2023,0,IF,0.5515700105265926,0.6054969090799396,0.6624569039933452,0.49698178078858335,0.9931294117647059,0.9994852918239386,0.6593304663125052,0.49646808578186263,0.981207843137255,0.9895186698692953,0.6572145399381527,0.49649380104023916,0.9717960784313725,0.9799263811336058,0.648436490502649,0.49365500959126457,0.9446117647058824,0.9633933306298157,0.6411079377530784,0.49481116388535956,0.9102274509803921,0.9240415509873039,0.6332748463964208,0.514343921096191,0.8237490196078432,0.7733880275758804,0.5605999655192231,0.5171088552572292,0.612078431372549,0.5683314096765137,0.3458489050330062,0.6707763175721447,0.23298823529411763,0.11370371525719812,0.21679208357451968,0.8929382379654859,0.12337254901960784,0.014708176061390648
edge_iiotset,ciciot2023,0,OCSVM,0.7888657297326392,0.7515386693442576,0.6662589450464437,0.4996197778248156,0.999686274509804,0.9955235985900115,0.6668410835474301,0.5003101371669951,0.9995450980392157,0.9926381133605765,0.6669981419935624,0.5004909083768605,0.9995294117647059,0.9919050441401254,0.6671587874980368,0.5006836397925507,0.9994823529411765,0.9910939888323923,0.6674698164104444,0.5010419533676719,0.9994509803921569,0.9896434476089465,0.6681770980836401,0.501890895338943,0.9992470588235294,0.9860872820288861,0.6691075274465514,0.5029932080240088,0.999043137254902,0.981548491749072,0.684189143070731,0.5225525647284673,0.9906039215686274,0.8999594472346133,0.0,0.0,0.0,0.0
edge_iiotset,ciciot2023,0,LOF,0.5963490271923725,0.545827441359912,0.6795230778291154,0.5158130877583699,0.9954666666666667,0.9291262438780922,0.6812492952982298,0.5178899419587099,0.9951529411764706,0.9211404685404124,0.6819281253023447,0.5187005298619742,0.9950588235294118,0.9180678167015005,0.6825027036042676,0.5194041584434089,0.9949176470588236,0.9153539008640859,0.6687010587921159,0.512328721370062,0.9624627450980392,0.910939888323923,0.6880903095908696,0.5380315573480506,0.9542274509803922,0.8146738621829865,0.5969415924811564,0.49373492739494074,0.7546980392156862,0.7694575287768662,0.6165313211714095,0.6030874476799136,0.6305882352941177,0.41265558224412763,0.0010347584779643478,1.0,0.0005176470588235294,0.0
edge_iiotset,ciciot2023,1,SNN_AE,0.761913696130728,0.7729884945970439,0.6653027139874739,0.4985217051231912,0.9997803921568628,1.0,0.6698889225648306,0.5067046341208362,0.9881098039215687,0.9564993605140842,0.6703463029816821,0.5085737472103875,0.983043137254902,0.9445051002901083,0.6704066568245873,0.5096102836155887,0.9794509803921568,0.9371588108681411,0.6722709245934548,0.5153601030419109,0.966556862745098,0.9037807655114327,0.6737800839037315,0.5198109190017886,0.9573490196078431,0.8793555229747013,0.674314137111649,0.5211963455462415,0.9548235294117647,0.8721808029447546,0.6777620194909124,0.5320830985789535,0.933286274509804,0.8160776117540631,0.7584895558041996,0.674339977297416,0.8666352941176471,0.41614935895436256
edge_iiotset,ciciot2023,1,Dense_AE,0.7869009723488859,0.809482155097627,0.6654002317158454,0.4985766126509416,1.0,1.0,0.6664817944465082,0.5000274783509849,0.9990588235294118,0.9932775992762891,0.6664676116541473,0.5003067195167988,0.9978823529411764,0.9910004055276539,0.667552702496835,0.5018363333359661,0.9966745098039216,0.9837632966278815,0.6677281206484329,0.5020425901781834,0.996643137254902,0.9829210468852356,0.6699386244056383,0.504799624619251,0.9956549019607843,0.9711763421405621,0.6703104619170587,0.5052502527604626,0.9955450980392156,0.9693202732632499,0.670341879437502,0.5057478605185848,0.993756862745098,0.9656549271609944,0.5977722443264893,0.6869590012016538,0.5290823529411764,0.2397292323049568
edge_iiotset,ciciot2023,1,LSTM_AE,0.888440627265037,0.9144433187919697,0.6654002317158454,0.4985766126509416,1.0,1.0,0.6694941977800202,0.5034144259496373,0.9991058823529412,0.9799575755685186,0.6703127220663554,0.50442456843623,0.9987764705882353,0.9756839379854634,0.6710020130903572,0.5052377626817345,0.9986509803921568,0.9723929251021618,0.6714659409741999,0.505784112758418,0.9985725490196078,0.9701937174408085,0.6718313798544522,0.5062231094074328,0.998478431372549,0.9684000374333219,0.6718361823813601,0.5066408367613763,0.9968784313725491,0.9652338022896715,0.672374084721803,0.5074684120933132,0.9960470588235294,0.9612409146208316,0.6809709247631758,0.5227566632517676,0.9765176470588235,0.8864366596999096
edge_iiotset,ciciot2023,1,CNN_AE,0.8896092013796504,0.9210016348650759,0.6654002317158454,0.4985766126509416,1.0,1.0,0.6724971694020296,0.507384875774414,0.9969098039215686,0.9623951087126057,0.6727294863718895,0.5076900951574372,0.9967529411764706,0.9610693452288112,0.6724671470962272,0.5077538609266223,0.995356862745098,0.9594784290482578,0.6724531701242614,0.5077501700476134,0.9953098039215686,0.959447234613345,0.6721115854790379,0.5077120307679981,0.9939607843137255,0.9582930405215709,0.6720940223069619,0.5077042651901827,0.9939137254901961,0.9582774433041146,0.6720844147555632,0.5084249320050855,0.9911215686274509,0.9528340144118289,0.7368620829570293,0.6321811975025827,0.8830901960784314,0.5108868577845712
edge_iiotset,ciciot2023,1,IF,0.5891074217677214,0.591628379512537,0.6613197382597956,0.49727700272694936,0.9868705882352942,0.9920142246623203,0.6750996467209952,0.5536519477389357,0.8648,0.6932339270674112,0.62933469993824,0.5414575136797359,0.7512627450980393,0.6326075428143619,0.5936952469057931,0.5365866018039931,0.6644078431372549,0.5705462145553233,0.4895888311909423,0.5352941176470588,0.45107450980392155,0.38936893658171384,0.4744862494875862,0.5493149554308353,0.4176,0.340674423682815,0.4697416870450009,0.5832344524324702,0.3932235294117647,0.27939295629659666,0.3489285839950271,0.6915066710055321,0.23333333333333334,0.10350313504070874,0.15286094477711243,0.6568977841315226,0.08649411764705882,0.04491998627444864
edge_iiotset,ciciot2023,1,OCSVM,0.8677030138105716,0.8927111173859348,0.668341945806993,0.5020927757852836,0.9991843137254902,0.9852294350687837,0.671244299949333,0.505806461876203,0.9975058823529411,0.9690707177839474,0.6718994460653727,0.5066803781827458,0.9970039215686275,0.9652026078547588,0.6728414675478732,0.5078828288642651,0.9965019607843137,0.9600867205290576,0.6741209138354862,0.5095145225884637,0.9958431372549019,0.9532083476307827,0.6756360886076623,0.5114960604521004,0.9949019607843137,0.9447858502043236,0.6778549341436536,0.514345792875004,0.9937725490196079,0.9330099510247372,0.6837926202709014,0.5262401150251618,0.976,0.8736781358205696,0.6912951359148898,0.5394234658881052,0.9621960784313726,0.8168886670617962
edge_iiotset,ciciot2023,1,LOF,0.6837705211366764,0.6225120112224538,0.6811724915445322,0.5178011753183154,0.9951529411764706,0.9214680101069969,0.7003330373001776,0.5419293875096641,0.9895843137254902,0.8317060236453817,0.7147552937557324,0.5611833218531672,0.9840470588235294,0.765105905106529,0.6594754653130287,0.5835567147238523,0.7581019607843137,0.5379324328539788,0.6151347887508556,0.5740594759160595,0.6625411764705882,0.48880119786630066,0.27317647907474424,0.5848046533175477,0.17821176470588235,0.125807156003369,0.19397429030530264,0.6626715462031108,0.1136156862745098,0.0575069407617681,0.037835285516274964,0.652653704676826,0.01948235294117647,0.010309760738684219,0.008676182479708928,0.4946808510638298,0.004376470588235294,0.004445206975075646
edge_iiotset,ciciot2023,2,SNN_AE,0.9077781123440423,0.9473378958771488,0.6630329066785943,0.49595785902692946,0.9998588235294118,1.0,0.6630189994226838,0.4959500151728538,0.9998274509803922,1.0,0.6630189994226838,0.4959500151728538,0.9998274509803922,1.0,0.6630189994226838,0.4959500151728538,0.9998274509803922,1.0,0.6629981379963176,0.49593824893398486,0.9997803921568628,1.0,0.662643394115964,0.49573813879266726,0.9989803921568627,1.0,0.659071584690902,0.4937203504411776,0.9909490196078431,1.0,0.9202242490168188,0.986154949784792,0.862556862745098,0.01191725841309046,0.7877001483284525,1.0,0.649756862745098,0.0
edge_iiotset,ciciot2023,2,Dense_AE,0.9583056460175919,0.974968338141142,0.6630954857499479,0.4959931533494126,1.0,1.0,0.6630954857499479,0.4959931533494126,1.0,1.0,0.6630954857499479,0.4959931533494126,1.0,1.0,0.6630885328090952,0.49598923200211625,0.9999843137254902,1.0,0.6630676735526015,0.4959774675941055,0.9999372549019608,1.0,0.6629285952063915,0.49589902417007764,0.9996235294117647,1.0,0.6626086051714272,0.4957185115989413,0.9989019607843137,1.0,0.9245951417004049,1.0,0.859764705882353,0.0,0.692468619246862,1.0,0.5296,0.0
edge_iiotset,ciciot2023,2,LSTM_AE,0.9444000122284171,0.9684368166733134,0.6630954857499479,0.4959931533494126,1.0,1.0,0.6630954857499479,0.4959931533494126,1.0,1.0,0.6630954857499479,0.4959931533494126,1.0,1.0,0.6630954857499479,0.4959931533494126,1.0,1.0,0.6630954857499479,0.4959931533494126,1.0,1.0,0.6630815797959204,0.4959853105938006,0.9999686274509804,1.0,0.6628799109488217,0.4958715632028265,0.9995137254901961,1.0,0.6608180127427027,0.4947076121463616,0.9948705882352941,1.0,0.9355511784736597,0.9996611136874398,0.8791686274509803,0.00029330040135844396
edge_iiotset,ciciot2023,2,CNN_AE,0.942303195975519,0.9660513310699147,0.6630954857499479,0.4959931533494126,1.0,1.0,0.6630954857499479,0.4959931533494126,1.0,1.0,0.6630954857499479,0.4959931533494126,1.0,1.0,0.6630954857499479,0.4959931533494126,1.0,1.0,0.6630885328090952,0.49598923200211625,0.9999843137254902,1.0,0.6630468136451816,0.4959657026368821,0.9998901960784313,1.0,0.662838178763336,0.49584802284949375,0.9994196078431372,1.0,0.7881583449582819,0.6788442792047336,0.939435294117647,0.4373726458783575,0.9364601489462843,0.9997507078117488,0.8807058823529412,0.00021611608521148503
edge_iiotset,ciciot2023,2,IF,0.6316068071118537,0.7347322567977923,0.6601199876989153,0.49431316987111934,0.9933019607843138,1.0,0.6572995560198486,0.4927173061863743,0.9869803921568627,1.0,0.6559867825977842,0.49197336742136094,0.9840470588235294,1.0,0.6480985763646021,0.4874878359454734,0.9665411764705882,1.0,0.6328929452812526,0.4787874398467803,0.933286274509804,0.9998301945044767,0.6102681537861689,0.4695007055523165,0.871592156862745,0.9691725841309046,0.5134189214639965,0.51369303727898,0.5131450980392157,0.47806421735103427,0.3708568654008331,1.0,0.22763921568627452,0.0,0.29716193656093487,1.0,0.17450980392156862,0.0
edge_iiotset,ciciot2023,2,OCSVM,0.9208675660001575,0.9530263003730475,0.662706009655402,0.4957734638915267,0.9991215686274509,1.0,0.6626086051714272,0.4957185115989413,0.9989019607843137,1.0,0.6625946890868225,0.4957106602936368,0.9988705882352941,1.0,0.6625738144168987,0.4956988828772722,0.9988235294117647,1.0,0.6625459805099869,0.4956831787996979,0.9987607843137255,1.0,0.6624763906738609,0.49564391432642224,0.9986039215686274,1.0,0.6623998334894369,0.4956007163435334,0.9984313725490196,1.0,0.66049003157796,0.4945223009457224,0.9941333333333333,1.0,0.9309879348363783,1.0,0.8708862745098039,0.0
edge_iiotset,ciciot2023,2,LOF,0.7990125668174031,0.7944379927974516,0.6755772475810068,0.512127787043184,0.9922666666666666,0.9302408150663785,0.674677661730653,0.5118343435326955,0.9894901960784314,0.9287280024698981,0.6746351350628654,0.51181057636911,0.9893960784313726,0.9287280024698981,0.6745642512180642,0.5117709592865199,0.9892392156862745,0.9287280024698981,0.6741048733631931,0.5115697310819262,0.9880156862745098,0.9283266440259339,0.6935480263893549,0.5388237338198245,0.9729254901960784,0.8194813213954925,0.6993003813518383,0.5483097599885921,0.9650509803921569,0.7823556653288052,0.6024032144421381,0.7664017831185193,0.49621960784313723,0.1488422352577956,0.007874753913940189,1.0,0.003952941176470588,0.0
edge_iiotset,ciciot2023,3,SNN_AE,0.6546332749202248,0.6792539916312047,0.6652957478901247,0.4985177826967751,0.9997647058823529,1.0,0.6711715139983692,0.5135690515806989,0.9683294117647059,0.9119537074585894,0.6786623234116383,0.5354310008793162,0.9265098039215687,0.7993262002058833,0.6823755570442431,0.5427419728490015,0.9187450980392157,0.7696446953863431,0.6869282974328711,0.5506149479659413,0.9129411764705883,0.7408678291792744,0.6905039621938168,0.5598311430019889,0.9007529411764705,0.7041987709392644,0.6914339944267469,0.5624637353343234,0.8971450980392157,0.693920204635493,0.6945448790523843,0.5674783162250339,0.8949333333333334,0.6782294038743488,0.694654995354296,0.5690991766991848,0.8912941176470588,0.6710234894094893
edge_iiotset,ciciot2023,3,Dense_AE,0.6200303740824402,0.6845050596022553,0.6654002317158454,0.4985766126509416,1.0,1.0,0.6706690624669696,0.505714513429505,0.9953254901960784,0.9673082322113735,0.6720072903752212,0.507376472094214,0.9947921568627451,0.9603830676607293,0.6719916725971088,0.5079811151079137,0.9924078431372549,0.9557662912936332,0.6716600395500649,0.5079764565878134,0.9909803921568627,0.954409333374926,0.671529659821205,0.508298203332178,0.9891921568627451,0.9514614592756652,0.6713155581599767,0.5082724962691082,0.9883607843137255,0.950759584490127,0.671720887580905,0.5087872326678297,0.9881725490196078,0.9486227656985994,0.6947079948307325,0.5927502022451988,0.8390274509803921,0.5731821443054559
edge_iiotset,ciciot2023,3,LSTM_AE,0.8372916866830957,0.8717436478072821,0.6654002317158454,0.4985766126509416,1.0,1.0,0.670952350792746,0.505591880239902,0.9970509803921569,0.9694606482203575,0.6731774079752159,0.5085805432874582,0.9952941176470588,0.9562498050347817,0.676261706415493,0.5150617243417165,0.9843294117647059,0.9214992045419097,0.6763559676709262,0.5174868796420284,0.9759843137254902,0.9048569735159248,0.6773646702546123,0.5208433521476119,0.9683764705882353,0.8858127710016533,0.6780469796069052,0.5225977423492139,0.9651294117647059,0.8766572043547431,0.6807994615371779,0.5274389981124107,0.9599058823529412,0.8551486414823596,0.6857938971071291,0.536650653241389,0.9497411764705882,0.8153601397510684
edge_iiotset,ciciot2023,3,CNN_AE,0.8653530743950573,0.9015261741362721,0.6654002317158454,0.4985766126509416,1.0,1.0,0.6726843420439625,0.5076875129856638,0.9965647058823529,0.9608977758367907,0.6704115471280984,0.506960407658056,0.9894117647058823,0.9567801104282996,0.6702303068985692,0.5070416867857718,0.988313725490196,0.9554075552921358,0.6705713844531886,0.5075811925163433,0.9877490196078431,0.9528028199769161,0.670215543654917,0.5075091796796191,0.986478431372549,0.9518513897120754,0.670552909615518,0.5079960242102967,0.9861019607843138,0.9496365848332657,0.6706200726985465,0.5082565392923891,0.9854117647058823,0.9479832797828868,0.6852002526272668,0.5376016713838022,0.9445176470588236,0.8077798920672552
edge_iiotset,ciciot2023,3,IF,0.40899022562139625,0.4912953641291744,0.6604309284204549,0.49670209737116827,0.9851764705882353,0.9925913217082073,0.6050300547265169,0.48894581661752623,0.7933960784313725,0.8245624980503479,0.5520008035860026,0.4601720817283537,0.6896156862745098,0.8043952958792151,0.5135757940086163,0.4472168905950096,0.6030588235294118,0.7411797735284026,0.388256450231151,0.382154089244747,0.39455686274509805,0.6342764450821974,0.35740372503505585,0.36104486451013973,0.3538352941176471,0.6226409208597187,0.3520260866107289,0.3570379930628378,0.3471529411764706,0.6216115045075958,0.336327379136585,0.6011551355062805,0.23347450980392156,0.15402252238200706,0.33749886187744693,0.6148710292775981,0.23258039215686274,0.14485135851764044
edge_iiotset,ciciot2023,3,OCSVM,0.8617236258698507,0.8879016431646164,0.666980672915391,0.5004594397191527,0.9995764705882353,0.9920766135321458,0.676294709537503,0.5114607536520851,0.9978980392156863,0.947764918738497,0.6790046740334477,0.5179079256481062,0.9855686274509804,0.9122032629378919,0.6779622432885088,0.5179507565405351,0.981035294117647,0.9078516392675546,0.680595017387584,0.5232701325866199,0.9731921568627451,0.8816015222884237,0.6820223719616607,0.5282299040631082,0.9621490196078432,0.8544311694793649,0.6817372136002317,0.528370752584258,0.9605490196078431,0.8525283089496833,0.6975034941442961,0.5662056689031905,0.9080784313725491,0.691767788626509,0.7038027663236623,0.5813694202364879,0.8915607843137255,0.6383473188383192
edge_iiotset,ciciot2023,3,LOF,0.43672688134554444,0.49249815140161285,0.6859582286347303,0.5232265776348872,0.9956078431372549,0.9020650715912282,0.5711234359640287,0.46571926213284776,0.7381960784313726,0.8420625760364351,0.5720714111029592,0.46873058811742313,0.7338666666666667,0.8270580528433727,0.5696578113728319,0.4746354466105681,0.7122509803921568,0.783900552141498,0.5490007536578394,0.4685801743450968,0.6627450980392157,0.7473562716411393,0.48689752650176676,0.4430610932475884,0.5403607843137255,0.6753907102972829,0.451511647117132,0.43308459144865735,0.4715764705882353,0.6137972985619365,0.4461134629098578,0.4319757874941232,0.4612078431372549,0.6030196212995601,0.3988280325473969,0.4156926793582742,0.383278431372549,0.5356864335402565
edge_iiotset,ciciot2023,4,SNN_AE,0.8308157730059191,0.8252292122485569,0.6653828289312311,0.4985648702126495,0.9999686274509804,1.0,0.6653410366009592,0.49854133915233423,0.9998745098039216,1.0,0.6653410366009592,0.49854133915233423,0.9998745098039216,1.0,0.6653479815244905,0.49854913769504516,0.9998745098039216,0.999968806051626,0.6652992202423825,0.4985216819973719,0.9997647058823529,0.999968806051626,0.6628694565177595,0.4972262109335154,0.9940078431372549,0.9993761210325197,0.6718593667631332,0.5112482808304407,0.9796078431372549,0.931170552912735,0.7829364227991132,0.7194926393270242,0.8586509803921568,0.3328550261249318,0.665554162245587,0.8642034068136273,0.5411607843137255,0.08455119706776885
edge_iiotset,ciciot2023,4,Dense_AE,0.8374898555139128,0.8491729201315835,0.6653967591263732,0.4985727134086732,1.0,1.0,0.6653967591263732,0.4985727134086732,1.0,1.0,0.6653967591263732,0.4985727134086732,1.0,1.0,0.6653967591263732,0.4985727134086732,1.0,1.0,0.6653967591263732,0.4985727134086732,1.0,1.0,0.6654001920587866,0.49858436703217635,0.9999686274509804,0.999922015129065,0.6691774726671751,0.5051825903354288,0.9908235294117647,0.9649691959759806,0.7616238914827195,0.6803845109701622,0.8648941176470588,0.40397722841768696,0.8406227297936993,0.8372415080834643,0.8440313725490196,0.16314434999610075
edge_iiotset,ciciot2023,4,LSTM_AE,0.8153921752732911,0.8437988885093647,0.6653967591263732,0.4985727134086732,1.0,1.0,0.6653967591263732,0.4985727134086732,1.0,1.0,0.6653967591263732,0.4985727134086732,1.0,1.0,0.6653967591263732,0.4985727134086732,1.0,1.0,0.6653967591263732,0.4985727134086732,1.0,1.0,0.6653897540812492,0.4985765458555585,0.9999529411764706,0.9999376121032519,0.6746499730028814,0.511722773240773,0.9897882352941176,0.9390626218513608,0.7757425432148656,0.6978201737342843,0.8732549019607844,0.37599625672619513,0.7789929752239937,0.7042515972010952,0.8714823529411765,0.36389300475707714
edge_iiotset,ciciot2023,4,CNN_AE,0.8562512260292091,0.8923588082896484,0.6653967591263732,0.4985727134086732,1.0,1.0,0.6653967591263732,0.4985727134086732,1.0,1.0,0.6653967591263732,0.4985727134086732,1.0,1.0,0.6653967591263732,0.4985727134086732,1.0,1.0,0.6653967591263732,0.4985727134086732,1.0,1.0,0.6654869658721956,0.4986935160846164,0.999921568627451,0.9994385089292678,0.6695221352085663,0.506921587608906,0.9856941176470588,0.9533182562582859,0.7703110436013394,0.6879694148116174,0.875043137254902,0.39461904390548236,0.7712638985947456,0.6899689275678085,0.8742745098039215,0.39061062153942133
edge_iiotset,ciciot2023,4,IF,0.5823086924995374,0.5527178663192247,0.6638134207074586,0.4977157141625722,0.9962980392156863,0.9997192544646338,0.6615200403327451,0.49722893278385677,0.9879529411764706,0.9932777041253996,0.6612058773855768,0.4982421533224098,0.9825882352941177,0.983888325664821,0.6566705769435853,0.49742305517408514,0.9658980392156863,0.9703501520704984,0.6511617689861774,0.5009675265964189,0.9299764705882353,0.921110504562115,0.6611714035429239,0.5400063596796312,0.8524392156862746,0.7219995320907744,0.554348161164031,0.5448747083598461,0.564156862745098,0.4685487015518989,0.33723234404900754,0.6062370231649229,0.23358431372549018,0.15085393433673866,0.3376182722852882,0.615774390497155,0.23256470588235295,0.14428760820400843
edge_iiotset,ciciot2023,4,OCSVM,0.7725434000486258,0.7963658463031389,0.6654484321321541,0.4987165842358981,0.9996549019607843,0.9990797785229666,0.6661300018295392,0.4995256947983223,0.9994823529411765,0.9956796381501989,0.6664016944277383,0.4998470168281489,0.9994196078431372,0.9943382983701162,0.6667538787577509,0.5002551921793412,0.9993725490196078,0.9926694221321064,0.6672007875665033,0.5007703312424342,0.9993254901960784,0.9905794275910473,0.6680441349219668,0.5017725188674786,0.9991215686274509,0.9864150354831163,0.6794700469626972,0.5208425664997032,0.9770352941176471,0.8937222178897294,0.6303809995051953,0.6645800730307773,0.5995294117647059,0.30086563206737893,0.6303229174435081,0.6680718764820572,0.5966117647058824,0.2947360212118849
edge_iiotset,ciciot2023,4,LOF,0.4083284747229626,0.43752504466978853,0.6655701067318336,0.4988415598240423,0.9997019607843137,0.9986274662715433,0.6661543849744643,0.499549199927872,0.9994980392156863,0.9956016532792639,0.6666108681550921,0.5000706358798876,0.9994666666666666,0.9934960617640178,0.6409675385059376,0.4860980512953536,0.9406588235294118,0.9888013725337285,0.6383490583768748,0.4853148908721248,0.9323450980392157,0.9831396709038447,0.630890896471064,0.48411799736628,0.9053803921568627,0.9592918973719099,0.5781082380793845,0.4762311067771819,0.7354352941176471,0.8042423769788661,0.17646560385420826,0.3864588303907534,0.11433725490196078,0.18048818529205335,0.009442460009318216,0.475,0.004768627450980392,0.005240583326834594
edge_iiotset,ciciot2023,5,SNN_AE,0.7075738117214005,0.7170488663609573,0.6654002317158454,0.4985766126509416,1.0,1.0,0.6654002317158454,0.4985766126509416,1.0,1.0,0.6653932666363973,0.4985726910834252,0.9999843137254902,1.0,0.6653236118432384,0.4985334720342894,0.9998274509803922,1.0,0.6652887817200597,0.4985138602089982,0.9997490196078431,1.0,0.6663310152406725,0.5005042387570514,0.9964862745098039,0.9888323923012134,0.6675498558483232,0.5104582707110296,0.9643137254901961,0.919549552359859,0.7077229638507245,0.6556133709653688,0.7688313725490196,0.4015659606326231,0.6905294009891921,0.6479202475077346,0.7391372549019608,0.39936675297126994
edge_iiotset,ciciot2023,5,Dense_AE,0.7746004867555158,0.8097787945686217,0.6654002317158454,0.4985766126509416,1.0,1.0,0.6654002317158454,0.4985766126509416,1.0,1.0,0.6654002317158454,0.4985766126509416,1.0,1.0,0.6654002317158454,0.4985766126509416,1.0,1.0,0.6654002317158454,0.4985766126509416,1.0,1.0,0.6654522298313011,0.4986545050612513,0.999921568627451,0.9996100695635899,0.6700107222098368,0.5063460736176632,0.9900078431372549,0.9597123873101039,0.7617135300186253,0.681805223297842,0.8628392156862745,0.4003961693233927,0.7613360520438878,0.6823685911780795,0.8609725490196078,0.3984933087937112
edge_iiotset,ciciot2023,5,LSTM_AE,0.831267400286377,0.870475418804061,0.6654002317158454,0.4985766126509416,1.0,1.0,0.6654002317158454,0.4985766126509416,1.0,1.0,0.6654002317158454,0.4985766126509416,1.0,1.0,0.6654002317158454,0.4985766126509416,1.0,1.0,0.6654002317158454,0.4985766126509416,1.0,1.0,0.6654002317158454,0.4985766126509416,1.0,1.0,0.6744960523432029,0.5115834029337594,0.9896470588235294,0.9394671990516892,0.7707332023794596,0.6931789705808651,0.8678274509803922,0.38194466107246466,0.7698689347462354,0.6928723804743381,0.8661176470588235,0.38174189724553137
edge_iiotset,ciciot2023,5,CNN_AE,0.8521617736054712,0.8922257911633157,0.6654210680138616,0.49860000938541194,1.0,0.9999064166952616,0.665410590703646,0.49859994368488564,0.9999529411764706,0.9998596250428924,0.6654244825102559,0.4986155434578562,0.9999529411764706,0.9997972361730667,0.6654487754974215,0.4986467247610257,0.9999372549019608,0.9996568612159591,0.6654556084523512,0.4986778075075498,0.9998431372549019,0.9994385001715694,0.6661057516435507,0.49944359110999653,0.9997019607843137,0.9962410705930063,0.6697567984673515,0.5068218427835052,0.9870901960784314,0.9550644165080949,0.7764080453755834,0.6991594104564816,0.8728470588235294,0.3734441775587235,0.7769654565640909,0.7001547929172802,0.8727058823529412,0.3716193031163241
edge_iiotset,ciciot2023,5,IF,0.5405877602823892,0.587342644668313,0.663170827342831,0.49734561850617526,0.9948862745098039,0.9997972361730667,0.6599412751677852,0.4956446404662519,0.9871686274509804,0.9988146114733132,0.6554198585894774,0.4934471487957351,0.9756862745098039,0.9959135290264217,0.6510655902914063,0.4918419028080523,0.9627294117647058,0.9890195589106904,0.6457087918875516,0.4909624039270458,0.9429019607843138,0.9720653835355773,0.63630184306122,0.4933986555376985,0.8957333333333334,0.9144804566865271,0.4567292123059339,0.5813773035887488,0.3760941176470588,0.26927036216738937,0.3409527732015376,0.6298503677402992,0.23374117647058823,0.1365848332657454,0.34611515335844467,0.680622009569378,0.2320627450980392,0.1082758835823689
edge_iiotset,ciciot2023,5,OCSVM,0.7752347202623756,0.8012701140800185,0.6659247648902821,0.4992479435957697,0.9996705882352941,0.9969897370309136,0.6667713025599171,0.5002237241834068,0.9995764705882353,0.9930124465795303,0.6670784370174566,0.5005773989551828,0.9995450980392157,0.9915775025735408,0.667494277438178,0.5010655782826495,0.9994666666666666,0.9895654615216646,0.6681313841055436,0.501811622741379,0.999356862745098,0.986508406900209,0.6693041216801954,0.5031875814669985,0.9991529411764706,0.9808934086159029,0.6715984977216888,0.512665653194091,0.9733490196078431,0.9200018716660948,0.6397404419501929,0.7253529528733347,0.5722039215686274,0.2154287675078766,0.6392479022975881,0.726615399980026,0.570635294117647,0.21347911532582586
edge_iiotset,ciciot2023,5,LOF,0.4709584136590032,0.5321698525168038,0.6872737519779768,0.5250120051000977,0.9946980392156862,0.8948123654739994,0.6885650053759353,0.5265688847546593,0.9945254901960784,0.8890881866674986,0.6889881437529206,0.5270683692471402,0.9945098039215686,0.8872945066600119,0.687617761416731,0.52663407961029,0.9903529411764705,0.8851264934335714,0.6456100007890614,0.5038354621907879,0.8984156862745099,0.8797142589761986,0.5863873099014909,0.4724761402330823,0.7726745098039216,0.8578001684499486,0.576007620714957,0.4884081383164513,0.7018980392156863,0.7310415821817388,0.17472773637272998,0.8577949923917554,0.09727058823529412,0.01603393954518514,0.16376059652405658,0.850412249705536,0.09060392156862745,0.01584677293570827
edge_iiotset,ciciot2023,6,SNN_AE,0.738389723819153,0.6407095946210216,0.6653619126649861,0.49855698162791245,0.9999058823529412,0.9999844027825436,0.665313152400835,0.4985295267892061,0.9997960784313725,0.9999844027825436,0.6653096587647053,0.49852950378574556,0.9997803921568628,0.9999688055650872,0.6652434664147359,0.498494176177476,0.9996235294117647,0.9999532083476308,0.665201595222684,0.4984822643989298,0.9994823529411765,0.9998596250428924,0.6676081626653086,0.5017241787464392,0.9973647058823529,0.9848862962847428,0.6758506206175455,0.5148081549539786,0.9835137254901961,0.9216707739339302,0.783336528017379,0.7154806831887328,0.8654117647058823,0.34218735377608633,0.783692731950703,0.7164838592296096,0.8648156862745098,0.34026889602894844
edge_iiotset,ciciot2023,6,Dense_AE,0.7941070846231622,0.8043443315326549,0.6654002317158454,0.4985766126509416,1.0,1.0,0.6654002317158454,0.4985766126509416,1.0,1.0,0.6654037043415635,0.498580511954201,1.0,0.9999844027825436,0.6654037043415635,0.498580511954201,1.0,0.9999844027825436,0.6654037043415635,0.498580511954201,1.0,0.9999844027825436,0.6654626879694342,0.49865844786720587,0.9999529411764706,0.9996256667810463,0.6718028712688048,0.5067123997926056,0.9964549019607843,0.9645475247215897,0.746041673524474,0.6428044699075387,0.8887843137254902,0.4910783916149359,0.7770067410638418,0.7081859720680487,0.8606431372549019,0.3526218922544218
edge_iiotset,ciciot2023,6,LSTM_AE,0.8122730331450045,0.8214464819247322,0.6654002317158454,0.4985766126509416,1.0,1.0,0.6654002317158454,0.4985766126509416,1.0,1.0,0.6654002317158454,0.4985766126509416,1.0,1.0,0.6654002317158454,0.4985766126509416,1.0,1.0,0.6654002317158454,0.4985766126509416,1.0,1.0,0.6656884145004126,0.49894323198797635,0.9998274509803922,0.9983622921670774,0.674206726555071,0.5097317835310751,0.9953882352941177,0.9519449730168138,0.7843170296723821,0.7099349196664633,0.8761098039215687,0.3559285023551798,0.7843880789865453,0.7100719607394411,0.876078431372549,0.35567894687587737
edge_iiotset,ciciot2023,6,CNN_AE,0.7948050011407377,0.7989738289242896,0.6654002317158454,0.4985766126509416,1.0,1.0,0.6654106497017396,0.49858831074369825,1.0,0.9999532083476308,0.6654141224361986,0.498592210229939,1.0,0.9999376111301744,0.6654245408570668,0.49860390905464697,1.0,0.9998908194778051,0.6654419056168516,0.4986234083158652,1.0,0.9998128333905232,0.6657022894385026,0.498966634830669,0.9997960784313725,0.9982375144274261,0.6735533441826961,0.5103869324384426,0.9900705882352941,0.944380322550457,0.8080041046690611,0.7583654375343973,0.8645960784313725,0.27391833296939827,0.8066950279571788,0.7587455598402234,0.861113725490196,0.2722494307015628
edge_iiotset,ciciot2023,6,IF,0.6238455437526416,0.608476016424059,0.6635892970483479,0.4984908069257382,0.9922039215686275,0.9925445300558381,0.6644098373703341,0.5020165978430823,0.9821019607843138,0.9686807873475372,0.6613902086012364,0.5033454265521223,0.9641098039215686,0.9458932526437284,0.6594417041097695,0.5073961996213145,0.9416,0.9089590417069595,0.6689174110336067,0.5265343626978479,0.9168470588235295,0.8197585550737748,0.6728946638365407,0.5715021534482569,0.8180235294117647,0.6098512025454659,0.5440176835247387,0.578444193115148,0.5134588235294117,0.3720716224225598,0.34148477654597,0.6435024322446143,0.2324078431372549,0.12802196088217863,0.31784165117498453,0.6613111177229,0.2091921568627451,0.10652899522725146
edge_iiotset,ciciot2023,6,OCSVM,0.7830442175609988,0.7843058288297782,0.6657613804917794,0.4990369407601121,0.9997803921568628,0.9979411672957544,0.6668131477209116,0.5002394015745559,0.9997019607843137,0.9930748354493558,0.6670295278269152,0.5005026546448431,0.9996235294117647,0.9919518357924946,0.6673893575906112,0.500931581802316,0.9995294117647059,0.990158155785008,0.6680753339904785,0.5017483894340574,0.999356862745098,0.9867579623795115,0.6690936981235158,0.5030014375306068,0.9989490196078431,0.9814237140094207,0.6837160408659375,0.5251564392410174,0.9794352941176471,0.880572105936301,0.6668741678338609,0.7429110802897211,0.6049568627450981,0.2081604641731915,0.6633102143210562,0.7425900371226992,0.5993254901960784,0.2065695479926381
edge_iiotset,ciciot2023,6,LOF,0.4793312995785081,0.4563923288979044,0.6674978913784884,0.5011051418593127,0.9993254901960784,0.9892691143899929,0.6687455050369834,0.5025603395901879,0.9991372549019608,0.9833421717565586,0.6727218928658235,0.507210695732543,0.9985725490196078,0.9646723024612409,0.6759095472582111,0.5109997349461459,0.9979764705882352,0.9495897931808965,0.6795933855675392,0.515402574661954,0.9973019607843138,0.9323704651090245,0.6827398735028932,0.5197131735300143,0.9947921568627451,0.9141061234675734,0.6022515085107022,0.48785564904430717,0.7867294117647059,0.8212090962972206,0.08036609829488466,0.20018738288569643,0.05027450980392157,0.19972236952927597,0.03137854036902104,0.24710782045349375,0.01675294117647059,0.0507533456031444
edge_iiotset,ciciot2023,7,SNN_AE,0.7463171061802246,0.7021364676591455,0.6653758637246101,0.49856094852262595,0.9999529411764706,1.0,0.6653758637246101,0.49856094852262595,0.9999529411764706,1.0,0.6653758637246101,0.49856094852262595,0.9999529411764706,1.0,0.6653619330932624,0.49855310495854843,0.999921568627451,1.0,0.6653340709581119,0.498537417094231,0.9998588235294118,1.0,0.6655975595104394,0.49895447461370385,0.9993725490196078,0.997847617562193,0.6688116079173566,0.5029771082908314,0.9977882352941176,0.9803634094985573,0.6720037473119425,0.5085805443207271,0.9901803921568627,0.951321843562349,0.722783288440893,0.6123389284041522,0.881835294117647,0.5550963113156048
edge_iiotset,ciciot2023,7,Dense_AE,0.7727495431156943,0.730570670796791,0.6653967591263732,0.4985727134086732,1.0,1.0,0.6653967591263732,0.4985727134086732,1.0,1.0,0.6653967591263732,0.4985727134086732,1.0,1.0,0.6653967591263732,0.4985727134086732,1.0,1.0,0.6653967591263732,0.4985727134086732,1.0,1.0,0.6653828289312311,0.4985648702126495,0.9999686274509804,1.0,0.6656292915737642,0.4988846186961388,0.9997960784313725,0.9985494814006083,0.668351285047959,0.5029793033501315,0.9957333333333334,0.9783358028542463,0.7195571493053814,0.5992878177147511,0.9002196078431373,0.5985026904780473
edge_iiotset,ciciot2023,7,LSTM_AE,0.8301018530122802,0.8226024880803451,0.6653967591263732,0.4985727134086732,1.0,1.0,0.6653967591263732,0.4985727134086732,1.0,1.0,0.6653967591263732,0.4985727134086732,1.0,1.0,0.6653967591263732,0.4985727134086732,1.0,1.0,0.6653967591263732,0.4985727134086732,1.0,1.0,0.6653967591263732,0.4985727134086732,1.0,1.0,0.6654244825102559,0.4986155434578562,0.9999529411764706,0.9997816423613819,0.6692944422546315,0.5032602252519265,0.9988235294117647,0.9802698276534353,0.6808090881498504,0.5201152756844494,0.9851921568627451,0.9038134601887234
edge_iiotset,ciciot2023,7,CNN_AE,0.8089608640112054,0.7900904373187584,0.6653967591263732,0.4985727134086732,1.0,1.0,0.6653932666363973,0.4985726910834252,0.9999843137254902,0.999984403025813,0.6654141028250534,0.4985960878168579,0.9999843137254902,0.999890821180691,0.665452286878957,0.4986428666411145,0.9999686274509804,0.9996880605162598,0.6654904765136053,0.49868965571192764,0.9999529411764706,0.9994852998518288,0.6655842121750026,0.49881054855622503,0.9998901960784313,0.9989394057552835,0.6673859416654009,0.5009553163551732,0.9994196078431372,0.98993995164938,0.6731172767544883,0.5082502440663861,0.9962980392156863,0.9584652577399985,0.6889681396813968,0.5370792626243137,0.9606431372549019,0.8232862824612025
edge_iiotset,ciciot2023,7,IF,0.5495565301931424,0.5899471105678082,0.6639111259745417,0.49777467834699346,0.9965019607843137,0.9996880605162598,0.6625194891097217,0.4978815063791512,0.989835294117647,0.9925758402869843,0.6619799154278372,0.498259966546965,0.9859450980392157,0.9871792872182796,0.6616170979104319,0.4994601943300412,0.979686274509804,0.9762146143648133,0.65775803658812,0.5004336726344385,0.959356862745098,0.9522420650393824,0.6594503813281493,0.520614624577718,0.8992627450980392,0.8233330733837636,0.6287633881406222,0.526871574126104,0.779513725490196,0.6960149730952195,0.3406770922838976,0.6317399617590822,0.23322352941176472,0.1351789752787959,0.3371430627346102,0.7159374522487648,0.22048627450980393,0.08698432504094206
edge_iiotset,ciciot2023,7,OCSVM,0.8057806889275245,0.7671934112390577,0.6654763396399782,0.4987245097578916,0.9997490196078431,0.9991421664197145,0.6661160221860933,0.499533483350452,0.9993882352941177,0.9955548623567028,0.66647139128479,0.49994114554314817,0.999356862745098,0.99390158309288,0.6667922731102773,0.5003259426812123,0.9992627450980393,0.9922794977774312,0.6672253063789673,0.5008255365987893,0.9992156862745099,0.9902518911331202,0.6675855563125622,0.5012671178970565,0.9990745098039215,0.9883646572564923,0.667960248577497,0.5017134754007957,0.9989803921568627,0.9865086173282384,0.6708314426516678,0.5054223381249205,0.9971764705882353,0.9702253762770022,0.6821520068317677,0.5461172143901174,0.9084392156862745,0.7507135615690556
edge_iiotset,ciciot2023,7,LOF,0.6358596101062277,0.5893689832693767,0.7082646812387181,0.5520297337809763,0.9878431372549019,0.7970677688528426,0.6861225756757068,0.5414912535385062,0.9361725490196079,0.7881930905404352,0.6812242230024815,0.5395914851503294,0.9236705882352941,0.7836387740778289,0.6809454840391634,0.5398585338967481,0.9218666666666666,0.7812680340014038,0.6649396422592299,0.5315114804902099,0.8878117647058823,0.7780862512672542,0.6662379876469651,0.5339107249227045,0.8857725490196079,0.7688528425485456,0.668667395645146,0.5382503205066876,0.8824941176470589,0.7527567651875536,0.6527153090121607,0.585381340106073,0.7375529411764706,0.5194260313499182,0.30721736804564903,0.5305643236584803,0.21620392156862744,0.19020510021055914
edge_iiotset,ciciot2023,8,SNN_AE,0.8445751019476949,0.8049118521258309,0.6653931868831582,0.49858820032694307,0.999921568627451,0.9998752222603488,0.6653409328155664,0.49856072339293817,0.9997960784313725,0.9998596250428924,0.6652956405545348,0.49853716538636045,0.999686274509804,0.9998440278254359,0.6652817070497229,0.4985293197321484,0.9996549019607843,0.9998440278254359,0.6652921249197459,0.4985410196434299,0.9996549019607843,0.9997972361730667,0.6692862440625543,0.5034782402241269,0.9979294117647058,0.978553825997442,0.6799982723621127,0.518431927819945,0.9878588235294118,0.9124060267648252,0.8368262674741934,0.8134932977856772,0.8615372549019608,0.19640016221106155,0.8418509028981728,0.8237899351429258,0.860721568627451,0.1830645412858346
edge_iiotset,ciciot2023,8,Dense_AE,0.8135011400648477,0.8138667790782637,0.6654002317158454,0.4985766126509416,1.0,1.0,0.6654002317158454,0.4985766126509416,1.0,1.0,0.6654002317158454,0.4985766126509416,1.0,1.0,0.6654002317158454,0.4985766126509416,1.0,1.0,0.6654175952069057,0.49859610977717644,1.0,0.999922013912718,0.6654903844146082,0.498709061605145,0.9998745098039216,0.9993449168668309,0.6703608438389804,0.5058548196428001,0.9934274509803922,0.9649218579405434,0.7697285837819744,0.6929161539813675,0.8656941176470588,0.3814767445487725,0.7694647541441089,0.6929108134596537,0.865035294117647,0.3811959946345572
edge_iiotset,ciciot2023,8,LSTM_AE,0.8819332116138716,0.900422505513421,0.6654002317158454,0.4985766126509416,1.0,1.0,0.6654002317158454,0.4985766126509416,1.0,1.0,0.6654002317158454,0.4985766126509416,1.0,1.0,0.6654002317158454,0.4985766126509416,1.0,1.0,0.6654002317158454,0.4985766126509416,1.0,1.0,0.6654106497017396,0.49858831074369825,1.0,0.9999532083476308,0.6778702233964355,0.5132028906023164,0.9981333333333333,0.9414012540162835,0.8527225301597653,0.8875954522314611,0.8204862745098039,0.10331596843123186,0.75687351662711,0.8733460520647425,0.6678117647058823,0.09629722057584927
edge_iiotset,ciciot2023,8,CNN_AE,0.8663587077430093,0.8830018188316662,0.6654002317158454,0.4985766126509416,1.0,1.0,0.6654002317158454,0.4985766126509416,1.0,1.0,0.6654002317158454,0.4985766126509416,1.0,1.0,0.6654002317158454,0.4985766126509416,1.0,1.0,0.6653932666363973,0.4985726910834252,0.9999843137254902,1.0,0.6662171415429167,0.4995805993901053,0.9996549019607843,0.9956483763296627,0.6724760442585631,0.5075275691225827,0.9962666666666666,0.9612253174033752,0.7897674616032203,0.7192763166372435,0.8755764705882353,0.33978538228779986,0.7898613794128262,0.7194956878214797,0.8754823529411765,0.33937985463393333
edge_iiotset,ciciot2023,8,IF,0.583700180010239,0.6027858379600074,0.6650980474358841,0.4993783247820202,0.9954352941176471,0.9922481829241663,0.6680505194756932,0.5049071926685017,0.9869490196078431,0.9622703309729544,0.6707376517915012,0.5092771094137648,0.9821019607843138,0.9409489347100477,0.6776572383730458,0.5198632203560294,0.9729882352941176,0.8935333936425741,0.6761201600631235,0.5276389866291344,0.9408941176470588,0.8375393829740774,0.6595591499778014,0.5340334991450334,0.8622274509803921,0.7480581464266775,0.5177787056367432,0.5536071428571429,0.4863058823529412,0.3898992419752316,0.3415982421649127,0.6500440140845071,0.23167058823529413,0.12401347599588233,0.343412678059357,0.6684516246142675,0.23105882352941176,0.1139532707365006
edge_iiotset,ciciot2023,8,OCSVM,0.847101980846617,0.8652055032378752,0.6718569507081257,0.5061151507927047,0.9990117647058824,0.9693358704807062,0.67254562352146,0.5069173578717782,0.9989333333333333,0.9661540381195994,0.6726488187978303,0.5070427021044501,0.9989019607843137,0.9656393299435381,0.6728052658827011,0.5072245587204486,0.9988862745098039,0.9649218579405434,0.6729833276085291,0.5074391361517313,0.9988392156862745,0.9640484137629847,0.6730942035880035,0.5075895277272873,0.9987450980392157,0.9633777334123592,0.6914520003772726,0.5349254448841542,0.9774745098039216,0.8450104501356958,0.7106036606022872,0.8534761475355752,0.6087058823529412,0.10390866269457529,0.7064426290382473,0.8653400045485559,0.5968470588235294,0.0923511245593786
edge_iiotset,ciciot2023,8,LOF,0.5184790951411915,0.51296602122992,0.6654382787257477,0.4986505409570598,0.9998745098039216,0.999578875128677,0.6658065864041158,0.4990877412787283,0.9997803921568628,0.9977384034688211,0.6659909403915382,0.4992988585887864,0.9997647058823529,0.9968805565087189,0.6663181447481232,0.4996941991939404,0.9996549019607843,0.9951960570234271,0.6669319413393927,0.500530464372441,0.9990745098039215,0.9912967526593256,0.6708933656675807,0.5058116839145017,0.9959372549019608,0.9675265932557632,0.6656926789253402,0.5383348989453908,0.8719843137254902,0.7435505505817762,0.2390107500155347,0.5752916542028118,0.1508392156862745,0.11072464672302461,0.08743883492326232,0.5879710993946495,0.04723137254901961,0.03291012883301619
edge_iiotset,ciciot2023,9,SNN_AE,0.6792219345809885,0.6558805808301043,0.6653932666363973,0.4985726910834252,0.9999843137254902,1.0,0.6653828088304368,0.49856874706710463,0.9999529411764706,0.9999844027825436,0.6653688781261743,0.4985609035023229,0.999921568627451,0.9999844027825436,0.6653096587647053,0.49852950378574556,0.9997803921568628,0.9999688055650872,0.6645254956027657,0.49808978032473733,0.9980078431372549,0.9999532083476308,0.6649140630727819,0.49907235621521334,0.9958274509803922,0.9938546963221762,0.6677635755703222,0.5037999137834688,0.9899450980392157,0.9694762454378139,0.6685694738417464,0.5070616659369882,0.9810509803921569,0.9483108213494712,0.7291728091728091,0.6261040787623066,0.8728627450980392,0.518295536076364
edge_iiotset,ciciot2023,9,Dense_AE,0.7388805490465207,0.6288415365791035,0.6654002317158454,0.4985766126509416,1.0,1.0,0.6654002317158454,0.4985766126509416,1.0,1.0,0.6654037043415635,0.498580511954201,1.0,0.9999844027825436,0.6654071770035279,0.4985844113184527,1.0,0.9999688055650872,0.6654279361566646,0.49862332217389943,0.9999372549019608,0.9997504445206975,0.6661857944062011,0.49954926353581197,0.9996392156862746,0.9957575568518576,0.6670121494788968,0.5005381539355944,0.9994039215686275,0.9915930997909973,0.6688937522358537,0.5032137033577659,0.9972235294117647,0.978896964781483,0.7430264332674982,0.6531500463766737,0.8615843137254902,0.45493963876844373
edge_iiotset,ciciot2023,9,LSTM_AE,0.7865337935429967,0.7858730583714044,0.6654002317158454,0.4985766126509416,1.0,1.0,0.6654002317158454,0.4985766126509416,1.0,1.0,0.6654002317158454,0.4985766126509416,1.0,1.0,0.6654002317158454,0.4985766126509416,1.0,1.0,0.6654002317158454,0.4985766126509416,1.0,1.0,0.6668306108140349,0.5002904877053042,0.9995764705882353,0.9927472938827713,0.6720703320826803,0.5063896112158154,0.9988862745098039,0.9681504819540194,0.672443015317356,0.5068169336930828,0.9988705882352941,0.966481579686184,0.6821850693699694,0.5328172391902377,0.947921568627451,0.8264341641451165
edge_iiotset,ciciot2023,9,CNN_AE,0.7989439142409935,0.7936839611700413,0.6654002317158454,0.4985766126509416,1.0,1.0,0.6654002317158454,0.4985766126509416,1.0,1.0,0.6654002317158454,0.4985766126509416,1.0,1.0,0.6654002317158454,0.4985766126509416,1.0,1.0,0.6654002317158454,0.4985766126509416,1.0,1.0,0.6673823338430281,0.5009118493247599,0.9995764705882353,0.9902829335246592,0.6691030495157952,0.5036187365734172,0.9965647058823529,0.976666562685217,0.6704680446661916,0.5053121642592814,0.996,0.9695230370901831,0.6902558900180155,0.5492859727751023,0.928564705882353,0.7576036435099979
edge_iiotset,ciciot2023,9,IF,0.5412862548144941,0.5786927452127931,0.6634798634526379,0.4979409961806265,0.9938980392156863,0.9964282372024831,0.6604818815923783,0.4995496437360269,0.9743843137254902,0.9705992450946751,0.6570123828235837,0.4987118115099845,0.9625411764705882,0.962020775493652,0.6518474964748667,0.49917035628819906,0.9390745098039216,0.936846866519013,0.6535399070763598,0.5162496247987557,0.8903058823529412,0.8295224132014849,0.6521263004197847,0.5326475849731663,0.8407058823529412,0.7334591508874817,0.5631540419005123,0.506845704963293,0.6335372549019608,0.6129238543843778,0.3309157959434542,0.5753254322906548,0.23225098039215686,0.17046198958105874,0.26277409290941145,0.6860472816369777,0.16250980392156864,0.07394640796081979
edge_iiotset,ciciot2023,9,OCSVM,0.7770761843945864,0.7215140761684877,0.6691879001801632,0.5030363333412302,0.9992313725490196,0.9815640889665284,0.6699591334395759,0.503952334607259,0.9990588235294118,0.9778051595595346,0.6702976914049961,0.5043435567275636,0.9990274509803921,0.976245437813894,0.6707355605173358,0.5048515212531511,0.9989803921568627,0.9742177995445612,0.6714398692465863,0.5056861499364675,0.9988392156862745,0.9708332033565212,0.6720924709049164,0.50645507695979,0.9987294117647059,0.9677449543001528,0.6730890229523453,0.5076606503377705,0.9984470588235295,0.9628162335839286,0.6757348826053354,0.5117587696282243,0.9943372549019608,0.9432573228935958,0.6875951250859648,0.5366482472194847,0.9566901960784314,0.8213338740368719
edge_iiotset,ciciot2023,9,LOF,0.6161630758202148,0.5432319273335944,0.6660013584826794,0.49931839548730805,0.9997333333333334,0.996771375986524,0.6671133982839225,0.5006403859602253,0.9994509803921569,0.9912343637894999,0.6676132344851072,0.5012154348424654,0.9994039215686275,0.9889103783884955,0.6683102618037233,0.5020372136276589,0.9992627450980393,0.9855257822004554,0.6468257368060316,0.49103266613551,0.9474196078431373,0.9764482016408272,0.6493828491349108,0.49466250615864676,0.9449411764705883,0.9598527622672115,0.6577482925931888,0.5191292037968022,0.897364705882353,0.8265121502323985,0.5359417078728598,0.6293123506144637,0.46669803921568626,0.2733412359235112,0.372885195596882,0.5426969996702934,0.2840156862745098,0.23796674673238294
