,f1_p99,f1_p99,recall_p99,recall_p99,fpr_test_p99,fpr_test_p99,auc,auc,ap,ap,f1_p95,f1_p95,fpr_test_p95,fpr_test_p95
,mean,std,mean,std,mean,std,mean,std,mean,std,mean,std,mean,std
job,,,,,,,,,,,,,,
CNN_AE,0.6667,0.0026,0.9979,0.0044,0.9889,0.0181,0.8451,0.0508,0.8592,0.0697,0.6666,0.0032,0.9923,0.0162
Dense_AE,0.6663,0.0025,0.9984,0.0035,0.9917,0.0167,0.7838,0.0851,0.778,0.101,0.6658,0.0019,0.9961,0.0103
IF,0.6017,0.1033,0.7635,0.2015,0.7257,0.1763,0.5603,0.0622,0.5943,0.0603,0.6574,0.0191,0.9394,0.1009
LOF,0.6028,0.1316,0.8145,0.2629,0.7863,0.2506,0.5645,0.1233,0.5527,0.1016,0.667,0.0356,0.9169,0.0768
LSTM_AE,0.6672,0.0042,0.9966,0.0099,0.9845,0.0361,0.8415,0.0496,0.8532,0.0676,0.6661,0.0023,0.9949,0.0109
OCSVM,0.6708,0.0053,0.9949,0.0116,0.9654,0.042,0.82,0.0512,0.8221,0.0737,0.6685,0.004,0.9831,0.0172
SNN_AE,0.6689,0.0083,0.9837,0.0318,0.9527,0.0946,0.7602,0.0788,0.746,0.0934,0.6662,0.0024,0.9868,0.0296
