trial,threshold,decay,surrogate_scale,learning_rate,lam,E_T1,E_T3_opt,E_T3_pess,auc,f1,k_dec,k_enc,ratio_T1,ratio_T2,saving_T3_opt,saving_T3_pess,seconds
0,0.5247240713084176,0.9179642991664454,15.175890952605291,0.00039687933304443713,0.0,6366.784992313384,19924.47939405441,21844.47939405441,0.9163806440352832,0.8260505337116606,0.7530336678028107,0.840171217918396,2.265758937582472,1.6035249738535844,0.06485777123231096,-0.025256155647492173,52.7528030872345
1,0.9367182020405163,0.9179642991664454,15.175890952605291,0.00039687933304443713,0.05,5135.560325217246,11853.117687535285,13773.117687535285,0.8890190192783112,0.5498410573866488,0.11683803051710129,0.16028370335698128,2.8089632068317223,1.987961992813089,0.44368178094153354,0.3535678540617304,88.12738251686096
2,1.5037233822532774,0.3133799212922716,19.4583773389159,0.0006798962421591129,0.1,4886.236731433868,10218.663017177581,12138.663017177581,0.8478355685359449,0.5342085673682073,0.0,0.01023950893431902,2.9522924886545154,2.089399122366056,0.5203938271149537,0.4302799002351506,31.472127676010132
3,1.0343065316915967,0.4892989411287272,13.01335210500283,0.00013787764619353784,0.05,5120.133795312791,11751.988213717192,13671.988213717192,0.8427232277883268,0.5421403107553642,0.004686489002779126,0.25920112431049347,2.817426375304072,1.9939515540935235,0.44842822573790675,0.35831429885810373,51.258280992507935
4,1.1741985453031396,0.6850694697603276,2.8361074289599593,0.0004050837781329676,0.05,5281.485437715052,12809.737869465349,14729.737869465349,0.906589826656488,0.7404316963638997,0.10181308910250664,0.33411705493927,2.7313527927175345,1.9330354800235134,0.39878344702164303,0.30866952014184,53.91036868095398
5,0.8178434075947301,0.3634868741041495,14.316194477218824,0.00027551959649510803,0.05,5060.211989593505,11359.167487335204,13279.167487335204,0.8479456895628384,0.534307754770605,0.0,0.19901474565267563,2.8507896565730304,2.0175634458252887,0.4668650060577284,0.3767510791779254,59.847243309020996
6,1.4262878834017694,0.5026121994581171,11.361224381200595,0.0003521358805467869,0.001,6196.6197000503535,18808.951366996764,20728.951366996764,0.9121818471133222,0.6770066864104052,0.3345821499824524,1.087058186531067,2.327978914033207,1.6475593521170504,0.11721433949410465,0.027100412614301517,66.12858414649963
7,1.3164299639788448,0.8992182527650259,3.592865036934551,0.0001570300837880671,0.1,5028.255027982033,11149.671850104443,13069.671850104443,0.8458524876655864,0.5382772698134215,0.0016919023473747075,0.16259444877505302,2.868907786045482,2.030386024876698,0.47669754487806726,0.38658361799826413,87.8076901435852
8,0.9064806553791018,0.48260743129679745,11.768529496848473,0.00013833249975219982,0.01,5929.504346323012,17057.861825895307,18977.861825895307,0.8931576457243195,0.6441228865206113,0.2576790601015091,0.8765257894992828,2.4328509024444114,1.7217794510365227,0.1994005659872321,0.10928663910742897,72.22397303581238
9,0.3093875991101241,0.8300499284956422,14.723432189257109,0.0005358055009231865,0.1,5271.518682521581,12744.400252085923,14664.400252085923,0.8900336389098743,0.6019179232184947,0.07719489745795727,0.3486899435520172,2.7365169069456186,1.9366902316368517,0.4018500247690546,0.3117360978892515,69.13030791282654
10,1.906732125191658,0.722466669665514,2.135851747693275,0.0008556385477088213,0.001,6217.6480084419245,18946.803610897063,20866.803610897063,0.9004589470375165,0.7357958673602837,0.4730464518070221,0.9670840501785278,2.3201056059162313,1.6419872473432364,0.11074433583418364,0.020630408954380508,70.6676595211029
11,0.3968358999965208,0.6845819444320121,6.229185942865941,0.0002181389637209019,0.0,6847.2329535484305,23074.08269548416,24994.08269548416,0.9101638038474607,0.7538116333927852,0.8922533690929413,1.2179203033447266,2.106778036889229,1.4910108663733959,-0.08296677127051555,-0.1730806981503188,65.23573040962219
12,0.5894843124484594,0.7858062217483859,7.1453775520117855,0.00046881359676105593,0.0,6463.226173496246,20556.704915142058,22476.704915142058,0.9175248794409803,0.7998342541436464,0.6821253597736359,1.0179407894611359,2.2319503623678005,1.579597938285989,0.0351846856183331,-0.05492924126147014,69.89050507545471
13,1.6697107590928901,0.5776229986616657,8.462401957750924,0.0002490505996761602,0.05,5026.4999748229975,11138.16650161743,13058.16650161743,0.8478040629740118,0.5350016909029421,0.0,0.1624348685145378,2.8699094941322425,2.031094954633959,0.47723754078029923,0.3871236139004961,69.58613562583923
14,1.26328332174698,0.6430562804695208,18.61126853864851,0.0006158530070603035,0.01,5497.951884913444,14228.795689988136,16148.795689988136,0.8749557873442617,0.6818195648866575,0.1952807530760765,0.47260965406894684,2.623813431249609,1.8569276254209053,0.33218090916914145,0.24206698228933832,74.76573300361633
15,0.7003690166956001,0.8017542294441256,4.777628521361067,0.0009277617929773858,0.0,6710.625353336333,22178.543982982635,24098.543982982635,0.9090710322250702,0.7837668185911957,0.7780576050281525,1.187455952167511,2.1496655289850146,1.5213632412447131,-0.04093525561614286,-0.1310491824959461,93.63190722465515
16,1.0754104752620721,0.5710009954128753,9.050722859635437,0.00018913391139476916,0.05,5102.32391052246,11635.234524536132,13555.234524536132,0.8475968911043645,0.5348034904958399,0.0,0.2447091042995453,2.827260725304064,2.0009115292104838,0.45390798272218247,0.36379405584237934,77.40059757232666
17,1.6138223106350114,0.4023881134913364,17.095198498644667,0.0004149808892288517,0.05,4876.807320454785,10156.847989648044,12076.847989648044,0.8479761464344515,0.534010152284264,0.0,7.943201808302547e-06,2.958000809155352,2.093439020137184,0.5232950744435317,0.4331811475637286,57.9233660697937
18,1.996945902226101,0.7232981551774945,9.4737190945394,0.000296030232937716,0.0,5854.679515886306,16567.343493032455,18487.343493032455,0.895653996431514,0.7669713521346561,0.21976961195468903,0.8344297707080841,2.4639435789537303,1.7437843883048456,0.2224227186855685,0.13230879180576538,57.557531118392944
19,1.218414555718226,0.9485198582152703,2.0824195032346404,0.00010256263953376916,0.001,6339.899780988692,19748.231897592545,21668.231897592545,0.9017505960512294,0.7849356312292359,0.46685586869716644,1.1061197519302368,2.2753671979575616,1.6103249406157956,0.07312983061195322,-0.016984096267850024,70.07068252563477
20,0.574867238426707,0.8609027592046142,5.912106498071463,0.0007142694593742827,0.01,5644.511974453925,15189.57849919796,17109.57849919796,0.8960265858502192,0.7809007966765703,0.26323769241571426,0.5615569353103638,2.5556859592623318,1.8087123890490824,0.28708720509804464,0.1969732782182415,66.92999410629272
21,1.7005587091185335,0.42221358031728096,4.785036869507618,0.00046917311500816253,0.05,4876.799999999999,10156.8,12076.8,0.8482800882857994,0.5335184182015168,0.0,0.0,2.9580052493438322,2.0934421625514092,0.5232973268058416,0.4331833999260385,90.66548442840576
22,1.548328286899149,0.552699976611151,4.1997867217682145,0.00035552430526849627,0.05,5037.013478851318,11207.088361358641,13127.088361358641,0.8478050689478217,0.5347043701799485,0.0,0.17384275048971176,2.8639192768826445,2.0268555526396814,0.474002738994289,0.383888812114486,62.7223379611969
23,1.1354703174188465,0.6292715177471121,6.100804315461812,0.0007865635082216282,0.01,5656.760113692283,15269.871856427191,17189.87185642719,0.894719392298526,0.7521299041209305,0.244253508746624,0.5944244563579559,2.5501523327960456,1.8047961258988041,0.2833186896176858,0.19320476273788267,71.86254835128784
24,1.7877208507341191,0.4138052763765508,17.404193698148866,0.0005864478002604532,0.05,5026.583824539184,11138.71618309021,13058.71618309021,0.8481008807794082,0.533829751226942,0.0,0.16252585127949715,2.8698616204460645,2.031061073425281,0.47721174184485904,0.3870978149650559,44.97666382789612
25,0.7540263612398701,0.8323937945524253,3.3262650436250216,0.00047843846023231876,0.05,5381.1531229019165,13463.114916801453,15383.114916801453,0.8950291361198413,0.7254285126275247,0.09524041414260864,0.449041485786438,2.680763708173509,1.8972325271474715,0.36811762854842056,0.27800370166861743,82.23639035224915
26,1.359153907099449,0.7429665474917958,6.243276938992309,0.0007074253379128792,0.01,5840.210424542426,16472.490560889244,18392.490560889244,0.9144561125493237,0.7870530968499972,0.32627711445093155,0.7088939398527145,2.470047986521004,1.7481046051744957,0.226874578160302,0.13676065128049886,64.08506083488464
27,0.9973747184018267,0.6555030690146029,16.61988847579272,0.0003240281137357347,0.05,4943.808696609734,10596.079233330487,12516.079233330487,0.8436284045175921,0.6943637941871951,0.03463524766266346,0.03699149005115032,2.917912258597809,2.065067514714281,0.5026800472682584,0.4125661203884554,74.05368232727051
28,0.9095014563551207,0.6717098588946807,16.676495333264363,0.00023597237028484254,0.01,5980.006786537169,17388.933378410336,19308.933378410336,0.8980208200013325,0.640467072634817,0.3514779210090637,0.8345943689346313,2.412304954649291,1.707238654196008,0.18386194219800178,0.09374801531819865,78.9745135307312
29,0.5296358077536284,0.870520127443184,12.881069174917949,0.00033770374888191754,0.05,5466.002232098578,14019.347965979574,15939.347965979574,0.8911098354584812,0.6902489689014661,0.13026127964258194,0.5049933940172195,2.6391500382650843,1.8677816628719206,0.3420111992141668,0.25189727233436365,75.06054615974426
30,0.6265470809143274,0.6056815925007555,10.081894091442571,0.00019172484047830454,0.001,6485.71248178482,20704.115158367156,22624.115158367156,0.8984933286764365,0.7915497349547864,0.6255958378314972,1.100636065006256,2.224212072384402,1.5741213886683407,0.028266083597853653,-0.06184784328194959,75.89693212509155
31,0.45283860739191617,0.8873455723717277,15.701569777747668,0.0004049257134508461,0.01,5840.161633014678,16472.17070531845,18392.17070531845,0.9082107163745821,0.7421150278293135,0.3824407160282135,0.6509222835302353,2.4700686224935073,1.7481192096837044,0.22688959036942624,0.1367756634896231,81.15624594688416
32,0.9713827894062266,0.9431498160958747,19.18935566313659,0.0002972573387957519,0.0,5900.980868768692,16870.874584150315,18790.874584150315,0.8974531186516592,0.7271362153108666,0.4700316935777664,0.6265871822834015,2.4446105352329446,1.7301019890377989,0.2081766881903906,0.11806276131058746,67.67557430267334
33,0.809345092113785,0.7649932881916148,13.638742942905548,0.0007573165910200768,0.1,5170.473870465158,12081.995373049376,14001.995373049376,0.8624497131633344,0.7679846470804053,0.034124708734452724,0.2834654375910759,2.789995726001456,1.9745383100470517,0.4329395585369318,0.34282563165712865,71.9731056690216
34,0.8239186269764184,0.7455078529544885,13.428424752308091,0.0009585676251114526,0.1,4881.715456506464,10189.023548209043,12109.023548209043,0.8474919035340573,0.5342581627474201,2.6718042136053555e-05,0.005306058679707348,2.9550267991906867,2.0913342511029644,0.5217849359375513,0.43167100905774813,36.91269898414612
35,1.3778220873753262,0.7584835467366204,16.018050326956093,0.0006895161721144386,0.1,4929.824717903137,10504.406484031677,12424.406484031677,0.847834698187054,0.5342085673682073,0.0,0.057535501196980476,2.9261892309501456,2.070925301107492,0.5069826469699166,0.41686872009011344,42.84538531303406
36,1.039152461447379,0.32055407597599983,13.797289227450195,0.0007965228616078156,0.1,5061.233532714843,11365.86427001953,13285.86427001953,0.8480763849967621,0.5337169939065673,0.0,0.20012319087982178,2.8502142623444833,2.017156227299089,0.46655069700296525,0.3764367701231621,42.020975828170776
37,0.8282947342240562,0.7725960145989079,12.09266376516702,0.0005875433730013615,0.1,5065.856116010248,11396.16787162274,13316.16787162274,0.8570455022500879,0.5946717720738554,0.014166336972266436,0.1905299797654152,2.8476134476873516,2.0153155763869823,0.4651284175555349,0.3750144906757318,54.333314180374146
38,0.7082430823009909,0.5208030478152158,18.247370678792798,0.0007187342131486607,0.1,5053.485605961084,11315.072305744885,13235.072305744885,0.8488427170499131,0.5357227387996619,0.020627053454518318,0.17044450342655182,2.8545841672099717,2.0202489003407544,0.4689345841668856,0.3788206572870825,60.63038086891174
39,1.1022820308520087,0.7275092624398366,10.726740212393752,0.0005382696045706551,0.1,4930.317600597347,10507.637603915948,12427.637603915948,0.8479534255227952,0.5397424661228343,0.000892527139512822,0.057149894535541534,2.925896700499015,2.0707182711908403,0.5068309965006503,0.4167170696208473,46.04318690299988
