unit,neuron,rate_normal,rate_attack,p_holm,cliffs_delta
s0_f0,0,0.33,0.08866667,7.001632401672336e-85,-0.44695799999999997
s0_f0,1,0.293,0.278,0.4801839397873269,-0.02814300000000003
s0_f0,2,0.21066667,0.38333333,3.012444134636444e-25,0.25875800000000004
s0_f0,3,0.23966666,0.165,3.685524269742604e-23,-0.229792
s0_f0,4,0.29166666,0.36699998,0.006727654844241811,0.08087
s0_f0,5,0.37066665,0.15466666,3.3185318909081693e-44,-0.336352
s0_f0,6,0.235,0.20333333,8.842821187174636e-05,-0.10398399999999997
s0_f0,7,0.298,0.309,0.13978074634456752,-0.05442400000000003
s0_f0,8,0.341,0.318,0.12772536151240083,-0.05859899999999996
s0_f0,9,0.35266665,0.43533334,5.9303604520353675e-05,0.1126640000000001
s0_f0,10,0.284,0.30933332,0.4801839397873269,-0.01789200000000002
s0_f0,11,0.31,0.36666667,0.0005656821154996539,0.09935999999999989
s0_f0,12,0.32366666,0.25533333,3.3992563445656387e-10,-0.16149800000000003
s0_f0,13,0.29166666,0.156,5.897263472562241e-30,-0.274177
s0_f0,14,0.14066666,0.18233334,0.21313331376383396,-0.03764299999999998
s0_f0,15,0.299,0.21033333,1.3482652422678806e-13,-0.18652000000000002
s0_f0,16,0.28633335,0.25433335,1.0567846714364634e-10,-0.163045
s0_f0,17,0.17866667,0.37333333,1.3104255896884755e-28,0.26550000000000007
s0_f0,18,0.27666667,0.39933333,2.6286251182140654e-09,0.15681600000000007
s0_f0,19,0.47966668,0.42266667,0.0032313219266326782,-0.08865500000000004
s0_f0,20,0.41766667,0.34866667,3.7066986274161557e-07,-0.138297
s0_f0,21,0.39666668,0.08533334,2.1689129623450365e-131,-0.5682940000000001
s0_f0,22,0.32733333,0.17366667,6.026601390597038e-47,-0.34323800000000004
s0_f0,23,0.35766664,0.39900002,0.21313331376383396,0.04779200000000006
s0_f0,24,0.23033333,0.37433335,1.4104682993895198e-13,0.18819600000000003
s0_f0,25,0.253,0.27066666,0.12772536151240083,0.05716999999999994
s0_f0,26,0.36600003,0.34233332,0.04733390757324641,-0.06858799999999998
s0_f0,27,0.303,0.43400002,5.1858220384597375e-14,0.1955499999999999
s0_f0,28,0.364,0.33,1.9039866109181134e-06,-0.12982400000000005
s0_f0,29,0.271,0.36866665,0.15173702838948092,0.05217999999999989
s0_f0,30,0.50733334,0.175,3.2967494111805326e-78,-0.44282
s0_f0,31,0.337,0.31,2.3571252003417553e-09,-0.15681100000000003
s0_f1,0,0.43499997,0.33433333,2.509895875191786e-13,-0.18963200000000002
s0_f1,1,0.46433333,0.44533333,0.0655249242186241,-0.06573600000000002
s0_f1,2,0.28166667,0.36566666,1.0,0.030969000000000024
s0_f1,3,0.39400002,0.20066667,1.0263228167382188e-64,-0.414768
s0_f1,4,0.55266666,0.49733332,0.10140776423607377,-0.06102399999999997
s0_f1,5,0.39033332,0.58066666,1.9099311328247954e-23,0.256475
s0_f1,6,0.39133334,0.6016666,2.1605761298274677e-49,0.367397
s0_f1,7,0.40199998,0.39366665,1.0,-0.03276199999999996
s0_f1,8,0.23033333,0.38766667,1.0729275417981472e-14,0.1962489999999999
s0_f1,9,0.34066665,0.27966666,1.8571761245441114e-17,-0.21514500000000003
s0_f1,10,0.34800002,0.39966667,1.0,0.0027639999999999887
s0_f1,11,0.35666668,0.489,2.0346449427237243e-11,0.17649500000000007
s0_f1,12,0.37633333,0.35300002,2.4473429435187994e-07,-0.13855099999999998
s0_f1,13,0.34533334,0.227,1.684541874402326e-24,-0.24792999999999998
s0_f1,14,0.33533335,0.424,0.0006294215072691954,0.09820000000000007
s0_f1,15,0.39,0.405,1.0,-0.03004499999999999
s0_f1,16,0.31266668,0.24000001,7.547140095724981e-17,-0.20905200000000002
s0_f1,17,0.26566666,0.377,6.84959879828852e-10,0.158914
s0_f1,18,0.34933332,0.454,0.00037871638557089175,0.1027039999999999
s0_f1,19,0.29966667,0.32299998,1.0,-0.034636
s0_f1,20,0.3676667,0.48666668,2.3365051906852387e-08,0.1500269999999999
s0_f1,21,0.22899999,0.271,1.0,-0.029220000000000024
s0_f1,22,0.283,0.3906667,0.00017496017333074108,0.10610199999999992
s0_f1,23,0.120000005,0.393,1.4731116493699892e-61,0.367467
s0_f1,24,0.22233333,0.083,8.67940873098613e-39,-0.279115
s0_f1,25,0.128,0.31166667,8.17113694482265e-26,0.239128
s0_f1,26,0.299,0.317,1.0,-0.02382200000000001
s0_f1,27,0.21499999,0.40166667,1.4892491974048896e-30,0.2859670000000001
s0_f1,28,0.20866667,0.53433335,9.024457360403952e-85,0.48603799999999997
s0_f1,29,0.405,0.579,7.679439177562719e-26,0.2696799999999999
s0_f1,30,0.090666674,0.47033334,3.32297640261028e-148,0.6140939999999999
s0_f1,31,0.071666665,0.26266667,1.271377978060092e-32,0.24281799999999998
s0_f2,0,0.0,0.357,1.914907174778223e-141,0.498
s0_f2,1,0.17733334,0.22533333,1.0,0.015940000000000065
s0_f2,2,0.49199998,0.27366665,1.9889421413139907e-75,-0.453897
s0_f2,3,0.23133333,0.35033333,0.03254755458993863,0.06629700000000005
s0_f2,4,0.4443333,0.326,2.471222171637816e-28,-0.272559
s0_f2,5,0.32333335,0.7383333,6.084858268147207e-163,0.6762159999999999
s0_f2,6,0.34,0.25933334,1.0063266168781243e-07,-0.13593200000000005
s0_f2,7,0.5086667,0.403,7.731693863534374e-11,-0.16706900000000002
s0_f2,8,0.36333334,0.40966666,0.02634814573536181,0.0693649999999999
s0_f2,9,0.15766667,0.30266666,9.4898482706165e-09,0.14333200000000001
s0_f2,10,0.0,0.465,1.9405372070502073e-235,0.7290000000000001
s0_f2,11,0.48099998,0.295,1.397308776857079e-64,-0.41686199999999995
s0_f2,12,0.0,0.319,3.622131868094418e-111,0.4099999999999999
s0_f2,13,0.33933333,0.40366665,0.006583420688588413,0.08296100000000006
s0_f2,14,0.0,0.33066666,1.2185476420196618e-130,0.46799999999999997
s0_f2,15,0.317,0.208,1.9832940205687136e-85,-0.453306
s0_f2,16,0.328,0.34233332,1.0,0.016310999999999964
s0_f2,17,0.33866668,0.18966667,9.063533195309267e-25,-0.24269600000000002
s0_f2,18,0.15100001,0.37533334,1.798750284871019e-53,0.37035299999999993
s0_f2,19,0.27033332,0.29566666,0.38662368833234134,-0.040053000000000005
s0_f2,20,0.15933333,0.43766665,1.9513800648902863e-57,0.389502
s0_f2,21,0.504,0.41199997,1.6850620434843838e-10,-0.16727999999999998
s0_f2,22,0.333,0.38366666,0.010063722331891694,-0.06828000000000001
s0_f2,23,0.34833333,0.536,6.692055553711642e-32,0.2889409999999999
s0_f2,24,0.38399997,0.27366665,2.6312349837013235e-43,-0.33048
s0_f2,25,0.33533335,0.48000002,3.204872985424095e-19,0.21633600000000008
s0_f2,26,0.31866667,0.14066666,6.196357819258172e-35,-0.26882799999999996
s0_f2,27,0.2986667,0.47266665,1.510862117903774e-21,0.24250400000000005
s0_f2,28,0.462,0.49566665,0.24777095678606276,0.04868399999999995
s0_f2,29,0.17199999,0.32366666,7.40511011415438e-20,0.22055200000000008
s0_f2,30,0.17566667,0.26333335,1.0,-0.0005739999999999634
s0_f2,31,0.656,0.16533333,4.6092237024579115e-304,-0.866064
s0_f3,0,0.42133334,0.41833332,0.21335505913220082,-0.04007000000000005
s0_f3,1,0.44500002,0.57133335,7.019738060328445e-16,0.20800200000000002
s0_f3,2,0.5556667,0.66366667,1.4695147521183972e-06,0.12764700000000007
s0_f3,3,0.16900001,0.24533333,0.20516708679904544,0.03861800000000004
s0_f3,4,0.63266665,0.42866668,2.278584569278329e-30,-0.291786
s0_f3,5,0.555,0.31866667,1.780117721657539e-31,-0.289729
s0_f3,6,0.15066667,0.347,1.548718406999905e-23,0.23588699999999996
s0_f3,7,0.228,0.55399996,3.6686914842035995e-72,0.4476960000000001
s0_f3,8,0.33566666,0.61266667,3.0590635083069885e-85,0.48660900000000007
s0_f3,9,0.09466667,0.19566667,8.209528049357803e-17,0.17759100000000005
s0_f3,10,0.116333336,0.358,7.129616243400639e-56,0.36184700000000003
s0_f3,11,0.392,0.5416667,9.685600382095535e-21,0.2388840000000001
s0_f3,12,0.12666667,0.27533332,4.929034944747626e-09,0.137648
s0_f3,13,0.20099999,0.30266666,4.142787634010144e-08,0.132984
s0_f3,14,0.20533334,0.33833334,6.004198199231287e-11,0.15962600000000005
s0_f3,15,0.32299998,0.54433334,8.808845954380374e-41,0.33753199999999994
s0_f3,16,0.19166666,0.35066667,1.0016372431870986e-22,0.238421
s0_f3,17,0.23666666,0.41933334,1.391857223376818e-18,0.21656199999999992
s0_f3,18,0.635,0.5836667,0.7136213973131627,-0.008600000000000052
s0_f3,19,0.271,0.37533334,4.682807813756998e-05,0.10887000000000002
s0_f3,20,0.512,0.53966665,0.022991131829430522,0.06800899999999999
s0_f3,21,0.29133335,0.40199998,1.4446217972469491e-05,0.1123400000000001
s0_f3,22,0.38366666,0.5516667,1.523988491564331e-26,0.270656
s0_f3,23,0.313,0.218,8.5360164923537e-21,-0.22958999999999996
s0_f3,24,0.179,0.39,1.0134857028290733e-41,0.33099900000000004
s0_f3,25,0.49066666,0.43266666,0.004124814451296593,-0.08224600000000004
s0_f3,26,0.20233333,0.50666666,7.973543854472745e-59,0.389054
s0_f3,27,0.36866665,0.49433336,3.257001852796959e-12,0.18155600000000005
s0_f3,28,0.133,0.31066665,1.2530622824510408e-29,0.2580579999999999
s0_f3,29,0.120000005,0.30033335,4.154605966169138e-21,0.214051
s0_f3,30,0.18166667,0.30966666,1.5592550884850098e-06,0.11986999999999992
s0_f3,31,0.067999996,0.34966668,3.75006158452371e-81,0.4105049999999999
s0_f4,0,0.22133332,0.214,0.00014540241525986858,-0.09482599999999997
s0_f4,1,0.36066666,0.59666663,1.108280492706189e-49,0.3728959999999999
s0_f4,2,0.39333332,0.33366668,9.798139973085738e-09,-0.15230999999999995
s0_f4,3,0.264,0.43566668,3.792616644438952e-14,0.19096099999999994
s0_f4,4,0.37633333,0.446,0.008620363728185896,0.08156600000000003
s0_f4,5,0.19566667,0.22166668,0.5990623767967078,0.025978999999999974
s0_f4,6,0.37233332,0.647,4.678780796773297e-57,0.39997400000000005
s0_f4,7,0.37399998,0.41766667,0.5935790395779619,0.035759000000000096
s0_f4,8,0.42433333,0.22566666,4.727956705618015e-46,-0.34894000000000003
s0_f4,9,0.5133333,0.43400002,1.6295983678429218e-05,-0.12042399999999998
s0_f4,10,0.36833334,0.509,1.8506320582960347e-15,0.20673699999999995
s0_f4,11,0.43499997,0.56866664,5.2979813975899604e-15,0.20263199999999992
s0_f4,12,0.25533333,0.37633333,1.5534475853822164e-05,0.11819200000000007
s0_f4,13,0.193,0.5136667,7.52439335909693e-76,0.4528129999999999
s0_f4,14,0.44000003,0.45166668,1.0,-0.009962000000000026
s0_f4,15,0.233,0.276,1.0,-0.011252999999999957
s0_f4,16,0.34399998,0.49033332,1.8506320582960347e-15,0.20541199999999993
s0_f4,17,0.13166668,0.48533332,6.872624632228786e-107,0.5310330000000001
s0_f4,18,0.29999998,0.193,1.5627158019336945e-28,-0.261285
s0_f4,19,0.349,0.43766665,8.383537180181943e-06,0.12264300000000006
s0_f4,20,0.324,0.624,5.125815943313613e-69,0.4359900000000001
s0_f4,21,0.431,0.39266667,0.20447797126247524,-0.05319099999999999
s0_f4,22,0.13666667,0.414,9.86842379071086e-43,0.32475600000000004
s0_f4,23,0.32533333,0.53433335,1.5114603770857356e-30,0.2886139999999999
s0_f4,24,0.213,0.23900001,0.13446804597844972,-0.05405000000000004
s0_f4,25,0.18233334,0.31733334,8.289680791168651e-05,0.10466299999999995
s0_f4,26,0.34633335,0.35099998,0.31644986406471504,-0.04520000000000002
s0_f4,27,0.44133332,0.23566668,1.2482660592540282e-37,-0.309407
s0_f4,28,0.334,0.41166666,0.20447797126247524,0.05276499999999995
s0_f4,29,0.3363333,0.654,7.52439335909693e-76,0.464599
s0_f4,30,0.312,0.564,5.002417078243354e-45,0.3567
s0_f4,31,0.28433332,0.53033334,1.6922486116133123e-40,0.33503499999999997
s0_f5,0,0.3446667,0.35666668,0.031477450465996745,-0.07148399999999999
s0_f5,1,0.459,0.244,5.551461114005335e-62,-0.41324000000000005
s0_f5,2,0.44933334,0.284,1.741022979962538e-38,-0.324056
s0_f5,3,0.21499999,0.268,0.054400934808379896,-0.06186999999999998
s0_f5,4,0.4843333,0.47766665,1.0,-0.015696000000000043
s0_f5,5,0.29333332,0.40600002,0.0008382262097596313,0.09637999999999991
s0_f5,6,0.34399998,0.3726667,1.0,-0.024727999999999972
s0_f5,7,0.40233335,0.533,5.902200838397876e-15,0.20338100000000003
s0_f5,8,0.24766666,0.41700003,4.079221668256881e-17,0.2147460000000001
s0_f5,9,0.40633333,0.34733334,2.0037599940904075e-08,-0.14999700000000005
s0_f5,10,0.398,0.35266665,2.6039612089596516e-05,-0.11768400000000001
s0_f5,11,0.31933334,0.13833334,3.916690244513569e-95,-0.489549
s0_f5,12,0.23333333,0.42266667,5.605947576022427e-16,0.20620799999999995
s0_f5,13,0.436,0.32299998,5.605947576022427e-16,-0.20603099999999996
s0_f5,14,0.39833334,0.36066666,4.0334195345371e-05,-0.11438499999999996
s0_f5,15,0.29566666,0.335,1.0,0.016034000000000104
s0_f5,16,0.30966666,0.38833332,0.054400934808379896,0.06638199999999994
s0_f5,17,0.26266667,0.30466667,1.0,-0.0010980000000000434
s0_f5,18,0.38900003,0.49066666,4.19306282526321e-07,0.13821400000000006
s0_f5,19,0.39533332,0.3396667,2.784667037701226e-13,-0.18816999999999995
s0_f5,20,0.26,0.4613333,1.1350826378701991e-24,0.25870400000000005
s0_f5,21,0.40033332,0.47599998,5.4286906336554406e-05,0.11388799999999999
s0_f5,22,0.24733333,0.10433333,2.4190225771106044e-34,-0.280891
s0_f5,23,0.37399998,0.20333333,1.538961887953639e-57,-0.39174600000000004
s0_f5,24,0.262,0.27433333,1.0,-0.026815000000000033
s0_f5,25,0.359,0.36699998,1.0,-0.023765000000000036
s0_f5,26,0.17866667,0.36433336,2.3326025456781596e-17,0.20825399999999994
s0_f5,27,0.3773333,0.293,6.524997121274646e-15,-0.20002699999999995
s0_f5,28,0.195,0.36,1.1814063089156796e-14,0.1935229999999999
s0_f5,29,0.35133335,0.132,6.295378195532978e-93,-0.49068199999999995
s0_f5,30,0.48633334,0.43266666,7.480144195234885e-05,-0.11149799999999999
s0_f5,31,0.37233332,0.21100001,1.7411252043976168e-59,-0.39553400000000005
s0_f6,0,0.163,0.27966666,0.023905317928661608,0.06678099999999998
s0_f6,1,0.22266667,0.43400002,1.7896538428310581e-26,0.2558640000000001
s0_f6,2,0.31266668,0.357,0.8485551686815562,0.026291000000000064
s0_f6,3,0.23233335,0.20433332,0.0003271221633437023,-0.096522
s0_f6,4,0.31399998,0.34133336,1.0,0.007076000000000082
s0_f6,5,0.42033336,0.44000003,1.0,0.006891999999999898
s0_f6,6,0.341,0.335,0.0003271221633437023,-0.10358900000000004
s0_f6,7,0.43633333,0.20266666,4.061383502916463e-68,-0.42788000000000004
s0_f6,8,0.34233332,0.39900002,0.09215648835895107,0.05817399999999995
s0_f6,9,0.213,0.45299998,1.037954380384721e-34,0.305785
s0_f6,10,0.375,0.176,2.2230255320049113e-66,-0.418635
s0_f6,11,0.349,0.32866666,0.0003271221633437023,-0.10299999999999998
s0_f6,12,0.27333334,0.24599999,2.434279621657188e-05,-0.11482599999999998
s0_f6,13,0.342,0.29166666,3.6084651776848613e-06,-0.12665000000000004
s0_f6,14,0.17666666,0.4283333,1.0386300328659966e-46,0.347048
s0_f6,15,0.21366666,0.43766665,6.842851670169014e-36,0.3100560000000001
s0_f6,16,0.27,0.39266667,4.034526711074984e-10,0.16315999999999997
s0_f6,17,0.12466667,0.17799999,0.10204424987830261,0.048324000000000034
s0_f6,18,0.26066667,0.208,1.898005088468453e-14,-0.188488
s0_f6,19,0.24366666,0.326,0.001801587161648301,0.08805200000000002
s0_f6,20,0.32,0.13133334,4.6896193628889237e-66,-0.401092
s0_f6,21,0.20566666,0.30866668,5.851546674207642e-05,0.10773300000000008
s0_f6,22,0.23633333,0.23799999,0.005877962096761155,-0.07953500000000002
s0_f6,23,0.23166667,0.15333334,5.009345298014263e-14,-0.18164899999999995
s0_f6,24,0.258,0.47300002,1.8355381781308546e-31,0.29422499999999996
s0_f6,25,0.23566668,0.17633332,9.127484524256384e-14,-0.17844899999999997
s0_f6,26,0.39,0.271,5.9363470435309355e-33,-0.29918500000000003
s0_f6,27,0.5043333,0.45833334,0.010504332223687598,-0.08000499999999999
s0_f6,28,0.12033334,0.306,1.881995957891134e-23,0.23041500000000004
s0_f6,29,0.25866666,0.35766664,2.3857315254319474e-09,0.156258
s0_f6,30,0.3396667,0.41266668,0.07281595447466234,0.06190899999999999
s0_f6,31,0.35166666,0.32166666,0.00456348381719491,-0.08582800000000002
s0_f7,0,0.25733334,0.31966665,0.003744384076279073,0.08506499999999995
s0_f7,1,0.25933334,0.24533333,0.36739125225810526,-0.04447599999999996
s0_f7,2,0.36133334,0.34266666,1.0,-0.02494799999999997
s0_f7,3,0.36166668,0.329,0.08342711689041479,-0.06173099999999998
s0_f7,4,0.32166666,0.401,0.0024379475531594837,0.09105600000000003
s0_f7,5,0.21933334,0.15066667,9.516544460991347e-07,-0.11253400000000002
s0_f7,6,0.37566665,0.18366666,3.030252788595143e-50,-0.36240700000000003
s0_f7,7,0.26066667,0.146,1.3691272336527294e-11,-0.15203199999999994
s0_f7,8,0.36600003,0.46233332,1.415252294071674e-05,0.12091399999999997
s0_f7,9,0.28800002,0.309,1.0,-0.013672000000000017
s0_f7,10,0.35166666,0.26500002,3.7156663593575905e-21,-0.23778699999999997
s0_f7,11,0.25233334,0.45533335,1.5413904587676305e-29,0.2842100000000001
s0_f7,12,0.433,0.28433332,5.471782853471182e-27,-0.27142299999999997
s0_f7,13,0.33433333,0.237,6.704613256811688e-18,-0.21621100000000004
s0_f7,14,0.33566666,0.47066665,9.114989166614022e-11,0.1712070000000001
s0_f7,15,0.26833335,0.213,0.017785736517804185,-0.06785699999999995
s0_f7,16,0.30966666,0.22233333,4.3250728930258776e-14,-0.18534899999999999
s0_f7,17,0.14433333,0.43866667,1.9365390658755494e-63,0.3888020000000001
s0_f7,18,0.37633333,0.321,6.904120246751967e-09,-0.15364
s0_f7,19,0.25733334,0.27566668,0.01078719234182517,-0.07660699999999998
s0_f7,20,0.40933335,0.15733333,3.499542193482459e-64,-0.401386
s0_f7,21,0.437,0.36633334,1.2361181281088292e-07,-0.14311799999999997
s0_f7,22,0.25366667,0.335,1.0,0.008258000000000099
s0_f7,23,0.33800003,0.24800001,4.3250728930258776e-14,-0.18950999999999996
s0_f7,24,0.253,0.5186667,8.173689072231547e-27,0.26819799999999994
s0_f7,25,0.244,0.37,3.916996388676099e-11,0.1688559999999999
s0_f7,26,0.249,0.3363333,0.00662388050449673,0.07910700000000004
s0_f7,27,0.33233333,0.173,2.7658297983066776e-29,-0.27259900000000004
s0_f7,28,0.33566666,0.38066664,0.46175693667885814,0.04097799999999996
s0_f7,29,0.25466666,0.36099997,6.904120246751967e-09,0.15194599999999991
s0_f7,30,0.11366666,0.256,7.963804669581547e-15,0.1623810000000001
s0_f7,31,0.34633335,0.386,1.0,0.0252730000000001
s0_f8,0,0.33466664,0.33166668,3.404310103279832e-05,-0.11544100000000002
s0_f8,1,0.322,0.31166667,1.271394614333939e-05,-0.12064399999999997
s0_f8,2,0.319,0.313,0.12347359894560425,-0.054935999999999985
s0_f8,3,0.14466666,0.28266665,7.660701854868014e-05,0.10322399999999998
s0_f8,4,0.48633334,0.43833336,0.1558942442915014,-0.05508400000000002
s0_f8,5,0.301,0.29766667,0.2228203086236338,-0.04827800000000004
s0_f8,6,0.15033333,0.50033337,1.9121659537562588e-98,0.5153490000000001
s0_f8,7,0.163,0.52500004,1.3833514572092952e-95,0.510834
s0_f8,8,0.35500002,0.404,1.0,0.019989999999999952
s0_f8,9,0.104,0.154,0.009409800912825741,0.06710400000000005
s0_f8,10,0.17266667,0.44500002,1.097156647208321e-59,0.398644
s0_f8,11,0.268,0.312,1.0,-0.009448000000000012
s0_f8,12,0.38833332,0.45833334,0.11595245238105957,0.061438000000000104
s0_f8,13,0.11466667,0.35866666,5.187092194682938e-33,0.2699800000000001
s0_f8,14,0.375,0.46300003,7.660701854868014e-05,0.11277000000000004
s0_f8,15,0.316,0.26933333,1.9110838362065486e-12,-0.17703400000000002
s0_f8,16,0.282,0.28666666,0.0006254740784496362,-0.09590600000000005
s0_f8,17,0.35633335,0.513,2.3971825208267893e-15,0.20677999999999996
s0_f8,18,0.254,0.17666666,5.771802156187883e-08,-0.12406399999999995
s0_f8,19,0.29966667,0.55066663,1.8349431578737733e-37,0.3236049999999999
s0_f8,20,0.26266667,0.45433334,8.854163123090807e-32,0.2955350000000001
s0_f8,21,0.39400002,0.5143333,2.9440862614863183e-08,0.15078199999999997
s0_f8,22,0.31866667,0.3796667,1.0,0.027582999999999913
s0_f8,23,0.34866667,0.259,1.7693597280867986e-21,-0.239132
s0_f8,24,0.36466667,0.5706667,8.116708048386802e-44,0.3494839999999999
s0_f8,25,0.38433334,0.41933334,1.0,0.012286999999999937
s0_f8,26,0.48966667,0.45833334,0.11595245238105957,-0.06130100000000005
s0_f8,27,0.09266666,0.36466667,2.5358055468812537e-50,0.3275760000000001
s0_f8,28,0.205,0.49233332,1.3314146866244046e-54,0.38630699999999996
s0_f8,29,0.369,0.43533334,0.01739518986247569,0.07717799999999997
s0_f8,30,0.297,0.46,2.768906978345208e-12,0.18250199999999994
s0_f8,31,0.30866668,0.39933333,6.634040163974362e-05,0.11214799999999991
s0_f9,0,0.32133332,0.41733333,7.4004692851354516e-06,0.12230600000000003
s0_f9,1,0.33033332,0.19366665,2.3783521797750034e-44,-0.33857000000000004
s0_f9,2,0.31100002,0.3773333,1.0,0.01519500000000007
s0_f9,3,0.27733335,0.40733334,1.6654275269185822e-10,0.16784599999999994
s0_f9,4,0.29133335,0.38666666,3.6615645873355256e-07,0.13560799999999995
s0_f9,5,0.30033335,0.218,2.1266359121375198e-10,-0.15568800000000005
s0_f9,6,0.357,0.415,0.07064116322333075,0.061503000000000085
s0_f9,7,0.2616667,0.41566667,1.9673178311204686e-12,0.18223600000000006
s0_f9,8,0.31133333,0.396,0.00028347842458679377,0.1026959999999999
s0_f9,9,0.34399998,0.37133333,1.0,0.0018579999999999153
s0_f9,10,0.262,0.25433335,0.0005665862826180473,-0.09541299999999997
s0_f9,11,0.341,0.27866668,5.986703530672134e-12,-0.17663399999999996
s0_f9,12,0.326,0.33266667,0.5622914594495668,-0.03586400000000001
s0_f9,13,0.25666666,0.09533334,4.726314166273846e-34,-0.266366
s0_f9,14,0.17233334,0.34800002,2.9469286367249803e-28,0.2629060000000001
s0_f9,15,0.506,0.29333332,9.674768106232633e-46,-0.357676
s0_f9,16,0.25033334,0.37399998,2.7298255368562558e-11,0.17088100000000006
s0_f9,17,0.267,0.24233334,5.684637144136777e-06,-0.11768
s0_f9,18,0.17333333,0.32866666,9.307230204923327e-15,0.19123599999999996
s0_f9,19,0.16866666,0.22500001,1.0,-0.001631000000000049
s0_f9,20,0.40699998,0.3263333,1.6654275269185822e-10,-0.167501
s0_f9,21,0.18533333,0.20433332,0.008555075235975524,-0.06900700000000004
s0_f9,22,0.40433335,0.357,2.811278677466378e-06,-0.12868100000000005
s0_f9,23,0.16966666,0.32299998,2.6474810222587564e-19,0.20402900000000002
s0_f9,24,0.44500002,0.60733336,2.76163135061408e-21,0.24404599999999999
s0_f9,25,0.21433334,0.321,2.8276218091357638e-06,0.12260599999999999
s0_f9,26,0.36233333,0.41766667,0.20392101553244857,0.050705
s0_f9,27,0.29433334,0.437,1.6654275269185822e-10,0.16818599999999995
s0_f9,28,0.29133335,0.27133334,7.150487122351217e-07,-0.13140799999999997
s0_f9,29,0.154,0.254,1.4063110789450754e-08,0.1363700000000001
s0_f9,30,0.41633332,0.37333333,0.002323283374372072,-0.08927700000000005
s0_f9,31,0.36966667,0.26500002,1.4947421528778475e-15,-0.20177199999999995
s1_f0,0,0.41733333,0.24366666,1.111745052679749e-43,-0.34049799999999997
s1_f0,1,0.41233334,0.44933334,1.0,0.03283900000000006
s1_f0,2,0.22166668,0.29266667,1.0,-0.018469999999999986
s1_f0,3,0.32533333,0.27266666,3.2368873416821023e-10,-0.16145600000000004
s1_f0,4,0.19866668,0.32266667,9.95020969743896e-06,0.11335399999999995
s1_f0,5,0.28466666,0.322,1.0,-0.02061400000000002
s1_f0,6,0.27033332,0.4053333,1.138097464356924e-10,0.1665620000000001
s1_f0,7,0.35166666,0.459,9.368545808589291e-06,0.12411799999999995
s1_f0,8,0.26133332,0.58,2.00662864966442e-66,0.43128199999999994
s1_f0,9,0.38466668,0.29366666,8.378362326348636e-16,-0.20614500000000002
s1_f0,10,0.346,0.462,8.774259770657712e-05,0.10968800000000001
s1_f0,11,0.24933334,0.292,1.0,0.000204000000000093
s1_f0,12,0.07733333,0.24000001,2.0066144885724877e-29,0.2340040000000001
s1_f0,13,0.336,0.438,1.267152831628793e-05,0.12017600000000006
s1_f0,14,0.41666666,0.40699998,1.0,-0.024449999999999972
s1_f0,15,0.38633335,0.401,1.0,-0.023638999999999966
s1_f0,16,0.275,0.37333333,0.0074881271457498625,0.08217600000000003
s1_f0,17,0.42133334,0.283,9.990312008282623e-26,-0.26337999999999995
s1_f0,18,0.21566667,0.409,6.549305202031869e-32,0.2925549999999999
s1_f0,19,0.247,0.25866666,1.0,-0.017604999999999982
s1_f0,20,0.33833334,0.36600003,1.0,-0.03211699999999995
s1_f0,21,0.087000005,0.14666666,3.1329408600364045e-05,0.08896100000000007
s1_f0,22,0.42766666,0.37666667,3.461219469216302e-08,-0.14698999999999995
s1_f0,23,0.386,0.30533335,4.81767032855135e-18,-0.22128000000000003
s1_f0,24,0.30866668,0.49,4.643751786702704e-22,0.24751199999999995
s1_f0,25,0.46166667,0.46,1.0,-0.00936899999999996
s1_f0,26,0.046666667,0.34,7.328730294872129e-105,0.471546
s1_f0,27,0.27533332,0.41066667,1.592285851314148e-16,0.21122799999999997
s1_f0,28,0.34633335,0.46866667,1.1202699005365615e-09,0.1623810000000001
s1_f0,29,0.25866666,0.497,3.932387474575589e-43,0.346406
s1_f0,30,0.25333333,0.25100002,0.000619531591993077,-0.09298499999999998
s1_f0,31,0.35633335,0.254,2.331001109731796e-13,-0.17909799999999998
s1_f1,0,0.22000001,0.54766667,4.609874659600931e-61,0.40794700000000006
s1_f1,1,0.16433333,0.36466667,1.9502808538111723e-40,0.3182339999999999
s1_f1,2,0.41799998,0.48133335,0.002003124184959144,0.09284399999999993
s1_f1,3,0.34399998,0.13933334,3.3308907296721686e-55,-0.371066
s1_f1,4,0.36466667,0.297,2.046569621580802e-06,-0.12754900000000002
s1_f1,5,0.27366665,0.09566667,2.321627728390674e-65,-0.38762300000000005
s1_f1,6,0.43366668,0.41066667,0.6247993107074913,-0.03656599999999999
s1_f1,7,0.35300002,0.096666664,6.797308256197809e-111,-0.525647
s1_f1,8,0.32666668,0.49633333,1.4101878675939508e-17,0.2194100000000001
s1_f1,9,0.15699999,0.45166668,1.0889724683182675e-90,0.4909380000000001
s1_f1,10,0.38033333,0.212,2.9958767824117385e-36,-0.30837400000000004
s1_f1,11,0.41533336,0.161,8.901725024414178e-111,-0.533398
s1_f1,12,0.38333333,0.35,0.00784840527305346,-0.08284199999999997
s1_f1,13,0.066,0.21066667,2.310170689015466e-23,0.200434
s1_f1,14,0.21166666,0.37066665,4.788646448083673e-19,0.21992499999999993
s1_f1,15,0.31066665,0.116,9.525983812682019e-69,-0.41479999999999995
s1_f1,16,0.23133333,0.15933333,6.021208908577988e-19,-0.20756399999999997
s1_f1,17,0.32533333,0.207,7.295045662228026e-31,-0.28232999999999997
s1_f1,18,0.319,0.29366666,0.020762922574693407,-0.07323100000000005
s1_f1,19,0.26333335,0.42533335,1.9161831616533002e-13,0.18731199999999992
s1_f1,20,0.38133335,0.37833333,0.6247993107074913,-0.028418999999999972
s1_f1,21,0.37166667,0.52833337,2.516966686520718e-22,0.2456609999999999
s1_f1,22,0.2986667,0.6053333,2.508151317918548e-65,0.430226
s1_f1,23,0.24533333,0.30866668,0.020762922574693407,0.07244000000000006
s1_f1,24,0.335,0.34533334,0.6247993107074913,-0.03547900000000004
s1_f1,25,0.317,0.4053333,0.00784840527305346,0.0811980000000001
s1_f1,26,0.4103333,0.40033332,0.4062633350937507,-0.04533799999999999
s1_f1,27,0.47033334,0.15133333,1.7484322737760106e-100,-0.5110859999999999
s1_f1,28,0.28,0.52933335,3.464454852753376e-42,0.34358599999999995
s1_f1,29,0.23666666,0.267,0.6247993107074913,-0.03632999999999997
s1_f1,30,0.382,0.39733335,0.8269252706378235,0.005376000000000047
s1_f1,31,0.30866668,0.16,3.2017915577367925e-35,-0.29883400000000004
s1_f2,0,0.3796667,0.493,2.793555056450968e-08,0.14578500000000005
s1_f2,1,0.23400001,0.4306667,7.714734877056066e-24,0.25214800000000004
s1_f2,2,0.359,0.6826667,7.312236809248211e-85,0.4917210000000001
s1_f2,3,0.44466665,0.63566667,1.1324696066119333e-28,0.2830170000000001
s1_f2,4,0.40466666,0.48466668,7.563109114601906e-06,0.11741000000000001
s1_f2,5,0.227,0.479,9.874754125645047e-43,0.3403259999999999
s1_f2,6,0.37133333,0.28866667,1.9827426097384183e-14,-0.19289999999999996
s1_f2,7,0.44066668,0.36533332,2.494244384628841e-09,-0.15608200000000005
s1_f2,8,0.227,0.5606667,2.3964472240562035e-78,0.4678819999999999
s1_f2,9,0.23400001,0.5546667,1.50324073111171e-61,0.40958000000000006
s1_f2,10,0.38900003,0.5466667,4.447106365359988e-22,0.246556
s1_f2,11,0.3593333,0.64033335,3.4545166367322566e-58,0.4057489999999999
s1_f2,12,0.235,0.42633334,9.78496471786928e-28,0.2732300000000001
s1_f2,13,0.26966667,0.438,5.122359342694813e-20,0.23211800000000005
s1_f2,14,0.22333334,0.388,3.29092197658672e-14,0.1889019999999999
s1_f2,15,0.26333335,0.37466666,3.061253962113278e-05,0.10496799999999995
s1_f2,16,0.39666668,0.675,6.366037317085792e-66,0.43105499999999997
s1_f2,17,0.31399998,0.7213333,6.104723613432795e-131,0.6099300000000001
s1_f2,18,0.23233335,0.403,2.0671474196844558e-14,0.1920980000000001
s1_f2,19,0.25166667,0.4283333,1.4841356085076406e-18,0.22277199999999997
s1_f2,20,0.35633335,0.39966667,0.6347496531713979,0.011594000000000104
s1_f2,21,0.388,0.4926667,6.041046609963972e-08,0.14178200000000007
s1_f2,22,0.38933334,0.483,9.612599802779745e-07,0.1290579999999999
s1_f2,23,0.22500001,0.41466665,4.2027198273724264e-13,0.18257499999999993
s1_f2,24,0.10633334,0.49199998,1.0455440311519041e-115,0.5320309999999999
s1_f2,25,0.39900002,0.332,1.0654103051486718e-09,-0.157335
s1_f2,26,0.24466668,0.38033333,1.2993185555720573e-05,0.11099799999999993
s1_f2,27,0.25,0.5326667,1.4597375677108173e-49,0.37102199999999996
s1_f2,28,0.25133333,0.43166664,8.45845815196251e-23,0.246097
s1_f2,29,0.20933335,0.403,2.4173725959805137e-33,0.29689600000000005
s1_f2,30,0.283,0.46066666,4.024551949007302e-17,0.21480999999999995
s1_f2,31,0.168,0.6853333,1.6262074068704228e-165,0.6759820000000001
s1_f3,0,0.19533335,0.27266666,1.064232633039978e-05,0.1104099999999999
s1_f3,1,0.30033335,0.3906667,0.0006002420433565465,0.09870500000000004
s1_f3,2,0.35599998,0.38399997,0.20939145389989675,-0.053288
s1_f3,3,0.16566667,0.18366666,1.0,0.006901999999999964
s1_f3,4,0.39866665,0.305,1.0060274168998286e-13,-0.19255199999999995
s1_f3,5,0.27199998,0.38133335,1.118393420420938e-05,0.11818400000000007
s1_f3,6,0.23166667,0.304,0.10513798805989899,0.057531
s1_f3,7,0.15033333,0.043666665,3.149012119256507e-28,-0.209233
s1_f3,8,0.30933332,0.242,2.5895936562264756e-10,-0.16264999999999996
s1_f3,9,0.352,0.19933333,1.083911637706284e-30,-0.28057600000000005
s1_f3,10,0.32966667,0.11433333,6.008019128945401e-79,-0.44001199999999996
s1_f3,11,0.232,0.39266667,3.1386077932143784e-09,0.15394599999999992
s1_f3,12,0.26233333,0.30933332,0.29818999067435065,0.046189000000000036
s1_f3,13,0.358,0.293,1.3178631810052794e-06,-0.12853000000000003
s1_f3,14,0.28733334,0.32066667,1.0,-0.026927999999999952
s1_f3,15,0.13066666,0.15333334,1.0,-0.0016199999999999548
s1_f3,16,0.45566666,0.298,5.032183493997851e-29,-0.27959999999999996
s1_f3,17,0.36,0.17,1.1270288199048853e-63,-0.40513999999999994
s1_f3,18,0.36233333,0.242,1.2854459972345058e-22,-0.24565599999999999
s1_f3,19,0.32033333,0.47966668,5.024382625445996e-14,0.19649000000000005
s1_f3,20,0.5173333,0.166,5.00720029510016e-119,-0.567422
s1_f3,21,0.34733334,0.25466666,5.1418683936327136e-24,-0.25316000000000005
s1_f3,22,0.28166667,0.28133333,0.29818999067435065,-0.047063999999999995
s1_f3,23,0.3543333,0.336,0.0007041869065421853,-0.09669700000000003
s1_f3,24,0.24166667,0.19933333,0.00037212038902513733,-0.09058500000000003
s1_f3,25,0.30466667,0.40966666,0.00016035150943320936,0.10772599999999999
s1_f3,26,0.401,0.30833334,2.7507756097479776e-15,-0.20356799999999997
s1_f3,27,0.40033332,0.28333333,1.9926854678055933e-26,-0.268068
s1_f3,28,0.37399998,0.29666665,3.724867931575074e-09,-0.15572399999999997
s1_f3,29,0.31533334,0.401,1.0,0.026257999999999893
s1_f3,30,0.39533332,0.48333335,3.538854781235466e-06,0.12784400000000007
s1_f3,31,0.32366666,0.34266666,0.02444174066706188,-0.07337099999999996
s1_f4,0,0.296,0.6063333,1.8758137583729903e-69,0.44437499999999996
s1_f4,1,0.38333333,0.381,0.3932060350260953,-0.03488800000000003
s1_f4,2,0.24166667,0.19433333,4.0029317604272227e-10,-0.14552900000000002
s1_f4,3,0.31833333,0.16900001,6.03934374274396e-46,-0.343336
s1_f4,4,0.255,0.4793333,4.262991441771099e-36,0.3151759999999999
s1_f4,5,0.35133335,0.58933336,8.919217786177136e-45,0.35638400000000003
s1_f4,6,0.38766667,0.33866668,6.732621582801571e-07,-0.13380999999999998
s1_f4,7,0.24566667,0.22399999,1.0226662805679243e-07,-0.136521
s1_f4,8,0.4136667,0.34266666,1.498190421393747e-07,-0.14115500000000003
s1_f4,9,0.38166666,0.48533332,1.0226662805679243e-07,0.1444209999999999
s1_f4,10,0.15266667,0.47966668,5.335384085313053e-56,0.36409800000000003
s1_f4,11,0.292,0.5543333,1.381298287011655e-52,0.383567
s1_f4,12,0.34566665,0.52599996,3.1447227040924234e-21,0.2435020000000001
s1_f4,13,0.27333334,0.37666667,1.1169322456912293e-07,0.14105199999999996
s1_f4,14,0.33366668,0.303,0.0009924135471571526,-0.09393499999999999
s1_f4,15,0.347,0.40566668,0.3932060350260953,0.024645999999999946
s1_f4,16,0.29433334,0.326,0.012173343508041426,-0.07592299999999996
s1_f4,17,0.212,0.20899999,0.008731005860107957,-0.07263200000000003
s1_f4,18,0.17233334,0.48166668,1.2744718127544053e-61,0.3944369999999999
s1_f4,19,0.259,0.438,9.722438574819225e-19,0.2244520000000001
s1_f4,20,0.269,0.34966668,0.0002739735456899011,0.09807499999999991
s1_f4,21,0.33800003,0.45533335,1.1898079726095969e-11,0.1782459999999999
s1_f4,22,0.36933336,0.45733333,6.905777196555806e-06,0.12365599999999999
s1_f4,23,0.29333332,0.15733333,1.3791864703052546e-20,-0.215484
s1_f4,24,0.29966667,0.31666666,0.16670606152415238,-0.05325000000000002
s1_f4,25,0.35866666,0.62833333,4.952458233783845e-58,0.4067320000000001
s1_f4,26,0.419,0.21700001,3.5367729335178066e-47,-0.35308799999999996
s1_f4,27,0.32866666,0.53466666,6.241958436562393e-29,0.2838799999999999
s1_f4,28,0.41733333,0.392,0.16670606152415238,-0.05237000000000003
s1_f4,29,0.33133334,0.23366666,1.7171280775006253e-17,-0.208677
s1_f4,30,0.29333332,0.28,0.30273483780827654,-0.04287200000000002
s1_f4,31,0.30066666,0.38433334,0.3932060350260953,0.036839000000000066
s1_f5,0,0.39266667,0.60233337,2.3559933095946597e-39,0.33166399999999996
s1_f5,1,0.24833333,0.40966666,1.0550653444096305e-11,0.1730370000000001
s1_f5,2,0.43133333,0.5936667,5.526927669279635e-32,0.28910199999999997
s1_f5,3,0.18533333,0.34166667,3.606944553076176e-15,0.18986199999999998
s1_f5,4,0.307,0.35033333,1.0,0.0159180000000001
s1_f5,5,0.416,0.41233334,0.04622915065064242,-0.07093300000000002
s1_f5,6,0.30866668,0.32533333,4.735837075498181e-07,-0.13352200000000003
s1_f5,7,0.337,0.27933332,8.978686971077431e-10,-0.15744999999999998
s1_f5,8,0.42066666,0.26733333,1.931108050365331e-34,-0.30732000000000004
s1_f5,9,0.37466666,0.37566665,0.17481251334937256,-0.05543200000000004
s1_f5,10,0.26433334,0.35099998,4.12394136879167e-05,0.11326799999999992
s1_f5,11,0.29133335,0.48033333,1.054615370261844e-15,0.20781899999999998
s1_f5,12,0.25166667,0.38266668,3.909018892721647e-07,0.13498600000000005
s1_f5,13,0.25433335,0.47133335,2.4089771241173698e-21,0.24074700000000004
s1_f5,14,0.31133333,0.33,0.9754524215074194,-0.028088000000000002
s1_f5,15,0.347,0.39233336,1.0,0.007946999999999926
s1_f5,16,0.3726667,0.37166667,0.13408898313767262,-0.06015300000000001
s1_f5,17,0.34300002,0.36033332,1.0,-0.020745000000000013
s1_f5,18,0.43533334,0.53433335,1.9512023042601102e-08,0.15176100000000003
s1_f5,19,0.36099997,0.308,1.673645085536445e-08,-0.14795499999999995
s1_f5,20,0.23933333,0.41199997,0.001338407410611021,0.09299199999999996
s1_f5,21,0.29,0.41333333,4.0004801483675874e-05,0.11424400000000001
s1_f5,22,0.3676667,0.37899998,0.21511551023429204,-0.05157199999999995
s1_f5,23,0.30766666,0.4793333,1.2324126877366748e-24,0.2595320000000001
s1_f5,24,0.38399997,0.6263333,8.189669832142174e-69,0.435457
s1_f5,25,0.22933334,0.36166668,0.06897847719461941,0.06387399999999999
s1_f5,26,0.35500002,0.42933333,0.1696346473424517,0.056850999999999985
s1_f5,27,0.328,0.34399998,0.28979245345076865,-0.04576800000000003
s1_f5,28,0.18166667,0.5783333,5.440373506857141e-100,0.5049060000000001
s1_f5,29,0.32299998,0.52566665,5.707749154241002e-29,0.285307
s1_f5,30,0.37633333,0.49166667,9.608995041744923e-14,0.18877999999999995
s1_f5,31,0.36866665,0.326,5.353072027010969e-10,-0.16382600000000003
s1_f6,0,0.3263333,0.517,6.329399720750204e-25,0.2638560000000001
s1_f6,1,0.20899999,0.42999998,8.282290612615049e-30,0.28068899999999997
s1_f6,2,0.261,0.257,0.07830505673015568,-0.06087500000000001
s1_f6,3,0.086666666,0.32333335,5.0345327673597173e-57,0.35483200000000004
s1_f6,4,0.15566666,0.36233333,6.954480552479441e-41,0.316055
s1_f6,5,0.37600002,0.35966668,0.02439566312160858,-0.07547999999999999
s1_f6,6,0.49100003,0.47266665,0.9292239909142095,-0.025302000000000047
s1_f6,7,0.38900003,0.27,8.934697937534383e-28,-0.27429499999999996
s1_f6,8,0.386,0.111999996,5.456514472099069e-81,-0.44462
s1_f6,9,0.43966666,0.24366666,1.4164738675643534e-34,-0.29593499999999995
s1_f6,10,0.36066666,0.25266668,2.2443026953989294e-15,-0.19511199999999995
s1_f6,11,0.281,0.34566665,0.48987264391318225,0.040146000000000015
s1_f6,12,0.42200002,0.37366667,6.89237038814349e-09,-0.15431799999999996
s1_f6,13,0.24933334,0.401,2.775330951884467e-08,0.14552600000000004
s1_f6,14,0.25100002,0.603,1.450731204041042e-81,0.476075
s1_f6,15,0.45266667,0.42566666,0.2724338243939,-0.05147199999999996
s1_f6,16,0.39833334,0.39266667,0.40207737473656135,-0.04531799999999997
s1_f6,17,0.31366667,0.362,0.9292239909142095,0.005902000000000074
s1_f6,18,0.16900001,0.4793333,8.246200843541103e-74,0.44582900000000003
s1_f6,19,0.13866667,0.42266667,1.5828463633398555e-46,0.32716600000000007
s1_f6,20,0.30366668,0.41266668,6.443855171741381e-10,0.1626559999999999
s1_f6,21,0.40133333,0.3906667,0.787748284970037,-0.03182600000000002
s1_f6,22,0.313,0.36366665,0.9292239909142095,0.01806299999999994
s1_f6,23,0.255,0.37533334,0.0005866832504556139,0.0987499999999999
s1_f6,24,0.04766667,0.279,4.9495618755312825e-58,0.3142940000000001
s1_f6,25,0.37833333,0.447,0.04070451599485974,0.07043500000000003
s1_f6,26,0.24866666,0.39533332,5.011567344159823e-09,0.15083599999999997
s1_f6,27,0.27166668,0.16566667,1.3763475181374622e-28,-0.26073100000000005
s1_f6,28,0.14400001,0.245,3.393826795203836e-05,0.09822400000000009
s1_f6,29,0.39866665,0.30866668,1.892135810137519e-20,-0.23392000000000002
s1_f6,30,0.38900003,0.35133335,0.036133864967297064,-0.071851
s1_f6,31,0.17466666,0.35166666,1.053792904551713e-23,0.23967300000000002
s1_f7,0,0.38833332,0.32833335,2.7791836298479524e-11,-0.17342100000000005
s1_f7,1,0.35733333,0.48599997,2.7787349833952268e-09,0.157416
s1_f7,2,0.09933334,0.30333334,3.0531802927886873e-30,0.25573
s1_f7,3,0.35266665,0.45566666,4.07897533485496e-09,0.15292799999999995
s1_f7,4,0.30133334,0.23033333,2.8035532059201705e-18,-0.215399
s1_f7,5,0.18366666,0.53466666,3.9456864576321147e-67,0.3914820000000001
s1_f7,6,0.32166666,0.25533333,2.807099672995816e-19,-0.22154700000000005
s1_f7,7,0.4,0.22533333,4.503147540388422e-51,-0.37173199999999995
s1_f7,8,0.19833334,0.42066666,3.469394781907038e-44,0.3438509999999999
s1_f7,9,0.067666665,0.454,2.0636508379108784e-99,0.4735259999999999
s1_f7,10,0.29266667,0.22966667,0.0007210750871206386,-0.09085500000000002
s1_f7,11,0.33433333,0.33433333,0.0013155946906221036,-0.09050999999999998
s1_f7,12,0.266,0.45000002,1.260869344550741e-20,0.23412999999999995
s1_f7,13,0.32333335,0.25333333,9.750359373587988e-25,-0.25148800000000004
s1_f7,14,0.35333332,0.35099998,0.007886984869252607,-0.07775200000000004
s1_f7,15,0.16966666,0.086666666,9.854249534554411e-25,-0.22374000000000005
s1_f7,16,0.39933333,0.23233335,1.019983364461203e-29,-0.27601299999999995
s1_f7,17,0.41199997,0.49933335,2.6064573110042265e-06,0.1278760000000001
s1_f7,18,0.19233334,0.30433333,0.010620722516501948,0.07068300000000005
s1_f7,19,0.22666667,0.3676667,8.649485705196132e-10,0.15750299999999995
s1_f7,20,0.4136667,0.44266665,1.0,0.016788000000000025
s1_f7,21,0.31366667,0.20099999,1.0779213900754784e-28,-0.269915
s1_f7,22,0.36733332,0.50266665,3.077829711392045e-12,0.18270600000000004
s1_f7,23,0.51533335,0.32133332,3.4048299803486455e-46,-0.35563999999999996
s1_f7,24,0.3396667,0.41666666,1.0,0.013845000000000107
s1_f7,25,0.27633333,0.14466666,4.561901956934219e-59,-0.38258800000000004
s1_f7,26,0.39699998,0.18833333,4.663514725215031e-45,-0.33308400000000005
s1_f7,27,0.41733333,0.43033335,1.0,-0.014950000000000019
s1_f7,28,0.41233334,0.34433332,2.2160104286878266e-09,-0.157686
s1_f7,29,0.39966667,0.38399997,0.0006011205375143023,-0.09782599999999997
s1_f7,30,0.30833334,0.11866667,1.6736631136781044e-66,-0.404073
s1_f7,31,0.26299998,0.48133335,2.697627335849203e-29,0.2810729999999999
s1_f8,0,0.23533332,0.35,8.639885180431513e-11,0.15907399999999994
s1_f8,1,0.27066666,0.49933335,2.0149045286508438e-50,0.373634
s1_f8,2,0.52133334,0.27833334,1.2441401592825042e-49,-0.37290199999999996
s1_f8,3,0.36166668,0.39400002,0.9946008569622957,-0.01676500000000003
s1_f8,4,0.115666665,0.13933334,0.5211795631791352,-0.033491999999999966
s1_f8,5,0.33800003,0.28666666,4.763229632443376e-22,-0.24090999999999996
s1_f8,6,0.165,0.23933333,0.5923002393304756,0.03230099999999991
s1_f8,7,0.39866665,0.48033333,3.1988152557921255e-06,0.11896799999999996
s1_f8,8,0.094000004,0.34033334,2.8993998528516923e-41,0.29880299999999993
s1_f8,9,0.409,0.27733335,1.297950087221007e-18,-0.21892199999999995
s1_f8,10,0.44066668,0.51766664,1.1118276285946838e-05,0.12153199999999997
s1_f8,11,0.16133334,0.34866667,1.623038006125097e-17,0.195152
s1_f8,12,0.377,0.48033333,1.6287999455022673e-06,0.12595099999999992
s1_f8,13,0.17966665,0.129,0.5923002393304756,-0.03244100000000005
s1_f8,14,0.15066667,0.32933334,5.635073899879703e-25,0.24315799999999999
s1_f8,15,0.50766665,0.48366666,0.4170964644514438,-0.046659000000000006
s1_f8,16,0.36066666,0.52266663,2.401041226361318e-24,0.25939200000000007
s1_f8,17,0.2,0.31466666,1.6287999455022673e-06,0.11869799999999997
s1_f8,18,0.097333334,0.3626667,8.128821081220161e-57,0.36327599999999993
s1_f8,19,0.31066665,0.276,5.86613158154062e-07,-0.13315200000000005
s1_f8,20,0.24966668,0.347,4.543751382586873e-05,0.10878100000000002
s1_f8,21,0.214,0.26133332,0.9864671320144011,0.02167999999999992
s1_f8,22,0.49866667,0.40566668,3.066873479124696e-18,-0.220233
s1_f8,23,0.308,0.33166668,0.9946008569622957,-0.008908999999999945
s1_f8,24,0.62266666,0.39133334,2.262102790261791e-37,-0.32321
s1_f8,25,0.34533334,0.48566666,2.789273531655528e-07,0.13672700000000004
s1_f8,26,0.19866668,0.40766668,3.5024337707230495e-26,0.261336
s1_f8,27,0.33533335,0.5556667,6.908091068564992e-34,0.29843299999999995
s1_f8,28,0.255,0.606,2.7665912482103105e-99,0.529728
s1_f8,29,0.44966665,0.42766666,0.11351863429252498,-0.060296000000000016
s1_f8,30,0.17133333,0.28800002,7.275551116810028e-05,0.10218799999999995
s1_f8,31,0.315,0.419,1.6287999455022673e-06,0.12433800000000006
s1_f9,0,0.15266667,0.27933332,1.7592175403062734e-14,0.186604
s1_f9,1,0.2616667,0.23233335,1.7859912557231007e-06,-0.12133799999999995
s1_f9,2,0.4843333,0.28866667,4.511472389952038e-66,-0.426817
s1_f9,3,0.49199998,0.401,2.0749599223693077e-19,-0.227155
s1_f9,4,0.16066666,0.34366667,1.9505719876874506e-16,0.20196100000000006
s1_f9,5,0.07,0.27266666,5.467585186340188e-41,0.2929900000000001
s1_f9,6,0.22433333,0.18866666,0.00013002190538711025,-0.10063900000000003
s1_f9,7,0.40199998,0.46800002,0.0010503844992372328,0.0927119999999999
s1_f9,8,0.45766667,0.333,3.0063619474445732e-18,-0.22344699999999995
s1_f9,9,0.17433333,0.42666665,6.497851376345812e-28,0.26832600000000006
s1_f9,10,0.66533333,0.09866667,8.848609600035082e-299,-0.839648
s1_f9,11,0.17433333,0.31266668,7.809369755999843e-17,0.20491700000000002
s1_f9,12,0.36333334,0.088,1.3280190453553162e-81,-0.41425999999999996
s1_f9,13,0.41666666,0.37600002,0.0010503844992372328,-0.09218800000000005
s1_f9,14,0.508,0.16466667,5.836539076837582e-168,-0.677524
s1_f9,15,0.28966668,0.32733333,0.0019225901988817048,-0.08400399999999997
s1_f9,16,0.186,0.15533333,3.69176092911538e-10,-0.15110599999999996
s1_f9,17,0.34866667,0.30933332,0.015276518113450693,-0.06364599999999998
s1_f9,18,0.159,0.07033333,1.868576628047928e-51,-0.31681099999999995
s1_f9,19,0.285,0.32433334,0.3213584676399115,0.02403500000000003
s1_f9,20,0.024333334,0.46333334,1.4696608171285886e-180,0.6452439999999999
s1_f9,21,0.16733332,0.32733333,0.0007961855184028156,0.09004999999999996
s1_f9,22,0.6666667,0.41333333,3.5734475404727425e-60,-0.373
s1_f9,23,0.33166668,0.299,1.7859912557231007e-06,-0.127189
s1_f9,24,0.47366667,0.207,3.276531494707903e-120,-0.569707
s1_f9,25,0.349,0.40266666,0.0019225901988817048,0.0831440000000001
s1_f9,26,0.33333334,0.477,8.135712722428529e-08,0.131
s1_f9,27,0.663,0.24166667,1.7787013581200906e-188,-0.64937
s1_f9,28,0.312,0.26299998,4.5225514759578385e-23,-0.22958100000000004
s1_f9,29,0.326,0.23566668,2.1716014070943005e-08,-0.143544
s1_f9,30,0.0,0.37933335,3.4189821798010833e-118,0.42900000000000005
s1_f9,31,0.17433333,0.16666667,9.11009988558512e-09,-0.13879699999999995
s2_f0,0,0.269,0.19366665,1.1378164062520537e-13,-0.17676000000000003
s2_f0,1,0.09966666,0.5266667,4.90139626202124e-144,0.6015980000000001
s2_f0,2,0.33,0.287,3.377166931661543e-08,-0.14521499999999998
s2_f0,3,0.26833335,0.21499999,0.0011886636961900246,-0.085391
s2_f0,4,0.35,0.51266664,2.0299024203854504e-20,0.23825000000000007
s2_f0,5,0.26299998,0.4613333,9.97525485982312e-27,0.27090900000000007
s2_f0,6,0.33,0.17166667,3.432294743208126e-52,-0.364035
s2_f0,7,0.32433334,0.28433332,1.0769627042177279e-07,-0.140007
s2_f0,8,0.26266667,0.49199998,1.3713129051302173e-44,0.34982800000000003
s2_f0,9,0.24933334,0.19666666,1.1671834831397089e-20,-0.22488399999999997
s2_f0,10,0.23366666,0.49199998,4.89489221147064e-46,0.3463860000000001
s2_f0,11,0.451,0.36533332,3.68547230946565e-12,-0.18179
s2_f0,12,0.3263333,0.40199998,0.01413560796689038,0.07273299999999994
s2_f0,13,0.29933333,0.17433333,2.9733605667976574e-16,-0.18942000000000003
s2_f0,14,0.3703333,0.48966667,1.0570711629725037e-06,0.13292400000000004
s2_f0,15,0.26466668,0.26266667,0.0019596414308210644,-0.08698399999999995
s2_f0,16,0.296,0.391,0.00020147998343159477,0.10473500000000002
s2_f0,17,0.31733334,0.52566665,1.3067938092655313e-30,0.292214
s2_f0,18,0.33233333,0.25466666,3.504748929388238e-16,-0.20364400000000005
s2_f0,19,0.36033332,0.33533335,0.00020147998343159477,-0.10423099999999996
s2_f0,20,0.30233333,0.11266667,1.3518946348896144e-62,-0.37144900000000003
s2_f0,21,0.36033332,0.41633332,0.21991958754602164,0.04755899999999991
s2_f0,22,0.42966667,0.49600002,0.3258090907116951,0.039894000000000096
s2_f0,23,0.37899998,0.28466666,2.586722052963012e-15,-0.198805
s2_f0,24,0.20366667,0.23033333,0.7031991389845933,0.008872999999999909
s2_f0,25,0.25333333,0.62299997,4.640126392853916e-85,0.4897069999999999
s2_f0,26,0.45233333,0.6213333,5.153209531389684e-25,0.265528
s2_f0,27,0.15333334,0.312,3.6265099973571897e-23,0.2329079999999999
s2_f0,28,0.3626667,0.33366668,0.006161289162392829,-0.08059700000000003
s2_f0,29,0.359,0.479,6.344954090448316e-05,0.11042299999999994
s2_f0,30,0.33433333,0.37133333,0.5352558556739935,0.02667099999999989
s2_f0,31,0.21633333,0.119666666,2.075186353331836e-08,-0.13094799999999995
s2_f1,0,0.3956667,0.33766666,1.2351313930208547e-06,-0.13061
s2_f1,1,0.17199999,0.22066666,0.006114977688908616,0.07716400000000001
s2_f1,2,0.40699998,0.13233334,2.5402708051658664e-118,-0.5596220000000001
s2_f1,3,0.32666668,0.15766667,1.9040551271120084e-27,-0.25719099999999995
s2_f1,4,0.22566666,0.44133332,1.0134355318004661e-32,0.2977860000000001
s2_f1,5,0.22366667,0.08733333,2.0242990679079982e-42,-0.30393899999999996
s2_f1,6,0.5056667,0.33,1.0238650862782693e-31,-0.29613100000000003
s2_f1,7,0.382,0.37466666,0.19649624753627878,-0.03698400000000002
s2_f1,8,0.32533333,0.22966667,2.759604911340011e-17,-0.21147899999999997
s2_f1,9,0.27400002,0.24000001,0.018602335188739952,-0.067106
s2_f1,10,0.107,0.23933333,3.0726961875105025e-18,0.1969590000000001
s2_f1,11,0.235,0.3703333,2.240223810822162e-06,0.1257410000000001
s2_f1,12,0.439,0.38533333,5.318425357832231e-05,-0.11180299999999999
s2_f1,13,0.28666666,0.23933333,3.975706298263752e-11,-0.16735199999999995
s2_f1,14,0.28633335,0.04,1.125626042173322e-129,-0.536041
s2_f1,15,0.53066665,0.20833333,6.373508287684851e-112,-0.535873
s2_f1,16,0.42866668,0.26766667,1.160630433275268e-34,-0.306214
s2_f1,17,0.19199999,0.46800002,2.987954732711022e-50,0.3665179999999999
s2_f1,18,0.25866666,0.2986667,0.1543917049456248,0.04702600000000001
s2_f1,19,0.39133334,0.37333333,0.19649624753627878,-0.040417999999999954
s2_f1,20,0.25433335,0.342,0.006894239455504797,0.07797100000000001
s2_f1,21,0.409,0.3396667,3.3731721967654456e-05,-0.11341699999999999
s2_f1,22,0.31333333,0.152,2.548989981264678e-43,-0.32760599999999995
s2_f1,23,0.32833335,0.27966666,8.590253001543399e-05,-0.10547399999999996
s2_f1,24,0.26966667,0.19333333,2.48907749162293e-18,-0.210797
s2_f1,25,0.16566667,0.035666667,1.9485356292570676e-33,-0.222958
s2_f1,26,0.37433335,0.30966666,8.779041945582964e-09,-0.15173199999999998
s2_f1,27,0.29833332,0.357,0.009191236421443334,0.076268
s2_f1,28,0.32,0.25766668,3.2350248292808213e-15,-0.19911800000000002
s2_f1,29,0.186,0.27699998,1.234042462296397e-10,0.16171500000000005
s2_f1,30,0.26500002,0.19266666,7.56523508889082e-08,-0.135158
s2_f1,31,0.331,0.27233332,2.7195014735795645e-11,-0.16366800000000004
s2_f2,0,0.11666667,0.32433334,4.104771219028145e-43,0.315396
s2_f2,1,0.19933333,0.264,1.7427542824541139e-06,0.11960199999999999
s2_f2,2,0.47133335,0.23133333,8.593123737677571e-64,-0.41498999999999997
s2_f2,3,0.316,0.22366667,3.6041768288631054e-29,-0.270223
s2_f2,4,0.32733333,0.15266667,2.6751018008003527e-66,-0.41202799999999995
s2_f2,5,0.34766665,0.317,0.10883754184121103,-0.05091900000000005
s2_f2,6,0.35733333,0.22666667,1.7547014022375252e-25,-0.25871999999999995
s2_f2,7,0.25866666,0.45166668,4.0771637670345306e-29,0.2817400000000001
s2_f2,8,0.42633334,0.23466666,1.0013984939621453e-48,-0.36168900000000004
s2_f2,9,0.401,0.181,1.5517784270104458e-82,-0.46752499999999997
s2_f2,10,0.42466667,0.301,1.363003321562209e-23,-0.25045300000000004
s2_f2,11,0.386,0.25833333,7.305210173551372e-24,-0.252012
s2_f2,12,0.26666668,0.304,0.44092241236016994,-0.01833399999999996
s2_f2,13,0.214,0.3446667,2.9856887250713813e-10,0.15375800000000006
s2_f2,14,0.42033336,0.347,0.0005279450130899726,-0.09266600000000003
s2_f2,15,0.20066667,0.40433335,1.6739894938065408e-40,0.32810800000000007
s2_f2,16,0.35366666,0.20300001,5.583352894133892e-41,-0.32828
s2_f2,17,0.40266666,0.16933334,2.7367708443462034e-92,-0.496862
s2_f2,18,0.08766667,0.282,1.008295238096879e-53,0.3354029999999999
s2_f2,19,0.29166666,0.162,2.223222456782145e-28,-0.265254
s2_f2,20,0.42633334,0.33466664,2.1939119944257e-21,-0.23541199999999995
s2_f2,21,0.49199998,0.35266665,3.8186320759737665e-28,-0.27644599999999997
s2_f2,22,0.30866668,0.30200002,0.09592989351357359,-0.05471400000000004
s2_f2,23,0.22566666,0.15766667,1.1791572869648344e-06,-0.11741400000000002
s2_f2,24,0.53033334,0.16666667,2.873292177697593e-110,-0.54602
s2_f2,25,0.36933336,0.15699999,1.0992557027672325e-78,-0.45455599999999996
s2_f2,26,0.513,0.34399998,8.824241498604923e-28,-0.277598
s2_f2,27,0.3626667,0.44733334,4.631884243253649e-07,0.13352399999999998
s2_f2,28,0.40466666,0.43966666,0.23289565946364404,-0.03854000000000002
s2_f2,29,0.306,0.034333333,5.89807401181651e-160,-0.6046199999999999
s2_f2,30,0.31399998,0.16466667,7.424076386161177e-42,-0.32493000000000005
s2_f2,31,0.36733332,0.20066667,6.946528726707843e-30,-0.27201600000000004
s2_f3,0,0.12633334,0.27166668,6.639405868781297e-17,0.19291999999999998
s2_f3,1,0.25233334,0.4236667,1.3529229075575495e-05,0.11648299999999989
s2_f3,2,0.39366665,0.61433333,2.788887188410735e-41,0.3419270000000001
s2_f3,3,0.182,0.309,2.9402093020363093e-08,0.132552
s2_f3,4,0.15100001,0.17866667,0.8024118944254055,-0.021503999999999968
s2_f3,5,0.13533333,0.51066667,1.1422083123408145e-103,0.5199739999999999
s2_f3,6,0.12133333,0.38900003,2.551042492480111e-44,0.3217209999999999
s2_f3,7,0.18266666,0.3796667,9.437236755508344e-34,0.2876970000000001
s2_f3,8,0.64133334,0.33233333,3.278388829726741e-57,-0.394914
s2_f3,9,0.4466667,0.56866664,1.8056897381901944e-18,0.22322200000000003
s2_f3,10,0.25333333,0.49566665,5.73918903797835e-32,0.29432100000000005
s2_f3,11,0.5426667,0.25666666,8.412591598620215e-54,-0.38274600000000003
s2_f3,12,0.25566667,0.33800003,0.8894550680528839,0.013266999999999918
s2_f3,13,0.14033334,0.493,7.813970320208899e-81,0.4432020000000001
s2_f3,14,0.30933332,0.38900003,0.8894550680528839,0.018564999999999943
s2_f3,15,0.21766667,0.43366668,8.03313606825092e-24,0.25098599999999993
s2_f3,16,0.459,0.565,1.0373267015086302e-08,0.15273000000000003
s2_f3,17,0.155,0.557,4.68366933687528e-90,0.48398699999999995
s2_f3,18,0.25733334,0.269,0.27198591713001796,-0.04305199999999998
s2_f3,19,0.16466667,0.16066666,0.02023077535891933,-0.05857800000000002
s2_f3,20,0.21166666,0.429,3.894056581032347e-33,0.2971109999999999
s2_f3,21,0.16233332,0.36166668,5.751191640309926e-26,0.25114400000000003
s2_f3,22,0.13866667,0.55399996,4.593068313311073e-80,0.4350400000000001
s2_f3,23,0.11433333,0.20133333,0.0037442208374294707,0.0674999999999999
s2_f3,24,0.39266667,0.504,1.2846416098233338e-11,0.17507800000000007
s2_f3,25,0.10666666,0.23633333,2.934905109803876e-11,0.13867600000000002
s2_f3,26,0.28133333,0.25333333,2.4518338760002394e-10,-0.15993000000000002
s2_f3,27,0.726,0.6193333,2.2099487587425383e-07,-0.128448
s2_f3,28,0.12533332,0.26233333,2.857268427411797e-12,0.15522499999999995
s2_f3,29,0.35533333,0.49466667,5.616372546756529e-13,0.18830999999999998
s2_f3,30,0.09966666,0.22966667,4.071734708239879e-13,0.16318199999999994
s2_f3,31,0.161,0.26366666,1.3529229075575495e-05,0.09713100000000008
s2_f4,0,0.34300002,0.59566665,2.1280154100232203e-58,0.4052549999999999
s2_f4,1,0.49233332,0.35833335,4.849446310887051e-31,-0.29046099999999997
s2_f4,2,0.50766665,0.365,3.112817258223858e-29,-0.28365300000000004
s2_f4,3,0.17400001,0.55300003,2.1995710502240236e-100,0.5204340000000001
s2_f4,4,0.48266664,0.20666666,1.2067498231973185e-121,-0.57767
s2_f4,5,0.507,0.4333333,2.7529455843501712e-05,-0.11482899999999996
s2_f4,6,0.63633335,0.47533333,6.330350372572368e-22,-0.236587
s2_f4,7,0.41833332,0.489,0.00017040165942841976,0.10497500000000004
s2_f4,8,0.0,0.5473333,1.1926448948651381e-265,0.792
s2_f4,9,0.0,0.39733335,3.417440848929425e-224,0.7030000000000001
s2_f4,10,0.23733334,0.4443333,2.8521838319766827e-28,0.27666900000000005
s2_f4,11,0.333,0.6516667,3.9184863149778163e-109,0.49737699999999996
s2_f4,12,0.45366666,0.423,0.006313814923173213,-0.07976300000000003
s2_f4,13,0.18433332,0.479,6.0173935382853085e-99,0.515102
s2_f4,14,0.0,0.31866667,4.908562777103665e-180,0.5980000000000001
s2_f4,15,0.33366668,0.48633334,1.1797757044828465e-13,0.17961800000000006
s2_f4,16,0.0016666666,0.409,1.4890034054132406e-149,0.5242800000000001
s2_f4,17,0.33666667,0.45433334,3.1584640653489566e-09,0.13810100000000003
s2_f4,18,0.326,0.326,1.0,-0.005851999999999968
s2_f4,19,0.173,0.37633333,3.224580797905852e-22,0.23801699999999992
s2_f4,20,0.161,0.39400002,8.079481260417665e-17,0.20451299999999994
s2_f4,21,0.19866668,0.309,0.0012941958343447163,0.08758700000000008
s2_f4,22,0.312,0.39833334,0.8524782155458291,-0.025231000000000003
s2_f4,23,0.36333334,0.32,0.01430469147713269,-0.07021999999999995
s2_f4,24,0.49233332,0.49100003,1.0,-0.00016599999999999948
s2_f4,25,0.15933333,0.313,5.630250557679769e-07,0.12678999999999996
s2_f4,26,0.49233332,0.446,0.0005903013948248717,-0.09516599999999997
s2_f4,27,0.49233332,0.23366666,3.8376946919462684e-103,-0.5353950000000001
s2_f4,28,0.18033333,0.5603333,3.447016578066815e-83,0.47663199999999994
s2_f4,29,0.48733333,0.34233332,4.743532998171085e-36,-0.314129
s2_f4,30,0.31833333,0.2,5.325996831337195e-14,-0.17709200000000003
s2_f4,31,0.38866666,0.48866665,6.420120186653918e-08,0.14420600000000006
s2_f5,0,0.309,0.262,1.7434747447181857e-09,-0.154555
s2_f5,1,0.31033334,0.36166668,0.026704562796946402,0.07054099999999996
s2_f5,2,0.312,0.5376667,4.352839524332296e-41,0.34006500000000006
s2_f5,3,0.30966666,0.27666667,5.049403650716563e-06,-0.12145700000000004
s2_f5,4,0.162,0.26666668,3.3275487104058164e-17,0.20060600000000006
s2_f5,5,0.223,0.45866668,8.897644125434285e-39,0.324684
s2_f5,6,0.27666667,0.29533333,0.6251075362474239,-0.024395999999999973
s2_f5,7,0.40133333,0.46266666,0.1070359015527243,0.058164000000000105
s2_f5,8,0.30533335,0.322,0.6251075362474239,-0.013373999999999997
s2_f5,9,0.39933333,0.31766668,1.7755332294175401e-15,-0.20376399999999995
s2_f5,10,0.17833334,0.36133334,1.1119980502613122e-14,0.18913599999999997
s2_f5,11,0.20233333,0.48666668,7.087130124311102e-68,0.42583799999999994
s2_f5,12,0.29033333,0.18666667,1.4786204205069398e-29,-0.264343
s2_f5,13,0.38,0.33033332,3.1664545619206005e-05,-0.11387499999999995
s2_f5,14,0.38333333,0.42866668,0.5204893608147692,0.033320000000000016
s2_f5,15,0.31866667,0.4793333,3.292329405204792e-13,0.18942400000000004
s2_f5,16,0.373,0.29666665,2.4158965936614343e-11,-0.173238
s2_f5,17,0.327,0.21266668,1.516713372456455e-29,-0.27526700000000004
s2_f5,18,0.42766666,0.28233334,8.916268423957478e-35,-0.307253
s2_f5,19,0.25633332,0.12666667,4.019600653557828e-40,-0.30175799999999997
s2_f5,20,0.38133335,0.23966666,2.0908898194493258e-32,-0.294385
s2_f5,21,0.31533334,0.07766666,4.0960610236153575e-115,-0.52893
s2_f5,22,0.362,0.30666667,1.3455916360106879e-08,-0.149648
s2_f5,23,0.28,0.28433332,0.1077572497963985,-0.05541399999999996
s2_f5,24,0.36066666,0.32833335,0.002189331786417924,-0.08919500000000002
s2_f5,25,0.3676667,0.267,2.001721372442403e-21,-0.23958999999999997
s2_f5,26,0.27233332,0.038666666,6.046428937264018e-95,-0.43290799999999996
s2_f5,27,0.22933334,0.19966666,2.457779305988917e-07,-0.12884399999999996
s2_f5,28,0.29166666,0.29533333,0.3860198716483522,-0.039390000000000036
s2_f5,29,0.27400002,0.489,5.058444165596045e-36,0.3163959999999999
s2_f5,30,0.27,0.191,2.1385999676192675e-07,-0.13178599999999996
s2_f5,31,0.39966667,0.087000005,1.1719190068160117e-130,-0.572425
s2_f6,0,0.37100002,0.212,5.920844749684008e-31,-0.28561800000000004
s2_f6,1,0.27400002,0.085,6.357763371606596e-77,-0.42068099999999997
s2_f6,2,0.36600003,0.091,1.551063891996335e-117,-0.539921
s2_f6,3,0.3726667,0.131,2.5538162118869e-89,-0.48253599999999996
s2_f6,4,0.35866666,0.38266668,1.0,0.022613999999999912
s2_f6,5,0.258,0.14466666,2.885485919582746e-23,-0.22348400000000002
s2_f6,6,0.095,0.3593333,1.3839121545259146e-73,0.41419800000000007
s2_f6,7,0.40466666,0.23333333,2.423611970784632e-43,-0.34211
s2_f6,8,0.13433333,0.24866666,2.0199457075965665e-13,0.16735900000000004
s2_f6,9,0.33733332,0.14933334,4.21194219203672e-64,-0.40715
s2_f6,10,0.18366666,0.35533333,7.296179574055258e-21,0.2223630000000001
s2_f6,11,0.315,0.283,0.0006869228582809605,-0.091414
s2_f6,12,0.28566667,0.17866667,3.487557418311533e-27,-0.252078
s2_f6,13,0.30333334,0.26933333,5.724042570985731e-07,-0.130502
s2_f6,14,0.318,0.26233333,3.43818138329734e-08,-0.14265000000000005
s2_f6,15,0.23900001,0.347,1.6964848509637077e-05,0.11441199999999996
s2_f6,16,0.30633333,0.33766666,1.0,-0.004889000000000032
s2_f6,17,0.48166668,0.309,3.77040101642052e-45,-0.351816
s2_f6,18,0.30466667,0.166,2.2549139689081156e-34,-0.279508
s2_f6,19,0.443,0.32766667,3.5127394795102377e-19,-0.22791099999999997
s2_f6,20,0.23766667,0.252,0.01108999148999771,-0.07331500000000002
s2_f6,21,0.313,0.24533333,8.473273752361264e-08,-0.13771500000000003
s2_f6,22,0.423,0.313,1.1962381985350016e-18,-0.22263200000000005
s2_f6,23,0.52266663,0.22500001,6.680344833073452e-109,-0.5481400000000001
s2_f6,24,0.306,0.16166668,3.3294286698700596e-46,-0.33923899999999996
s2_f6,25,0.455,0.25566667,5.562756173204196e-64,-0.418898
s2_f6,26,0.21633333,0.33133334,1.6205051131333657e-17,0.2116119999999999
s2_f6,27,0.27666667,0.299,1.0,-0.014378000000000002
s2_f6,28,0.256,0.037666667,3.6717892709777815e-107,-0.47326999999999997
s2_f6,29,0.23400001,0.05333333,4.435109226909781e-67,-0.364158
s2_f6,30,0.21700001,0.28333333,1.0,0.015111000000000097
s2_f6,31,0.3263333,0.40366665,0.14960885518776065,0.05339800000000006
s2_f7,0,0.29033333,0.285,0.3195779426434656,-0.02410699999999999
s2_f7,1,0.26966667,0.22066666,3.0902562102699384e-05,-0.10513300000000003
s2_f7,2,0.14299999,0.42733333,3.313666997855171e-50,0.3508880000000001
s2_f7,3,0.284,0.218,1.2308230765779817e-15,-0.19712399999999997
s2_f7,4,0.15933333,0.29566666,1.4937633742172616e-13,0.17094699999999996
s2_f7,5,0.43466666,0.32266667,1.6483565405707568e-14,-0.19643200000000005
s2_f7,6,0.35166666,0.14933334,4.473572226886027e-62,-0.39734899999999995
s2_f7,7,0.42966667,0.27266666,8.992900768586183e-36,-0.31307799999999997
s2_f7,8,0.55266666,0.27,2.0605819502712292e-83,-0.48383200000000004
s2_f7,9,0.4976667,0.13533333,1.309489919329548e-128,-0.567411
s2_f7,10,0.29066667,0.16966666,5.527794989792736e-34,-0.293084
s2_f7,11,0.36833334,0.29633334,1.5634120349754823e-09,-0.15714099999999998
s2_f7,12,0.324,0.30633333,0.0004517045049749372,-0.09276899999999999
s2_f7,13,0.249,0.33833334,0.0022914847566699393,0.07744299999999993
s2_f7,14,0.37233332,0.23766667,2.9433764839628204e-23,-0.24561900000000003
s2_f7,15,0.24233334,0.339,0.00012076317160153075,0.10135300000000003
s2_f7,16,0.38966668,0.19333333,7.836374516846893e-42,-0.32636
s2_f7,17,0.3726667,0.318,7.26950725660222e-08,-0.14242
s2_f7,18,0.322,0.41566667,1.625737803929068e-05,0.11719499999999994
s2_f7,19,0.335,0.231,5.853979987189204e-18,-0.21646900000000002
s2_f7,20,0.36733332,0.26733333,1.6265013288825984e-18,-0.22211000000000003
s2_f7,21,0.18333334,0.17799999,1.2659442807420515e-10,-0.148814
s2_f7,22,0.30466667,0.25633332,1.625737803929068e-05,-0.11202800000000002
s2_f7,23,0.377,0.232,2.848502284047382e-36,-0.311747
s2_f7,24,0.31333333,0.111,3.1875786726215067e-49,-0.336654
s2_f7,25,0.16533333,0.38166666,5.4749098095901484e-39,0.3168359999999999
s2_f7,26,0.29666665,0.23866667,4.355430630498527e-19,-0.22069799999999995
s2_f7,27,0.38333333,0.156,3.119617138702125e-75,-0.446638
s2_f7,28,0.25633332,0.23033333,0.0004517045049749372,-0.09072999999999998
s2_f7,29,0.30566666,0.414,1.3056749570349835e-06,0.12890899999999994
s2_f7,30,0.283,0.21133333,7.384861047171637e-06,-0.11659399999999998
s2_f7,31,0.34533334,0.07466667,1.0413303373540357e-114,-0.522324
s2_f8,0,0.378,0.43433332,0.01930852017193951,0.07404900000000003
s2_f8,1,0.41233334,0.315,5.183326351377695e-15,-0.20243599999999995
s2_f8,2,0.31366667,0.28166667,3.094200604307681e-05,-0.11431000000000002
s2_f8,3,0.437,0.34133336,8.676614152072751e-12,-0.179419
s2_f8,4,0.24299999,0.42066666,3.0621385163839235e-23,0.24772299999999992
s2_f8,5,0.44766667,0.44799998,0.9391009904263694,-0.003326999999999969
s2_f8,6,0.307,0.14,1.9911622186698303e-43,-0.31311999999999995
s2_f8,7,0.39433333,0.419,0.08541658888737011,0.05902099999999999
s2_f8,8,0.40199998,0.33566666,4.2714137128315534e-08,-0.14624899999999996
s2_f8,9,0.26033333,0.33833334,8.502974771711537e-05,0.10868600000000006
s2_f8,10,0.41433334,0.19766666,7.259136616226085e-40,-0.31589900000000004
s2_f8,11,0.19433333,0.16066666,0.3982443154304125,-0.036609
s2_f8,12,0.27566668,0.34266666,0.01930852017193951,0.0716349999999999
s2_f8,13,0.3396667,0.27,3.477289869481935e-09,-0.153679
s2_f8,14,0.14866666,0.16666667,0.5950224162093938,0.02624000000000004
s2_f8,15,0.24166667,0.33366668,4.85442113587579e-08,0.1418520000000001
s2_f8,16,0.38966668,0.313,1.4227904524077642e-19,-0.22958999999999996
s2_f8,17,0.214,0.358,4.6487265206509526e-10,0.15776199999999996
s2_f8,18,0.33933333,0.38366666,0.9391009904263694,0.01773200000000008
s2_f8,19,0.22333334,0.49199998,2.4298193633577254e-59,0.404288
s2_f8,20,0.256,0.135,1.014401875881902e-26,-0.25186
s2_f8,21,0.28366667,0.31266668,0.010538552424839729,-0.07585900000000001
s2_f8,22,0.21533334,0.6033333,1.091560941419726e-96,0.5157240000000001
s2_f8,23,0.31833333,0.301,0.0012451411539883236,-0.09319100000000002
s2_f8,24,0.25333333,0.34966668,0.003751358926603191,0.08398299999999992
s2_f8,25,0.27566668,0.22833334,2.8523596092999483e-05,-0.11072300000000002
s2_f8,26,0.45533335,0.33733332,1.407691799444011e-14,-0.19527399999999995
s2_f8,27,0.26299998,0.255,1.562326211120628e-07,-0.133795
s2_f8,28,0.30733332,0.29166666,5.279181027377654e-07,-0.132498
s2_f8,29,0.14766666,0.413,3.86403786899737e-68,0.419875
s2_f8,30,0.26666668,0.29233333,0.00023338947314033659,-0.09970500000000004
s2_f8,31,0.2616667,0.47233334,1.9000636276805653e-29,0.282548
s2_f9,0,0.23733334,0.23633333,1.0,-0.019584000000000046
s2_f9,1,0.28066668,0.207,0.00027133102476606803,-0.10093700000000005
s2_f9,2,0.30566666,0.34033334,1.0,0.03122899999999995
s2_f9,3,0.32433334,0.19733334,2.6955417256974797e-47,-0.347893
s2_f9,4,0.35366666,0.326,0.06788895701084091,-0.06543299999999996
s2_f9,5,0.33766666,0.36566666,1.0,0.011130000000000084
s2_f9,6,0.10566667,0.34066665,4.429991038463037e-59,0.372333
s2_f9,7,0.32500002,0.17066668,5.444217993374083e-42,-0.32948200000000005
s2_f9,8,0.24866666,0.29266667,0.0340292227818477,-0.06769999999999998
s2_f9,9,0.36966667,0.36466667,1.0,-0.02505500000000005
s2_f9,10,0.2986667,0.25433335,2.455218842021675e-08,-0.14612199999999997
s2_f9,11,0.20266666,0.25733334,0.006574674193187857,0.07703799999999994
s2_f9,12,0.31399998,0.39666668,0.0008156805100896087,0.09883799999999998
s2_f9,13,0.45666668,0.28800002,1.6304340590936813e-27,-0.26759
s2_f9,14,0.29566666,0.38900003,5.900749689194436e-08,0.14511800000000008
s2_f9,15,0.146,0.25566667,2.203789262342183e-14,0.17465200000000003
s2_f9,16,0.30866668,0.139,8.648217425821082e-70,-0.41338600000000003
s2_f9,17,0.26500002,0.43033335,3.748093668101655e-22,0.24551900000000004
s2_f9,18,0.18633334,0.22433333,1.0,-0.01900500000000005
s2_f9,19,0.30166665,0.5733333,1.5964161241584842e-73,0.44862500000000005
s2_f9,20,0.24466668,0.37566665,2.856393383849104e-19,0.2107779999999999
s2_f9,21,0.23833333,0.10633334,7.81560747721048e-37,-0.29342900000000005
s2_f9,22,0.278,0.31133333,0.5731363400092133,-0.04195800000000005
s2_f9,23,0.21966666,0.06733333,4.215514351357648e-50,-0.30552500000000005
s2_f9,24,0.41266668,0.20233333,6.714784749434754e-66,-0.42111
s2_f9,25,0.32333335,0.28166667,6.781791151025575e-06,-0.12226199999999998
s2_f9,26,0.35033333,0.319,0.003701906288174116,-0.08795399999999998
s2_f9,27,0.24599999,0.22866666,0.3205969555186358,-0.04831200000000002
s2_f9,28,0.39699998,0.094000004,1.077821913178241e-105,-0.515776
s2_f9,29,0.24533333,0.205,0.0025261499598340843,-0.08774400000000004
s2_f9,30,0.22066666,0.20066667,0.027091489925448416,-0.07093000000000005
s2_f9,31,0.347,0.3676667,1.0,0.0004450000000000287
