unit,auc_latent,auc_input,sil_latent,sil_input,n_unique_normal,auc_dense,sil_dense,pct_attack_identical
s0_f0,0.916844,0.9614940000000001,0.06018292575449803,0.05736114862986023,455,0.8922919999999999,0.05696047296327339,2.6
s0_f1,0.9510310000000001,0.9698140000000002,0.08148194431510787,0.05227667744629292,446,0.9429240000000001,0.051975385390989684,2.1999999999999997
s0_f2,0.9876895,0.996536,0.1720062460966551,0.0591215620445854,64,0.9750859999999999,0.05721305527438926,1.0999999999999999
s0_f3,0.9073235000000001,0.9627249999999999,0.0817304884793227,0.06063460971119633,391,0.915931,0.06041485327601555,2.8000000000000003
s0_f4,0.9418329999999999,0.9613470000000001,0.08484535058752554,0.056605258318577455,447,0.917508,0.0559654039138087,3.1
s0_f5,0.9329489999999999,0.960762,0.07014198355118484,0.05847462947916961,415,0.922825,0.0579457964538824,4.1000000000000005
s0_f6,0.9404160000000001,0.9697819999999999,0.06231079597000921,0.05548351422319445,436,0.9375560000000001,0.05523324928613124,3.5000000000000004
s0_f7,0.9450109999999999,0.96779,0.05358429926502552,0.06732869396563052,436,0.9591630000000001,0.06765325265727268,2.5
s0_f8,0.9368525000000001,0.968006,0.08156565121522906,0.06925911974345672,443,0.9561209999999998,0.06895108184169862,2.3
s0_f9,0.9229120000000001,0.967238,0.049606541893851996,0.05967028190074774,456,0.9444410000000001,0.05999714914137985,1.4000000000000001
s1_f0,0.9420775,0.9613,0.06827078327393889,0.06491902125076905,403,0.9371039999999999,0.06467823815734186,4.7
s1_f1,0.9405405000000001,0.964839,0.08235029621754081,0.055834548611249035,442,0.941873,0.05550316006501248,2.1999999999999997
s1_f2,0.9256774999999999,0.9573059999999999,0.10643959810490383,0.0724043792328614,438,0.9125030000000001,0.07225051264374276,2.1
s1_f3,0.9285519999999999,0.9648449999999998,0.05808493588772224,0.05718218947273937,446,0.9427610000000001,0.05699525465713822,2.7
s1_f4,0.9451105,0.9708070000000001,0.07059886064825449,0.06270232144853298,455,0.9355339999999999,0.06297283125294552,2.1
s1_f5,0.93877,0.969112,0.07198481355486477,0.059324346364383475,398,0.92119,0.05885346809968405,3.0
s1_f6,0.9460644999999999,0.9719329999999999,0.0778482917372817,0.055798257603884335,429,0.947907,0.05556282792143946,3.4000000000000004
s1_f7,0.949711,0.9668030000000001,0.0803870782304269,0.054866712462426734,399,0.93924,0.05444395916378807,3.4000000000000004
s1_f8,0.917529,0.958758,0.07968185044406662,0.04875967034783446,378,0.930266,0.048137922275549784,3.2
s1_f9,0.9894355,0.9944590000000001,0.18392438288355187,0.06602326890766233,66,0.978818,0.06459770709122654,1.5
s2_f0,0.9361170000000001,0.9642819999999999,0.07430647398074705,0.05329419111227196,396,0.939184,0.052989317305125724,4.1000000000000005
s2_f1,0.9412280000000001,0.968638,0.07179428198177223,0.05292896811613843,431,0.8886940000000001,0.0522376318774468,2.8000000000000003
s2_f2,0.9415534999999999,0.9609639999999999,0.08697815938465775,0.06133899168994691,410,0.9203770000000001,0.06089747757353416,2.6
s2_f3,0.9338545,0.9669369999999999,0.10564603519506777,0.07092224833914594,331,0.925016,0.07089968531047498,5.8999999999999995
s2_f4,0.993279,0.9895769999999999,0.19566841812783548,0.05911692982688658,60,0.954688,0.0570056877395491,0.8
s2_f5,0.9284055,0.9588309999999999,0.0697692816564106,0.0662624085714088,422,0.9415089999999999,0.06632521520021543,4.2
s2_f6,0.9268284999999999,0.9662459999999999,0.07851647668655955,0.052726706771585495,426,0.926522,0.05223938100130897,4.3999999999999995
s2_f7,0.9314145000000001,0.9640820000000001,0.08058905946698755,0.05944762799843977,434,0.946603,0.0593674765520671,4.1000000000000005
s2_f8,0.948943,0.9698810000000001,0.057430374504007786,0.05952160771617866,456,0.9426430000000001,0.05981520901294948,2.8000000000000003
s2_f9,0.9320994999999999,0.966955,0.05774379709253958,0.06113873005295329,476,0.9507789999999999,0.06101131914220582,3.8
