,n,n,n,auc_latent,auc_latent,auc_latent,auc_input,auc_input,auc_input,pct_identical,pct_identical,pct_identical,auc_dense,auc_dense,auc_dense
,median,<lambda_0>,<lambda_1>,median,<lambda_0>,<lambda_1>,median,<lambda_0>,<lambda_1>,median,<lambda_0>,<lambda_1>,median,<lambda_0>,<lambda_1>
subtype,,,,,,,,,,,,,,,
DDoS-ACK_Fragmentation,67.0,61.0,71.75,0.98835935828877,0.9822427536231884,0.9954699100650592,0.9895120910384068,0.9840549199084668,0.9971353328173375,0.0,0.0,0.0,0.9863044986335926,0.9778061811811812,0.994110520361991
DDoS-HTTP_Flood-,67.0,61.0,69.75,0.8931867866549605,0.8620328484654731,0.9065308035714286,0.9232577685343772,0.9142332161125319,0.9350762711864407,18.795289855072465,13.122703144140466,23.153753026634384,0.9058340163934426,0.8986985294117648,0.9192631578947369
DDoS-ICMP_Flood,65.5,62.25,72.75,1.0,1.0,1.0,1.0,1.0,1.0,0.0,0.0,0.0,1.0,1.0,1.0
DDoS-ICMP_Fragmentation,68.0,64.0,73.0,0.9847798387096774,0.9665857966834895,0.9898314422123016,0.9825715753424658,0.9687468964041095,0.99362529178338,0.0,0.0,1.3073549257759782,0.9760676691729323,0.9652776826484019,0.9867201286764706
DDoS-PSHACK_Flood,69.0,65.0,72.0,0.9999833791208792,0.99333401799687,1.0,1.0,0.9912928391053392,1.0,0.0,0.0,0.0,1.0,0.9897789983988614,1.0
DDoS-RSTFINFlood,64.5,63.0,70.25,1.0,0.9946875000000001,1.0,1.0,0.9969027777777778,1.0,0.0,0.0,0.0,1.0,0.9960183823529413,1.0
DDoS-SYN_Flood,64.5,61.25,67.75,0.9912762923351159,0.9826801705756929,0.99924143735363,0.9960670544337138,0.9890818452380952,0.9996922799422799,0.0,0.0,1.2954840805717998,0.989615515771526,0.9833990842490842,0.9992878464818763
DDoS-SlowLoris,66.5,61.5,72.0,0.7707099094567404,0.7327586006030703,0.810677337398374,0.8038175267770205,0.770340033255086,0.8391736111111111,15.897843761046305,11.619947848761408,20.078798691644366,0.7957704606014465,0.7498957258658807,0.8286636498178507
DDoS-SynonymousIP_Flood,68.5,63.0,69.75,1.0,0.9999868421052631,1.0,1.0,0.9998695652173913,1.0,0.0,0.0,0.0,1.0,0.9997513510194056,1.0
DDoS-TCP_Flood,66.0,63.0,72.75,1.0,0.9996788892551087,1.0,1.0,1.0,1.0,0.0,0.0,0.0,1.0,0.9989307692307692,1.0
DDoS-UDP_Flood,61.0,57.0,68.5,0.9934572368421053,0.9906481079404466,0.9950663728632478,0.998309500165508,0.9974836309523809,0.9989118055555556,4.805491990846681,1.481264637002342,7.9964390448261415,0.9970934782608696,0.995422641509434,0.9980026785714285
DDoS-UDP_Fragmentation,67.0,59.0,71.0,0.9930125166149757,0.9858106834249803,0.9990737484737484,0.9928331455399061,0.9855495718050066,0.9980927140255009,0.0,0.0,0.0,0.9880561319775887,0.9799705128205128,0.9943160925009517
Mirai-greeth_flood,64.0,61.0,69.75,0.9897050960735171,0.9796941387559808,0.9950923650282031,0.9841346283404446,0.9739409353905496,0.9935978701825559,0.0,0.0,1.6963292547274749,0.9833909899888765,0.9763227956254272,0.9901370415377817
Mirai-greip_flood,72.5,64.0,78.0,0.9810226045883941,0.9658586309523809,0.9864613095238095,0.9838878621378622,0.9748435592185591,0.9945296875,0.0,0.0,1.286525974025974,0.98071875,0.9679901785714286,0.9903671232876713
Mirai-udpplain,68.0,61.0,73.0,0.9968880718954248,0.9914116541353384,0.9991303721754542,0.9984308451228593,0.9877113352027609,1.0,0.0,0.0,0.0,0.997424408014572,0.9907683760683761,0.9996267123287671
