dataset,model,engine,n,max_abs_diff,max_rel_diff,decision_agreement,threshold,tp,fp,fn,tn,accuracy,precision,recall,f1,fpr,auc,ap
edge_iiotset,SNN_AE,keras,33747,0.0,0.0,1.0,0.15464172035455764,16994,151,6,16596,0.9953477346134472,0.9911927675707203,0.9996470588235294,0.9954019622199444,0.009016540275870306,0.9997396794509289,0.9996792917101724
edge_iiotset,Dense_AE,keras,33747,0.0001220703125,1.6571506048599707e-05,1.0,0.04388170536607505,17000,140,0,16607,0.9958514830947937,0.9918319719953326,1.0,0.9958992384299942,0.008359706216038694,0.9998388157317026,0.9998069620370575
edge_iiotset,LSTM_AE,keras,33747,2.86102294921875e-06,6.0858183196420076e-05,1.0,0.0027024818863720193,17000,133,0,16614,0.9960589089400539,0.9922372030584252,1.0,0.9961034775730232,0.007941720905236758,0.99996383197693,0.9999601428360516
edge_iiotset,CNN_AE,keras,33747,7.62939453125e-06,4.864356028105651e-05,1.0,0.008605818776413816,17000,142,0,16605,0.9957922185675764,0.9917162524792906,1.0,0.9958408997715423,0.008479130590553533,0.9999405863736788,0.9999328604898351
edge_iiotset,IF,baseline,33747,2.9800320322515006e-08,5.930788574073588e-08,1.0,0.5943847060203555,13185,135,3815,16612,0.8829525587459626,0.9898648648648649,0.7755882352941177,0.8697229551451188,0.008061145279751597,0.9898695358958057,0.9731157355729572
edge_iiotset,OCSVM,baseline,33747,2.98013614896675e-08,5.921601276187095e-08,1.0,-0.5028047317266463,17000,149,0,16598,0.995584792722316,0.9913114467315879,1.0,0.995636768280184,0.008897115901355467,0.9998844288178039,0.9997942983857246
edge_iiotset,LOF,baseline,33747,0.0,0.0,1.0,1.9828312230110177,12887,154,4113,16593,0.873559131182031,0.988191089640365,0.7580588235294118,0.8579607869245364,0.009195676837642563,0.9749665576626543,0.9738692983002013
ciciot2023,SNN_AE,keras,127864,0.0,0.0,1.0,0.0037765147909521925,48182,928,15568,63186,0.8709879246699619,0.9811036448788434,0.7557960784313725,0.8538366117313486,0.014474217799544562,0.9163514872711415,0.9402949616753099
ciciot2023,Dense_AE,keras,127864,1.0,2.4352686998788295e-05,1.0,0.0005506525211967524,47238,769,16512,63345,0.8648485891259463,0.9839815026975233,0.7409882352941176,0.845369864974901,0.011994260223976042,0.8837656720535173,0.9171892467101488
ciciot2023,LSTM_AE,keras,127864,5.960464477539062e-07,0.00018957896641734484,1.0,0.0002370849490398541,46312,4007,17438,60107,0.8322827379090283,0.9203680518293289,0.7264627450980392,0.8119997545345361,0.06249805034781795,0.8822590056804454,0.9147137579925173
ciciot2023,CNN_AE,keras,127864,0.125,0.0001525349174892516,1.0,0.00024304588587256148,47314,523,16436,63591,0.8673668898204342,0.9890670401572005,0.7421803921568627,0.8480199306370814,0.00815734472970022,0.9058594146333705,0.9372335423629983
ciciot2023,IF,baseline,127864,2.980222491011375e-08,5.9409255549254536e-08,1.0,0.5999135375022888,4735,1004,59015,63110,0.530602828004755,0.8250566300749259,0.07427450980392157,0.1362805623911698,0.0156596063262314,0.7824788053387746,0.7614190625114801
ciciot2023,OCSVM,baseline,127864,3.813524656948175e-06,5.9406686895008215e-08,1.0,-48.273449707031254,29754,851,33996,63263,0.7274682475129826,0.972194085933671,0.4667294117647059,0.63068199883419,0.013273232055401317,0.8034878089090083,0.8446511766814254
ciciot2023,LOF,baseline,127864,0.0,0.0,1.0,33.071039123535144,10568,5291,53182,58823,0.542693799662141,0.6663724068352355,0.16577254901960783,0.2654976196158726,0.08252487756184297,0.7383326202652505,0.7038538638068846
